dataset,split,model,model_family,representation,classifier,auroc_mean,auroc_std,auroc_count,auprc_mean,auprc_std,auprc_count,mcc_mean,mcc_std,mcc_count,f1_mean,f1_std,f1_count,balanced_accuracy_mean,balanced_accuracy_std,balanced_accuracy_count,brier_mean,brier_std,brier_count,log_loss_mean,log_loss_std,log_loss_count,ece_10_mean,ece_10_std,ece_10_count,total_s_mean,total_s_std,total_s_count
B3DB_Classification,lowdata_100,chemberta_lr,foundation,chemberta,lr,0.7673889425398358,0.014950208739048869,5,0.8308810126706814,0.013099023476190286,5,0.41361259245061277,0.034983937248142874,5,0.7967259340953866,0.015993481397855575,5,0.7035300406980755,0.020718587797347972,5,0.22438899197491172,0.013447473067527329,5,1.1294306379013315,0.08296933699930252,5,0.19336226597780234,0.01573645313103622,5,0.02650208001723508,0.0050317069124276624,5
B3DB_Classification,lowdata_100,chemberta_rf,foundation,chemberta,rf,0.7845640477340139,0.024250455533557404,5,0.8476142161883681,0.01878249893724916,5,0.4363979659895717,0.05403997988069734,5,0.8306393944693481,0.013116526595911213,5,0.6813432664229381,0.03125231818559443,5,0.17277796419165312,0.009332646642814291,5,0.5232893180293888,0.021520473034277884,5,0.0431852714748784,0.012252261157865723,5,0.19818396000191568,0.006619971427504509,5
B3DB_Classification,lowdata_100,chemberta_xgb,foundation,chemberta,xgb,0.7811380515508957,0.015773083957241606,5,0.8464379715566853,0.010214907353487792,5,0.43283571557998446,0.05161443861860301,5,0.821125715709703,0.012680139502023964,5,0.6976075509875607,0.032683367628596506,5,0.18631004989147182,0.01089819408570427,5,0.603814021802924,0.0288331832418718,5,0.11485409020254542,0.011244274669628128,5,0.2414579600095748,0.041094842668516006,5
B3DB_Classification,lowdata_100,molformer_lr,foundation,molformer,lr,0.7257691246464786,0.031113842450492524,5,0.8026796801253274,0.029424905915385626,5,0.33947010474456435,0.051923988079305,5,0.7764948596441703,0.013656841258493852,5,0.6659676714722587,0.027558655692269247,5,0.24252180669152504,0.01799770017905556,5,1.0938071945311525,0.10417600082027363,5,0.2072506827187724,0.017959745959929233,5,0.01738755999831476,0.0006789253963955408,5
B3DB_Classification,lowdata_100,molformer_rf,foundation,molformer,rf,0.7549904003127084,0.014202682844198306,5,0.831402027777097,0.011733529379688563,5,0.3303085378856403,0.05387018195828316,5,0.8115345251625612,0.012249139521716659,5,0.6157227932215861,0.01756194711364921,5,0.19039191890574347,0.0028569409497247664,5,0.5636378072712204,0.005781236270752501,5,0.061469307131280314,0.013618078401435585,5,0.23537652000086381,0.03615933958432558,5
B3DB_Classification,lowdata_100,molformer_xgb,foundation,molformer,xgb,0.7304157756777264,0.01935420592088989,5,0.8143866502811425,0.01358254737406873,5,0.33543650701532496,0.0557572344722467,5,0.7947281422914921,0.01652119079815665,5,0.6508639718562461,0.02607493874436516,5,0.2062930047512054,0.011973575083025524,5,0.6361474511010613,0.03525897850264029,5,0.11349090312696637,0.019051614002950266,5,0.27597778000636025,0.03211080584277149,5
B3DB_Classification,lowdata_100,morgan_lr,classical,morgan,lr,0.7649036582281392,0.027407436553040558,5,0.8328610730012048,0.025567476855438646,5,0.39130692662264727,0.037858850549589464,5,0.8142072289451916,0.009432736801048974,5,0.672032719413212,0.02070100180717973,5,0.19938126877385917,0.014613896918510836,5,0.6800084701010729,0.06574759966012966,5,0.14623649695069646,0.01859293819184642,5,0.017200520006008378,0.0025193778649166315,5
B3DB_Classification,lowdata_100,morgan_rf,classical,morgan,rf,0.7949150398933112,0.013375174776849422,5,0.8579461311162551,0.012416611382280947,5,0.4313855586227602,0.043855315121397884,5,0.8331025269922326,0.009279298512251505,5,0.6575009772136764,0.030840499257849523,5,0.17129262370846837,0.007271967821401864,5,0.5166969489824098,0.017323361053681985,5,0.05379102515397079,0.007382647225596102,5,0.19573145998874675,0.009435759903163015,5
B3DB_Classification,lowdata_100,morgan_xgb,classical,morgan,xgb,0.7572977742521442,0.017801630480668473,5,0.8290550301573385,0.017644215301555258,5,0.36971715116180903,0.03799714538963363,5,0.8003783295045279,0.0172575148964732,5,0.6695839369064864,0.015974154844101956,5,0.19282093942165374,0.009127070674826392,5,0.6001831786722567,0.01953667048370799,5,0.10427845353064406,0.016119151704163212,5,0.07106293998658654,0.005699824064742944,5
B3DB_Classification,lowdata_100,rdkit_lr,classical,rdkit,lr,0.7876307741831644,0.018785132662761817,5,0.8321672443211817,0.016661148063217075,5,0.4533952801968873,0.04352357667633504,5,0.8090928751955031,0.009347061505518853,5,0.7246165873399094,0.02864228508518728,5,0.17745490516210194,0.008209236063666404,5,0.5755447312461384,0.029931240436287924,5,0.092445138925404,0.027153716023722258,5,0.00816725998884066,0.001268791221567819,5
B3DB_Classification,lowdata_100,rdkit_rf,classical,rdkit,rf,0.8105217171368789,0.016554441190482123,5,0.8664661686525011,0.0193519345253483,5,0.46589444051889856,0.03583598140008202,5,0.8328560700279415,0.00797294377273109,5,0.7081764043135361,0.027263939612874738,5,0.16299401859045792,0.005634489595139291,5,0.512440859864841,0.02004608419169798,5,0.04758660755267418,0.008283787282565335,5,0.19673199998214835,0.005877865603134487,5
B3DB_Classification,lowdata_100,rdkit_xgb,classical,rdkit,xgb,0.7925024717757697,0.022962011059727953,5,0.8513824547459592,0.01846853135215425,5,0.45237092326558404,0.04781992923698728,5,0.8218055186044373,0.014524937341229487,5,0.712419236163804,0.03074410303859809,5,0.17855635881423945,0.00932705888107055,5,0.5760871621945571,0.030512564898566276,5,0.10180099068007258,0.017499326131406777,5,0.03750664000399406,0.006856988854071112,5
B3DB_Classification,lowdata_250,chemberta_lr,foundation,chemberta,lr,0.7901266928789864,0.02332414053687421,5,0.849478654423212,0.018453990340966498,5,0.4531302871468387,0.036242170944442376,5,0.8045233540919983,0.016315037196274022,5,0.726877399921823,0.019816170496657022,5,0.20680091155931274,0.015123561878355752,5,0.9546015249403925,0.11226372334743993,5,0.1743898152368477,0.01604839824125952,5,0.0348076000111177,0.0021550568676841782,5
B3DB_Classification,lowdata_250,chemberta_rf,foundation,chemberta,rf,0.8138551654365271,0.013994108434036517,5,0.8693131093823443,0.011291976924628792,5,0.4734848751441313,0.031540751325550676,5,0.8373498321462007,0.009943428134180357,5,0.7064593824009565,0.01650206283416927,5,0.1609560380685271,0.0055241222169409385,5,0.49365091574536557,0.01328127335130575,5,0.04265093194489464,0.012759673111166396,5,0.2284225599840283,0.03221089176153055,5
B3DB_Classification,lowdata_250,chemberta_xgb,foundation,chemberta,xgb,0.8130052769538526,0.01687584432855386,5,0.8680293502507634,0.01692708717860758,5,0.48640209952026314,0.020077838324341284,5,0.834144492589018,0.004969424337919889,5,0.727154468740659,0.017811896491473096,5,0.16937037110328673,0.008631298345797615,5,0.5550076836125376,0.04104215694310661,5,0.09764286850909645,0.013106868913942292,5,1.645726759999525,0.2674949671505299,5
B3DB_Classification,lowdata_250,molformer_lr,foundation,molformer,lr,0.7431695638178013,0.015464357551328568,5,0.8134252881838856,0.018345180560497387,5,0.367440078567281,0.028924570876229364,5,0.7733675919134365,0.01429359003189202,5,0.6845439286289118,0.013529827781787972,5,0.23935224779978892,0.009911850656568319,5,1.1348746079727718,0.036451758015561816,5,0.21435033034605705,0.01138189725372839,5,0.02686578000430012,0.0018285973624049432,5
B3DB_Classification,lowdata_250,molformer_rf,foundation,molformer,rf,0.7774576923961278,0.006527515359885947,5,0.8431873448394633,0.0059709651350828355,5,0.4138701192031567,0.036411509037854534,5,0.8271822713336254,0.009760557129174873,5,0.6630676461796694,0.015716816307610196,5,0.17932513375096856,0.0030014042865629566,5,0.5386302622305394,0.007231984373068483,5,0.06244411390505918,0.009780331281673056,5,0.21972238001180808,0.023198985768796688,5
B3DB_Classification,lowdata_250,molformer_xgb,foundation,molformer,xgb,0.7783722494309168,0.011651788156583583,5,0.8433323005005512,0.015040914302249188,5,0.4380148310666977,0.024756146436011508,5,0.8255116709178273,0.0076318870037979675,5,0.695639902508565,0.014168129175406136,5,0.18107123672962186,0.005100507721428087,5,0.5737360740395778,0.01540937938757365,5,0.09255740370607451,0.008779602082517485,5,1.4941635400173254,0.29848700398936473,5
B3DB_Classification,lowdata_250,morgan_lr,classical,morgan,lr,0.7861592053528316,0.019873216822151114,5,0.8416857292886739,0.015599052379345385,5,0.44432639717767913,0.03883765591455721,5,0.8235383039578897,0.010218439156063519,5,0.7050912832540066,0.02221092104323937,5,0.19477874394978184,0.01026947049722178,5,0.7705514407852503,0.04060057055716046,5,0.15466417303879912,0.010057168222284781,5,0.0217087800148874,0.0013125728307015905,5
B3DB_Classification,lowdata_250,morgan_rf,classical,morgan,rf,0.8327329217539262,0.013648475652737179,5,0.8875503329833798,0.0118561391105633,5,0.485717559526996,0.031054709686081795,5,0.844999220214096,0.006806192910855591,5,0.692649628658803,0.023140383758627547,5,0.15607463587472334,0.004705448065552651,5,0.47740249199235346,0.010843670065124517,5,0.05744005963499545,0.008089730743291603,5,0.20923559999791902,0.010111678556866713,5
B3DB_Classification,lowdata_250,morgan_xgb,classical,morgan,xgb,0.8094528178243774,0.015413828965134688,5,0.8706440910272569,0.010210817847708897,5,0.4723108032503358,0.03649889651603828,5,0.8372015848122528,0.008906456956541034,5,0.7066462026626199,0.02260679713064284,5,0.16291726231575007,0.007095624544476151,5,0.5016736248444662,0.018871932473093767,5,0.05827627502369724,0.012141801214436641,5,0.10459073998499657,0.005334889970055967,5
B3DB_Classification,lowdata_250,rdkit_lr,classical,rdkit,lr,0.8109591639649583,0.005036129735777246,5,0.8607446254408966,0.01129159823389042,5,0.4876663256412656,0.012525523575788523,5,0.8141301282906003,0.010816123485001036,5,0.7458123519808696,0.005970587219021714,5,0.1694289630266916,0.003400365063766349,5,0.5344796745180667,0.016031720983167245,5,0.09972030995476613,0.015399798958288734,5,0.00847243999596682,0.0008767303652349663,5
B3DB_Classification,lowdata_250,rdkit_rf,classical,rdkit,rf,0.8369748913568325,0.010451975822093944,5,0.8891290277485071,0.010082904216114063,5,0.5039925357093729,0.021037108233721003,5,0.8408180574794155,0.008277235186526153,5,0.7338363109608885,0.008136337720465124,5,0.15125802697218965,0.004285630417371328,5,0.4803445651211452,0.014052281270602878,5,0.03272994499004254,0.010257741749694823,5,0.20494053999427703,0.0059993151797442775,5
B3DB_Classification,lowdata_250,rdkit_xgb,classical,rdkit,xgb,0.8240147386815663,0.01100250324876195,5,0.8783613419755071,0.010128416983609915,5,0.4986173725424291,0.01697763057916744,5,0.838656477115212,0.003030065390789862,5,0.7330183256305902,0.012104027246498391,5,0.16081782579421994,0.0024110861783716467,5,0.5114321239463003,0.01840299498220458,5,0.07206266471328182,0.015435119078509077,5,0.04130850001238282,0.0028871474162910455,5
B3DB_Classification,lowdata_50,chemberta_lr,foundation,chemberta,lr,0.7316904646938447,0.00576374448062063,5,0.8055609314291938,0.008914007764047433,5,0.35121738461087865,0.034035707985056916,5,0.7713150571482648,0.023098888328829875,5,0.6737497413257916,0.019262863215074116,5,0.2439157922891882,0.008442806440131838,5,1.1544737371698126,0.08716434082203102,5,0.21018936046905531,0.007254452350415484,5,0.01682429999345908,0.0007066042270321086,5
B3DB_Classification,lowdata_50,chemberta_rf,foundation,chemberta,rf,0.7679152008461521,0.03041020154813699,5,0.8370099468600124,0.016348479963721085,5,0.4033487878948699,0.08710886308762295,5,0.8199426868216714,0.017959644412022132,5,0.6752954634292152,0.05243767997794971,5,0.18192872676509317,0.0075518273357497315,5,0.5454009246261556,0.016745348573315107,5,0.06842078604538085,0.03458339193928351,5,0.1962853000266477,0.003760024281367277,5
B3DB_Classification,lowdata_50,chemberta_xgb,foundation,chemberta,xgb,0.7421233703524868,0.028352133895020403,5,0.8141740536055492,0.021367766298320677,5,0.37168908065750716,0.029984911082392,5,0.7965110936539063,0.004806706907262832,5,0.6749281460532064,0.02280174764437656,5,0.20106845796108241,0.013112569066999836,5,0.6365692058693118,0.060239782072599585,5,0.11876424621168757,0.02578336572353742,5,0.1083570800023153,0.0388026447196523,5
B3DB_Classification,lowdata_50,molformer_lr,foundation,molformer,lr,0.6951610678071325,0.02547813531952432,5,0.7868865208113639,0.01798197772068649,5,0.27914874081047575,0.03963285440569149,5,0.7533951101601779,0.004339779638824429,5,0.6373577291853487,0.02347987871378933,5,0.2549022586144477,0.012063965501512276,5,1.000253706461073,0.10828254838221374,5,0.20846104391315512,0.017620904261293018,5,0.01976025998592372,0.009561099406029203,5
B3DB_Classification,lowdata_50,molformer_rf,foundation,molformer,rf,0.7155971925225908,0.016703150500413884,5,0.8046583226540495,0.011173033272843193,5,0.2479066040401202,0.041639403121296804,5,0.7968654178816144,0.0035035656348434982,5,0.5830430433882873,0.024804997110017057,5,0.20151624385889383,0.0036535541684741147,5,0.5895250995925301,0.00820446021695826,5,0.05375557131280384,0.016367617950777725,5,0.21342752001946788,0.02660018240415694,5
B3DB_Classification,lowdata_50,molformer_xgb,foundation,molformer,xgb,0.673490204869973,0.010352700316311018,5,0.7736749873688671,0.007095552906749534,5,0.23749861573059539,0.03421139238521922,5,0.7660188061744693,0.017010603803801403,5,0.6058230438481524,0.01841194499217957,5,0.2232517659664154,0.0027179950577347297,5,0.6642972725274245,0.010903316695712319,5,0.11566259128915526,0.010947556478245935,5,0.12179119996726509,0.0477148236541863,5
B3DB_Classification,lowdata_50,morgan_lr,classical,morgan,lr,0.7250270170839943,0.04039182691726784,5,0.8042826008404006,0.03662812390715383,5,0.33784080402513733,0.055724823644257744,5,0.8066408761856414,0.016338425139989964,5,0.63402025706468,0.027158575548100854,5,0.20952898643597076,0.01565612873594533,5,0.6702274432576545,0.06117157682881545,5,0.1394505850669606,0.022334767776242014,5,0.01546302000060672,0.0021182349439419776,5
B3DB_Classification,lowdata_50,morgan_rf,classical,morgan,rf,0.7524134303649032,0.02197723244044887,5,0.8280546093583319,0.019064031357771054,5,0.33890957865116467,0.06373335494184564,5,0.8160185602648674,0.010469949512538258,5,0.6038404497482238,0.030469724690132552,5,0.18856755137636746,0.005539480109968962,5,0.5586015744936864,0.012292917971031403,5,0.06304446920583462,0.020367109279456196,5,0.21278127997647966,0.041286401180287154,5
B3DB_Classification,lowdata_50,morgan_xgb,classical,morgan,xgb,0.6990190499183739,0.030892656497120703,5,0.7826871421223446,0.01646475313591464,5,0.3085422665293892,0.06814048889191561,5,0.7819372841403509,0.019113964031369446,5,0.6416689659929641,0.03788961386660214,5,0.2142516821622848,0.016606903665591213,5,0.6533738388834749,0.05203344023260994,5,0.12466506264632868,0.032210020942122206,5,0.05638671999331559,0.009500664231341417,5
B3DB_Classification,lowdata_50,rdkit_lr,classical,rdkit,lr,0.7845824423443931,0.0264811838216058,5,0.8250120860987462,0.01479737906410432,5,0.4581281590683376,0.06571061413578433,5,0.8085481464250247,0.025992889434968292,5,0.7263663746522269,0.0340302164460027,5,0.17988851094356412,0.011437929077050813,5,0.5926273640084213,0.05192654171909495,5,0.10654377838740633,0.043998129851689466,5,0.006986960012,0.0006539112793157123,5
B3DB_Classification,lowdata_50,rdkit_rf,classical,rdkit,rf,0.7908837460624036,0.02293698992030934,5,0.8456466990025113,0.015526343505816912,5,0.4797308978654966,0.0265091784017588,5,0.833615151738155,0.011851528858414598,5,0.7185308454622795,0.02149142626292266,5,0.16832853091293562,0.008491140514197052,5,0.5255675354645228,0.01332950514783395,5,0.06414353645056722,0.007587061860532476,5,0.19376726000336925,0.0036995560665595215,5
B3DB_Classification,lowdata_50,rdkit_xgb,classical,rdkit,xgb,0.7673464050033341,0.03885406673509124,5,0.8180308751907035,0.030228598968776464,5,0.4379289931325599,0.04049918084923963,5,0.8127061379961334,0.014352129601713816,5,0.7088989676024925,0.028589667999630083,5,0.1851867854595184,0.008295515497301929,5,0.593916569287015,0.022982600953521354,5,0.10351563490250984,0.025504494914470946,5,0.029841520008631002,0.003753995379460061,5
B3DB_Classification,lowdata_500,chemberta_lr,foundation,chemberta,lr,0.8133171230829367,0.018501001371366444,5,0.8663246139081707,0.015164813454855345,5,0.4933081411564341,0.02739577748211217,5,0.8210993228911253,0.014188598588407025,5,0.7457031339817434,0.010568314646039424,5,0.18758086144874048,0.013112164627808651,5,0.8277989110957791,0.08943926802187574,5,0.15024191202692583,0.014663279866005808,5,0.05805357999633994,0.0038886420024972102,5
B3DB_Classification,lowdata_500,chemberta_rf,foundation,chemberta,rf,0.8405075187969924,0.014928086554391956,5,0.8897284560500699,0.011024193622439584,5,0.5256367674625955,0.025998426641182078,5,0.8515359953532414,0.007217353543044163,5,0.7338639028764572,0.014430715257681491,5,0.15038928954682432,0.005506087698588876,5,0.4668741335360778,0.013119995245681101,5,0.04874772082658018,0.013286788065374418,5,0.24326899996958667,0.02563038996550051,5
B3DB_Classification,lowdata_500,chemberta_xgb,foundation,chemberta,xgb,0.8458844933434504,0.015199721554364687,5,0.8950639066061005,0.009727044367638202,5,0.5319131194589483,0.03901686422400473,5,0.8485483337605917,0.012528876511116532,5,0.7488934492193786,0.01867475479001134,5,0.15106475353240964,0.009493666921692337,5,0.4844321261488709,0.030299830136750562,5,0.07485783225713322,0.015311494279059366,5,2.1872222800157033,0.19494449119572865,5
B3DB_Classification,lowdata_500,molformer_lr,foundation,molformer,lr,0.7393443471062978,0.012632275157363093,5,0.8139357768631539,0.010710852040863805,5,0.3632986069278442,0.02233994537293464,5,0.7734655406510459,0.007347008916425813,5,0.6821273366903498,0.012371851436276263,5,0.24348975510830134,0.01068247705463657,5,1.2256812631305525,0.087683006833194,5,0.2175752436990619,0.013663170302413841,5,0.04673261999851088,0.004151359447040716,5
B3DB_Classification,lowdata_500,molformer_rf,foundation,molformer,rf,0.8138215377894277,0.01599551177600142,5,0.8748983135346835,0.014088450964656187,5,0.4615007482755826,0.02436888935210699,5,0.838781719216712,0.005666379569744241,5,0.6846767147225863,0.014127141366907214,5,0.16725996177525124,0.005079263267676573,5,0.508378242635773,0.01245960289412399,5,0.0688577147893693,0.012162836936048296,5,0.22194244000129398,0.011539449110347542,5
B3DB_Classification,lowdata_500,molformer_xgb,foundation,molformer,xgb,0.808110298682486,0.01576050754130956,5,0.8690054165958869,0.012940116728960104,5,0.48251009234943404,0.0376825003291291,5,0.8383402324012803,0.010628536493965722,5,0.7163551079533697,0.018894723795157223,5,0.1683044165372848,0.008783902647546157,5,0.5294342373552828,0.025875841573567513,5,0.07997312363134498,0.011971202816659277,5,2.2989161200239323,0.5480920785134057,5
B3DB_Classification,lowdata_500,morgan_lr,classical,morgan,lr,0.8172673656618612,0.025521999651868185,5,0.8687250707439051,0.02291776081955461,5,0.48939310709449746,0.03156510963729285,5,0.8270591569592856,0.011687782273827286,5,0.7389471384884229,0.014860875258340601,5,0.18861421718816854,0.015146229636843367,5,0.8241542144952675,0.0962720928180162,5,0.1583758135427243,0.017264686126289758,5,0.0399347399943508,0.0090156019836458,5
B3DB_Classification,lowdata_500,morgan_rf,classical,morgan,rf,0.8714371939021867,0.015778246002728036,5,0.9190467257062082,0.010858456609762706,5,0.5266531354697936,0.02193764035433412,5,0.8535119322744388,0.005310535194719317,5,0.7267463383228714,0.014459390593825835,5,0.14077252908495796,0.006125316267957476,5,0.4371086254080132,0.015502844265416605,5,0.06365615028924386,0.009041293136609849,5,0.21917538000270725,0.02292504853158291,5
B3DB_Classification,lowdata_500,morgan_xgb,classical,morgan,xgb,0.8488043503253546,0.017954892566063547,5,0.9035840322272449,0.01477136688307743,5,0.511128661343571,0.03640249025210123,5,0.8468358015746604,0.008315935396349332,5,0.728811133337932,0.024023751290472725,5,0.14696285128593442,0.007524653536717901,5,0.45110848794440794,0.019329129685694318,5,0.037854515528079904,0.011249225048351677,5,0.1439657799899578,0.006231469612957132,5
B3DB_Classification,lowdata_500,rdkit_lr,classical,rdkit,lr,0.8126491687935434,0.005756963543500294,5,0.8554630160189539,0.012525726983069668,5,0.5104834085363983,0.02107852182879018,5,0.825507900001781,0.007615812814520365,5,0.7560857418776299,0.011352425261685966,5,0.16684234861834363,0.004549891189485123,5,0.5233950769109308,0.01468575990773595,5,0.09365733893239075,0.016069768824995386,5,0.00954840000485998,0.0011693513863938413,5
B3DB_Classification,lowdata_500,rdkit_rf,classical,rdkit,rf,0.8536746108390242,0.014580598513762115,5,0.8990117262160963,0.008164672853545529,5,0.5376588023680058,0.03302676865954646,5,0.8502727216357189,0.010125187465625947,5,0.7511680577590766,0.018604598581441607,5,0.1426972288967928,0.008178615165501677,5,0.4572192657811224,0.02668373106777609,5,0.0338443424100972,0.009069869970986489,5,0.20837484000949186,0.004410703454916011,5
B3DB_Classification,lowdata_500,rdkit_xgb,classical,rdkit,xgb,0.845371168747557,0.014293179098760675,5,0.888231738327826,0.010881871799924309,5,0.5355824926465258,0.03189500717752952,5,0.8481232581873736,0.01067984004763141,5,0.7531828424271688,0.016951416251794374,5,0.14688917696475978,0.008714295835030736,5,0.4673720557470478,0.025879971241326866,5,0.04869501923589784,0.01210491245840799,5,0.05404607999371358,0.009648786774005673,5
B3DB_Classification,random,chemberta_lr,foundation,chemberta,lr,0.876780253385758,0.0048742839025239584,5,0.920081757158697,0.0038222512704593806,5,0.5983441882247085,0.01640334674365589,5,0.8497072488831208,0.00881680095350596,5,0.8051091030328112,0.00727394052395876,5,0.14217331653637957,0.005510816109035686,5,0.48783814111432633,0.023214251889835495,5,0.08751583687797479,0.012279836544258486,5,0.9790521200164222,0.07823387755542173,5
B3DB_Classification,random,chemberta_rf,foundation,chemberta,rf,0.9066303947943253,0.009108772300689428,5,0.9401508898901595,0.007315268602551716,5,0.600455926736793,0.025757563978899545,5,0.8720669106630006,0.007605099092227149,5,0.7739681773240441,0.013475949385428917,5,0.12001179541658229,0.005245740604199924,5,0.3878462456917318,0.019223988020231144,5,0.06195553141004856,0.00954198534735198,5,1.1425421199994161,0.03175031348055992,5
B3DB_Classification,random,chemberta_xgb,foundation,chemberta,xgb,0.8987181255892024,0.005067587163923957,5,0.9360597643523267,0.0040746363659302015,5,0.6153632761921543,0.029763499344588294,5,0.8738297927727527,0.008383154969554267,5,0.791466050447219,0.018381302637920625,5,0.11980519443750377,0.0038556343727108398,5,0.3804953510266519,0.01010085799377551,5,0.0318573432052251,0.005457543009660752,5,5.134832220012322,0.49062347781434024,5
B3DB_Classification,random,molformer_lr,foundation,molformer,lr,0.843966567795636,0.008893716939548975,5,0.8925043151362896,0.009263349347132754,5,0.53484104902941,0.026586224699994516,5,0.8245366107353818,0.012156191404890083,5,0.7734134648547976,0.012984234346613532,5,0.16152950087363038,0.007723870853255415,5,0.5370309572510655,0.019681337106780793,5,0.10339986922879026,0.011440234989920956,5,0.8338714799843728,0.16290900979595915,5
B3DB_Classification,random,molformer_rf,foundation,molformer,rf,0.9105472971419374,0.010266077290899627,5,0.949094026415208,0.006416871167017805,5,0.6114250647132036,0.026415987274591185,5,0.8756238825516555,0.007798122900569485,5,0.7772475914557034,0.012800033669338752,5,0.11809901082084888,0.005296685915764604,5,0.3746416712844045,0.01675749664110863,5,0.05076002765923841,0.012854154959705013,5,1.0480905199889095,0.01264224134422932,5
B3DB_Classification,random,molformer_xgb,foundation,molformer,xgb,0.8845465153709963,0.0150786334426321,5,0.9241062890074071,0.013486258299232714,5,0.5911356329962149,0.02247258923918336,5,0.8680730814902713,0.0067727751621454325,5,0.7743113517739302,0.011450494470747339,5,0.12819856554269787,0.006580594427036285,5,0.406827385022612,0.017784782095153814,5,0.04156213494280356,0.011807324908705483,5,4.46611746000126,0.14337618135183403,5
B3DB_Classification,random,morgan_lr,classical,morgan,lr,0.858529063484399,0.00294624745500829,5,0.8971421419844182,0.008290790452390734,5,0.6184978255586293,0.012282245286851208,5,0.8630122254022041,0.0048288205785379686,5,0.8112017428893334,0.006993218112867148,5,0.15569278350534269,0.0038635319549251332,5,1.0276126970706392,0.058536470016962015,5,0.13516400787496158,0.0067383966993128,5,0.43475868001114576,0.028946439266623436,5
B3DB_Classification,random,morgan_rf,classical,morgan,rf,0.9417258743188246,0.005055442060152502,5,0.9673879330289991,0.0037583978299977555,5,0.6863213036831665,0.017222043325973744,5,0.8956585203305641,0.005242681846652129,5,0.8284892276562967,0.010025456856782902,5,0.09536492123965253,0.004080443023213802,5,0.32170499005746045,0.019119137554559414,5,0.04693942127030312,0.012538503406809539,5,0.46526754000224174,0.0613507847287524,5
B3DB_Classification,random,morgan_xgb,classical,morgan,xgb,0.9058885746476282,0.00720545796631065,5,0.9437390884288988,0.005131923305867984,5,0.6010875148790176,0.023788093704791874,5,0.8735212239922715,0.006726530698374201,5,0.7664959416890851,0.012008286037421807,5,0.12149457335472105,0.0036374818482275326,5,0.38635750942902625,0.009265131977818112,5,0.0672979319930028,0.004723842203125011,5,0.4351863000076264,0.06712411668518602,5
B3DB_Classification,random,rdkit_lr,classical,rdkit,lr,0.8215159458278725,0.006102925738209689,5,0.8702900312930233,0.007100691387794966,5,0.5151712361525584,0.014640349955588093,5,0.8238771490210158,0.0061993034086351186,5,0.7603728357591226,0.007760634745950161,5,0.16591117091046942,0.0026745622071213692,5,0.516254993027101,0.008935341427531399,5,0.10095943664945554,0.012227286637297214,5,0.02332640000386162,0.0013546698031461338,5
B3DB_Classification,random,rdkit_rf,classical,rdkit,rf,0.9346476857280817,0.0048472278831790715,5,0.9634671280202873,0.0037179803154442502,5,0.6772183470574744,0.01525220609214943,5,0.892312903689518,0.005020229020799617,5,0.8253563955760962,0.007606871783467808,5,0.09946560420624312,0.004023015812144034,5,0.3351345789786112,0.02126177579926777,5,0.034546414593519766,0.005562103216609529,5,0.3242593000060878,0.022049689929930758,5
B3DB_Classification,random,rdkit_xgb,classical,rdkit,xgb,0.8936343151456624,0.00842917540573097,5,0.9305111302473638,0.007031456005535281,5,0.608070303093252,0.017711442109858457,5,0.8721678998672925,0.005320568538432868,5,0.7858597181025959,0.010195269301992832,5,0.1223004892468452,0.004262952477111442,5,0.38961230188978985,0.011617140039826106,5,0.03128948733874712,0.004745736065450202,5,0.06498793999198818,0.0031654418307396665,5
B3DB_Classification,scaffold,chemberta_lr,foundation,chemberta,lr,0.8363317037188563,0.029244416194206226,5,0.8888752893944283,0.018714583781908507,5,0.5186619940375221,0.06072149385406452,5,0.8193580150445199,0.023301728807518546,5,0.764699081617362,0.031314992689648664,5,0.16908052857173111,0.019285037743957418,5,0.5895766710157291,0.06676547685436456,5,0.11495602877948692,0.015653542032439606,5,0.9823787400033325,0.17173633731151922,5
B3DB_Classification,scaffold,chemberta_rf,foundation,chemberta,rf,0.8653671706948485,0.028071333803497748,5,0.9104944544548056,0.01661739869962626,5,0.5490143423773999,0.07425017465510435,5,0.8586044797726157,0.0181754708928207,5,0.7464090033689095,0.04594275174562184,5,0.13958516956841263,0.015183611314038623,5,0.4374954392964754,0.03402978568674791,5,0.05180979561826902,0.010153434426125605,5,1.3025704999803565,0.10478954562805587,5
B3DB_Classification,scaffold,chemberta_xgb,foundation,chemberta,xgb,0.863831190334795,0.026052691327420486,5,0.910929928772001,0.01464539794594783,5,0.5578659610346827,0.0682274206498952,5,0.8570401652147186,0.017587056489303813,5,0.7625066145274607,0.040671249396620535,5,0.1374113097786903,0.016260566354214502,5,0.4297044762146302,0.03941523820836828,5,0.0368400133301379,0.008633104967094183,5,4.77993519998854,0.44024954931916144,5
B3DB_Classification,scaffold,molformer_lr,foundation,molformer,lr,0.7862329014035669,0.03785380668133828,5,0.8576255077550428,0.02624410283614196,5,0.4105150259776993,0.08103416615715081,5,0.7728507463789501,0.027950749258213073,5,0.7112389087238818,0.04234901487276334,5,0.2064237707327527,0.022082550683946597,5,0.6999424315382685,0.07312271217498983,5,0.1574301070156095,0.026051159736171437,5,0.8490415799780748,0.059819955374400574,5
B3DB_Classification,scaffold,molformer_rf,foundation,molformer,rf,0.8119927626722612,0.02368805228477698,5,0.8800142882674216,0.019488399218833392,5,0.43781135339195165,0.05183092012840005,5,0.8274270093914611,0.008628567388107813,5,0.6921800745140294,0.036185557823256234,5,0.17036042293902226,0.007013297752608327,5,0.5166625213489431,0.016400702281180242,5,0.07598140269906532,0.01659363590849492,5,1.036308219982311,0.015628775862878096,5
B3DB_Classification,scaffold,molformer_xgb,foundation,molformer,xgb,0.8071750146747233,0.013279896623071387,5,0.8728864261463534,0.009002641586563088,5,0.4460713795773542,0.03961392707963207,5,0.8210849713367496,0.009151705491015828,5,0.7087180621595114,0.02712344144727997,5,0.16756663918495177,0.0042913839770549606,5,0.5074653273081043,0.008259659380237315,5,0.04839461408681302,0.01684380910820803,5,4.912326220027171,0.39105694917601863,5
B3DB_Classification,scaffold,morgan_lr,classical,morgan,lr,0.7573080617551471,0.041168643112452066,5,0.8218096652011339,0.026163286565009217,5,0.38910725461945467,0.07811285339645223,5,0.7757007707251765,0.028865734232058963,5,0.6972469690518609,0.04025794234058629,5,0.25655732446409146,0.031280550575307986,5,2.046102018626063,0.20821692185273927,5,0.24634817362697978,0.02890709791621156,5,0.5604353599832393,0.013989711504226721,5
B3DB_Classification,scaffold,morgan_rf,classical,morgan,rf,0.8917332414131394,0.030471127791920172,5,0.936282920406508,0.016978931628993926,5,0.5703993516111383,0.07358417726475584,5,0.861686935547783,0.020992121799480075,5,0.7663589969862968,0.04056800147983934,5,0.1304517063110194,0.015855073010404685,5,0.4121756034851015,0.03459939494976492,5,0.07530916482757148,0.014698877870651649,5,0.5478176400181838,0.10288038953650537,5
B3DB_Classification,scaffold,morgan_xgb,classical,morgan,xgb,0.8575688013929159,0.03257167472759669,5,0.9128498524709784,0.019974051482078575,5,0.5066719164894412,0.06992567405730236,5,0.8480314639862614,0.01769311472621437,5,0.7217388932628946,0.03932968570795664,5,0.14278385937213894,0.015337765467712079,5,0.43949878490167393,0.03746668458893129,5,0.04939487830515733,0.02015055515811594,5,0.40914594000205395,0.04367765056067615,5
B3DB_Classification,scaffold,rdkit_lr,classical,rdkit,lr,0.8036557187020066,0.019427847533532928,5,0.8551390709772827,0.013614902281810413,5,0.4720500070851079,0.04007866570318932,5,0.8044629819229085,0.02622516960895653,5,0.7385967251250556,0.019437971825294005,5,0.17477896394648426,0.008351508925949765,5,0.5413942340943357,0.026404055416800257,5,0.10474649608554949,0.03135354475242257,5,0.02302409999538208,0.0012584579588028918,5
B3DB_Classification,scaffold,rdkit_rf,classical,rdkit,rf,0.8564047119538802,0.025032909540109654,5,0.9116091177853912,0.011819328214054785,5,0.5204363682269022,0.0819158648321633,5,0.8407468266573881,0.02079426328487871,5,0.7516209853961066,0.047166352167195405,5,0.14433813133587542,0.012113685374916002,5,0.44599344524386286,0.024302809655000594,5,0.04108031538598532,0.01854844440077944,5,0.3039674800122157,0.007375296592270665,5
B3DB_Classification,scaffold,rdkit_xgb,classical,rdkit,xgb,0.8566266299778762,0.02310036527306346,5,0.9063529694205574,0.013202087592996205,5,0.5249426802499996,0.07260362520317366,5,0.8449945770125519,0.017413628240845466,5,0.749512205854719,0.0449332045342602,5,0.14347620606422423,0.013747817250411114,5,0.4466796298568639,0.03276464088633984,5,0.0425078930839083,0.017585744509795945,5,0.0623237599851563,0.0026091309652612766,5
BBB_Martins,lowdata_100,chemberta_lr,foundation,chemberta,lr,0.8211827956989246,0.011316342265332808,5,0.9228849975497436,0.00611988754767079,5,0.46842146363240006,0.06556484759621838,5,0.8763219900190755,0.014923077256523037,5,0.730989247311828,0.03674727446490303,5,0.15891188250192306,0.021482930860853972,5,0.7576378023116378,0.10084411674611948,5,0.14345906691422433,0.022588256924199145,5,0.01936870000790798,0.001072512924304215,5
BBB_Martins,lowdata_100,chemberta_rf,foundation,chemberta,rf,0.8200286738351255,0.010155896743567186,5,0.9188681363037677,0.006674052453847683,5,0.4987363938919736,0.0684859384370525,5,0.9019670504958448,0.009901496846279305,5,0.6862580645161291,0.03703408681933169,5,0.12828859896588743,0.005130555010434873,5,0.4202186941681238,0.01919174756009883,5,0.06706027328244271,0.009139621414237619,5,0.20035063998075198,0.010870128814758054,5
BBB_Martins,lowdata_100,chemberta_xgb,foundation,chemberta,xgb,0.8169964157706093,0.015023446174041066,5,0.9210623151180399,0.007726957886739604,5,0.4769672006437891,0.06991482816460029,5,0.8939702442056383,0.011381358286014177,5,0.7010322580645162,0.03853309485071794,5,0.13464038521051402,0.012853809140685502,5,0.4651975281234269,0.046222206097266134,5,0.08682926611135933,0.020298524883819384,5,0.20159698001807555,0.033596608442318834,5
BBB_Martins,lowdata_100,molformer_lr,foundation,molformer,lr,0.7324301075268818,0.01812365245840249,5,0.8737160241259584,0.014332792052581133,5,0.34922005586347477,0.049531361615931586,5,0.8404806767868246,0.02049016175387403,5,0.6768817204301075,0.026655716621042814,5,0.1977721944438368,0.013880350498538713,5,0.9071232722663064,0.06997639796259059,5,0.17906565403392583,0.014729659568754421,5,0.014994360005948639,0.0014115017269645874,5
BBB_Martins,lowdata_100,molformer_rf,foundation,molformer,rf,0.7110358422939067,0.022960358483478743,5,0.8707913793392106,0.009746866386638993,5,0.1938648860509163,0.1257797142694528,5,0.8712043243859748,0.006431804989194976,5,0.5504731182795699,0.040808211814077275,5,0.1600106663982983,0.004425418043161568,5,0.494801873916491,0.00941134214553615,5,0.043801685750636074,0.007585389203551946,5,0.20203202001284803,0.007868600996123762,5
BBB_Martins,lowdata_100,molformer_xgb,foundation,molformer,xgb,0.705605734767025,0.03480726295472476,5,0.8690463533222884,0.011254723651281499,5,0.27863347529653937,0.08859492466370586,5,0.8660420481447089,0.013448685447222648,5,0.6045591397849462,0.041596531329680816,5,0.17041701972484585,0.01445953229265593,5,0.569005705422118,0.048195146122476766,5,0.1060348758867375,0.02189322210682942,5,0.26576912002637976,0.08910349708977379,5
BBB_Martins,lowdata_100,morgan_lr,classical,morgan,lr,0.7852258064516129,0.030110877843046568,5,0.9045948762775348,0.013155648498947698,5,0.4494519908343159,0.0809337160140183,5,0.8905487655203507,0.013474558813552844,5,0.6848279569892474,0.037930124673262226,5,0.14388913931035496,0.016422831878117508,5,0.5611383111741595,0.06479819824130365,5,0.11232566981703698,0.01322121213634599,5,0.012899440003093279,0.0014269624563090985,5
BBB_Martins,lowdata_100,morgan_rf,classical,morgan,rf,0.8260609318996416,0.02924350772927426,5,0.9238504807815074,0.012602371275693214,5,0.4569909886750441,0.04573365270961383,5,0.8971777517881868,0.006095177174093248,5,0.6429784946236559,0.028187136849606994,5,0.12811965748250634,0.007977163485178058,5,0.41135621120184035,0.021000093730141788,5,0.05701335867684476,0.02121487459541081,5,0.21144566000439222,0.021440962869622358,5
BBB_Martins,lowdata_100,morgan_xgb,classical,morgan,xgb,0.7955197132616487,0.016577748702190878,5,0.9115717143880069,0.006653325816520048,5,0.4221904530137409,0.05169800819986219,5,0.8883901181133884,0.005969724110100729,5,0.6633548387096775,0.03176026294336166,5,0.13865662515163418,0.008471533263639051,5,0.4574931531242319,0.019206986010807038,5,0.07141916445875893,0.012880092967176807,5,0.0791478399885818,0.012970626794114483,5
BBB_Martins,lowdata_100,rdkit_lr,classical,rdkit,lr,0.8268243727598567,0.015601783505922185,5,0.9211007738989997,0.011059294456296918,5,0.49041414502236086,0.03898619662881247,5,0.8614069343240132,0.005453867418404639,5,0.7638709677419355,0.026987105257068357,5,0.15255727090373927,0.0035272684579942394,5,0.5200749363985594,0.05484439663828805,5,0.1450587926629825,0.027557993518062547,5,0.0077107999939471,0.0008732477876710964,5
BBB_Martins,lowdata_100,rdkit_rf,classical,rdkit,rf,0.8556738351254479,0.010860249062487354,5,0.9367293831513981,0.008494494978940802,5,0.5268474274398219,0.04931493230433231,5,0.9005411777417534,0.009890325049108386,5,0.7338494623655915,0.022573622819993516,5,0.11477454545642543,0.002889325823433796,5,0.3938871798778735,0.02646463518301493,5,0.04806774407124678,0.00553921829199815,5,0.19953397999051953,0.005688128726221041,5
BBB_Martins,lowdata_100,rdkit_xgb,classical,rdkit,xgb,0.8383548387096773,0.016538458395730888,5,0.9299435328896836,0.008528802644605865,5,0.5176345295725155,0.04534441234362387,5,0.8959419730932435,0.0082555683490511,5,0.7383440860215054,0.02587829940178287,5,0.12443025261163712,0.010064103205535578,5,0.4170305053671529,0.028988525429897955,5,0.0745206660081563,0.013392720424181567,5,0.03643125998787578,0.008863112320700356,5
BBB_Martins,lowdata_250,chemberta_lr,foundation,chemberta,lr,0.829551971326165,0.014902120671181442,5,0.9218067688676028,0.015622552894188348,5,0.5411111282736629,0.04083200763341183,5,0.8913202672525286,0.012427280444252202,5,0.7696559139784946,0.019100804512708885,5,0.13537872218844482,0.010945719703824849,5,0.6685258053160779,0.0875162728221397,5,0.1194938238705047,0.010255034752248147,5,0.037239499995484884,0.008281947032344297,5
BBB_Martins,lowdata_250,chemberta_rf,foundation,chemberta,rf,0.8449928315412187,0.02704879561224817,5,0.9311432903691242,0.016036254865963006,5,0.5452158525166352,0.05380747030684035,5,0.9090332912300653,0.008498789221197534,5,0.7123978494623656,0.03352898701550022,5,0.11820875949228689,0.005855266655021525,5,0.38837206772396105,0.01809899400305822,5,0.05483858142493636,0.01849181978776184,5,0.20831689997576172,0.003431492528084556,5
BBB_Martins,lowdata_250,chemberta_xgb,foundation,chemberta,xgb,0.8390394265232974,0.03262866959077762,5,0.9236085826793051,0.02702930732459579,5,0.5548815650562061,0.031233554947628753,5,0.9083596936606062,0.005151337434340264,5,0.7349139784946237,0.02265019371422548,5,0.1175351351499557,0.009824081192983294,5,0.4249833781545046,0.05555252419115351,5,0.0765933795512177,0.018375161418532387,5,1.290625659993384,0.17579402876773836,5
BBB_Martins,lowdata_250,molformer_lr,foundation,molformer,lr,0.733763440860215,0.03520391398585444,5,0.8832649411210169,0.01962076672660661,5,0.33173192873463836,0.08629373112827449,5,0.8362050046402295,0.021617801818478406,5,0.6695806451612903,0.04569970587567675,5,0.19856588239318848,0.021456239738180376,5,0.9150214793642778,0.095344896757456,5,0.18213990428716295,0.027279872074555653,5,0.0291456000064499,0.001706108940133959,5
BBB_Martins,lowdata_250,molformer_rf,foundation,molformer,rf,0.7565806451612903,0.031418120307886585,5,0.8897372619585923,0.009327432380237673,5,0.3264207343220288,0.04401653035527291,5,0.8816358385317844,0.00506723821754784,5,0.5813548387096774,0.01570681235051722,5,0.14908104817795476,0.005093208935338602,5,0.4673701083384927,0.012280568689938886,5,0.0599909399647953,0.026319951910630916,5,0.20776342001045114,0.00234093436645098,5
BBB_Martins,lowdata_250,molformer_xgb,foundation,molformer,xgb,0.7554982078853045,0.028275848567906808,5,0.891649084507,0.00745118743865877,5,0.3921047121386873,0.049945862267629614,5,0.886311901127069,0.006796082087909486,5,0.6370967741935484,0.025377141412660825,5,0.1483229041099548,0.010669241990793084,5,0.5064487608824046,0.03566526699872599,5,0.08730390628292656,0.013286928946235338,5,1.45200130000012,0.17288964109603627,5
BBB_Martins,lowdata_250,morgan_lr,classical,morgan,lr,0.810695340501792,0.03867217294071849,5,0.9169606812478648,0.019826635609724183,5,0.46926483581080297,0.07405164308935312,5,0.8860294513436084,0.01521130131729166,5,0.7153978494623656,0.03683697401581944,5,0.14663326473853228,0.01899410820841479,5,0.613496395958763,0.09771334963208844,5,0.12358820391672816,0.023848313287721617,5,0.01848844002233812,0.002714953820867063,5
BBB_Martins,lowdata_250,morgan_rf,classical,morgan,rf,0.860089605734767,0.03030658561586119,5,0.9354666283554186,0.015574245276102645,5,0.5550521118060159,0.036011353899183356,5,0.9106803949075362,0.005808781543856778,5,0.7140645161290322,0.019703754631628472,5,0.11448855338009527,0.008596911790666826,5,0.3899149368832741,0.01949890691170759,5,0.0632431840567241,0.01667650439882439,5,0.20328041999600818,0.0058817176182371185,5
BBB_Martins,lowdata_250,morgan_xgb,classical,morgan,xgb,0.8539247311827957,0.022904400186403488,5,0.9409548802177392,0.008955445736329358,5,0.5663506290678418,0.05742486778501224,5,0.9105977619608311,0.010418570574285647,5,0.7394731182795699,0.029476867359516955,5,0.11353118419647215,0.01062773864621316,5,0.37692536362121143,0.029997413887658784,5,0.049074802193174484,0.017306177787811686,5,0.10716394000919531,0.01250899618246809,5
BBB_Martins,lowdata_250,rdkit_lr,classical,rdkit,lr,0.8276272401433692,0.016720240906780634,5,0.9204537573177838,0.010291122280285054,5,0.4761284466568808,0.07553960845981557,5,0.8569742019728805,0.025159081676191013,5,0.7554193548387097,0.039731135507123365,5,0.1561541859507488,0.012131259252325015,5,0.5125232704551523,0.03802210922100518,5,0.1685446808387303,0.023446891975107506,5,0.00836376001825552,0.00034139914426020837,5
BBB_Martins,lowdata_250,rdkit_rf,classical,rdkit,rf,0.8554802867383513,0.020508235039201256,5,0.9343990484909727,0.019469504345793004,5,0.5697845842963044,0.03712698895365015,5,0.9111294915420627,0.006159159258204999,5,0.7423655913978495,0.02389883218222077,5,0.11336798810357766,0.003817534666285559,5,0.4180187153534785,0.0613955040647245,5,0.04998291275931234,0.010260160854178588,5,0.1999187399866059,0.005673814114327689,5
BBB_Martins,lowdata_250,rdkit_xgb,classical,rdkit,xgb,0.8448602150537635,0.01513004121768609,5,0.9318629712461549,0.011031827447199884,5,0.536743718975265,0.0488041468799465,5,0.9032392403610692,0.010567276756307035,5,0.7324731182795698,0.017383849717751403,5,0.11869380176067348,0.007157011468434045,5,0.40889691554791713,0.025638243228982917,5,0.0583217352590791,0.00862914572665316,5,0.04174468000419434,0.0059915179198978645,5
BBB_Martins,lowdata_50,chemberta_lr,foundation,chemberta,lr,0.8001648745519713,0.022093625050665467,5,0.9157743103477131,0.01698003669969758,5,0.44839632563493914,0.0404114181946967,5,0.8608845137119656,0.031017389612848088,5,0.7249247311827958,0.014709563446706838,5,0.16929944097638266,0.02089188648088931,5,0.8205741944284138,0.10171053423281022,5,0.1499571364187416,0.02017045366581795,5,0.0156345800030976,0.0019914121330887034,5
BBB_Martins,lowdata_50,chemberta_rf,foundation,chemberta,rf,0.7967921146953405,0.021601944920708955,5,0.9076619207290028,0.018577192673896813,5,0.4016995795908366,0.040087246643017785,5,0.8829436746514758,0.010403246913234385,5,0.6550537634408602,0.02859871432184547,5,0.13822350732546115,0.0029425734194695437,5,0.44257520808591694,0.01639207200013717,5,0.05494195277353688,0.013452428000689437,5,0.20192308002151543,0.005334559851462054,5
BBB_Martins,lowdata_50,chemberta_xgb,foundation,chemberta,xgb,0.7795340501792115,0.0285392450605575,5,0.9043107132952614,0.017387241315045057,5,0.3836021631365939,0.0855558438887052,5,0.8736399598965251,0.019971141987504867,5,0.6618172043010753,0.03481622631739965,5,0.15025117397308346,0.015319822425724949,5,0.48856963701898576,0.03828892884251729,5,0.0917407105423263,0.018087107852892727,5,0.07311480001080778,0.003211226680444687,5
BBB_Martins,lowdata_50,molformer_lr,foundation,molformer,lr,0.7041863799283155,0.04252897095916734,5,0.8701605997488902,0.010856563406509959,5,0.2689316319714391,0.09668003240617519,5,0.8252772638745405,0.05962253693113902,5,0.6233763440860216,0.048437688605251945,5,0.2097791334201371,0.05456185666622847,5,0.8804575348096266,0.20336502977898807,5,0.18209598390491394,0.05773844469621702,5,0.01274488000199192,0.0009384179700098869,5
BBB_Martins,lowdata_50,molformer_rf,foundation,molformer,rf,0.6810931899641577,0.04574789877036286,5,0.8546452705496849,0.022706324322962098,5,0.09063217133085918,0.06474484265517781,5,0.8662840478896147,0.0032861162404907475,5,0.5127956989247313,0.012417085395216755,5,0.1666766372952449,0.007376665069465268,5,0.5112978337033233,0.018819467026487884,5,0.04573393765903304,0.004070919693478912,5,0.20517398000229145,0.00882951786354453,5
BBB_Martins,lowdata_50,molformer_xgb,foundation,molformer,xgb,0.6626021505376344,0.03731486934949598,5,0.8464433257118266,0.02275972152079166,5,0.1766006331551896,0.05419149702684001,5,0.8530131320792707,0.02125652225679274,5,0.555505376344086,0.017135725224473767,5,0.18101668059825893,0.010634704085831195,5,0.5812092394844177,0.024924301870467923,5,0.11245572025539301,0.01769151727081097,5,0.08975497999927025,0.01381861002148247,5
BBB_Martins,lowdata_50,morgan_lr,classical,morgan,lr,0.7422222222222222,0.02247773028653096,5,0.8822395744913697,0.012584305407194116,5,0.32887403121528164,0.11863585148913604,5,0.8792655650823346,0.013266366492265723,5,0.6106236559139785,0.04901562512640788,5,0.1691028354383833,0.015355344289372044,5,0.631989807211247,0.06331327656817339,5,0.13995536723619834,0.02133109595776828,5,0.01248075998155394,0.0011720057086074967,5
BBB_Martins,lowdata_50,morgan_rf,classical,morgan,rf,0.7657885304659497,0.0346558030484748,5,0.8919438932837769,0.024425584238306756,5,0.23558492234118772,0.11576679142138518,5,0.8741714503738038,0.009606322650690799,5,0.5575161290322581,0.036018163061116056,5,0.14970619259899806,0.007919497194091562,5,0.46985968518785565,0.02531937388593058,5,0.06251192717557248,0.009017029353824594,5,0.1960518599953502,0.005471446521611406,5
BBB_Martins,lowdata_50,morgan_xgb,classical,morgan,xgb,0.7042939068100359,0.03713710644931991,5,0.8759726827804496,0.018585574284789397,5,0.33224356563367874,0.12125359440550766,5,0.8677084546266711,0.025689549434787302,5,0.6341182795698925,0.046266331999657295,5,0.16481626927852627,0.020150337218996183,5,0.5421013563143455,0.05095361007091998,5,0.10847823966777956,0.029992202419314797,5,0.054491079994477276,0.009003152927614987,5
BBB_Martins,lowdata_50,rdkit_lr,classical,rdkit,lr,0.8028673835125447,0.03431669185670327,5,0.9008130726250398,0.02048827501061463,5,0.46876119587387655,0.03894153940023833,5,0.8646272637755992,0.01896462202414873,5,0.7407956989247312,0.03235934816361144,5,0.15232914576022516,0.013063680963329811,5,0.5563704677845603,0.0837676935038747,5,0.13117561310977693,0.04291031883327506,5,0.0065665000118314805,0.0005678678181499034,5
BBB_Martins,lowdata_50,rdkit_rf,classical,rdkit,rf,0.8116308243727598,0.04311941917889075,5,0.915601942056632,0.02391414441737596,5,0.488961854520895,0.05957483099697689,5,0.8962180656123726,0.010039949207113819,5,0.7055913978494625,0.038720540590419045,5,0.12943817073831224,0.012892360976219507,5,0.5214569072506482,0.15007144265211503,5,0.06807807307888039,0.01790257753018886,5,0.1957366000046022,0.005780002481605615,5
BBB_Martins,lowdata_50,rdkit_xgb,classical,rdkit,xgb,0.7998709677419354,0.045592888436217796,5,0.9021957921701302,0.020518168844707304,5,0.4456953446867426,0.09100246486721875,5,0.8797904547506654,0.020108389092321696,5,0.7064301075268817,0.04412541840512881,5,0.13893920779228208,0.0187477214977574,5,0.47173464170623636,0.06749529210150049,5,0.09240425848816788,0.030436910040504993,5,0.02832438000477846,0.007275394384583061,5
BBB_Martins,lowdata_500,chemberta_lr,foundation,chemberta,lr,0.8531003584229391,0.04226618069386781,5,0.9407442313735785,0.025249639872665344,5,0.5259655877841034,0.07745035522580233,5,0.8837586635169595,0.018752017019677547,5,0.7685161290322581,0.04485995538538646,5,0.1398745698635821,0.01844740019847705,5,0.585376618600713,0.11615554142439563,5,0.11892996145566107,0.01714147611194898,5,0.0465427400078624,0.002311407383083761,5
BBB_Martins,lowdata_500,chemberta_rf,foundation,chemberta,rf,0.8673118279569891,0.014482127531244199,5,0.9445663382466829,0.009101266341371518,5,0.5667556092603301,0.053152992101823046,5,0.9119155452833642,0.008060743181041774,5,0.7327204301075269,0.03671221511093083,5,0.11020287278347647,0.00674078846458769,5,0.3619597458040852,0.016453302180062912,5,0.04846135465648852,0.012682058054793685,5,0.22605631998740136,0.030672961220147524,5
BBB_Martins,lowdata_500,chemberta_xgb,foundation,chemberta,xgb,0.8691971326164876,0.019878900080583354,5,0.9488998172401061,0.010050467587090446,5,0.5697240767729972,0.06646852531330753,5,0.9090902362970601,0.012163089464105922,5,0.7547204301075269,0.03637529677246635,5,0.11325739473104472,0.01211048091845876,5,0.39920802868662153,0.04113454098171821,5,0.07458501932502698,0.010480142500928111,5,1.986894759966526,0.10767517717924226,5
BBB_Martins,lowdata_500,molformer_lr,foundation,molformer,lr,0.7408888888888889,0.030876702371659313,5,0.8787043058736165,0.019457840480826258,5,0.3533289207284745,0.07759502554962606,5,0.8367041898264203,0.026058774009005414,5,0.6827096774193548,0.03807437907576246,5,0.19832697689171752,0.02138307697593298,5,0.9879522071864997,0.11888820663344654,5,0.1831705079241405,0.02209378064256133,5,0.04316824000561606,0.0024452481203255405,5
BBB_Martins,lowdata_500,molformer_rf,foundation,molformer,rf,0.7815770609318996,0.017382357793372133,5,0.8981938994399312,0.007332717522586959,5,0.40250159672638375,0.03329500443415217,5,0.8901101223823094,0.003937929161344897,5,0.6198064516129033,0.02036284910741952,5,0.14057909162293253,0.0036084571622090294,5,0.44732256987778457,0.008218721776144834,5,0.061020992315521605,0.014486227202519922,5,0.22295218000654127,0.020434990435768123,5
BBB_Martins,lowdata_500,molformer_xgb,foundation,molformer,xgb,0.7796774193548387,0.02270963965933114,5,0.8990083277775337,0.014565926380347455,5,0.4513749212014823,0.06312266312347371,5,0.8933838353860516,0.007646937997355403,5,0.6746236559139784,0.04093564415829611,5,0.13944185376167292,0.009743712808333542,5,0.4802347901351559,0.029357529826460838,5,0.08315409771889518,0.012504325176808322,5,2.037521300010849,0.14923382393281864,5
BBB_Martins,lowdata_500,morgan_lr,classical,morgan,lr,0.8583082437275985,0.03331968397075278,5,0.9356479446155987,0.014823135609216005,5,0.5784384490780464,0.07420684674067439,5,0.9057997460544366,0.01521723159884012,5,0.7763870967741935,0.03966064933941223,5,0.12119626316147607,0.017704788042590038,5,0.5492934327627853,0.0841195828024402,5,0.09794919887764511,0.013932595799433506,5,0.026860280020628104,0.0037270354940754937,5
BBB_Martins,lowdata_500,morgan_rf,classical,morgan,rf,0.900136200716846,0.021307454670059633,5,0.9561754402504917,0.010312001447573868,5,0.598971579775867,0.05753784861318506,5,0.9183528415315017,0.009609017301898594,5,0.7335268817204301,0.03255247815403992,5,0.09951811714297079,0.008313676023843915,5,0.3464499878058821,0.02116730863791506,5,0.0721135506361323,0.01461500140477005,5,0.21639823999721558,0.020160876676198827,5
BBB_Martins,lowdata_500,morgan_xgb,classical,morgan,xgb,0.8876523297491039,0.01651713959379749,5,0.9557746618195028,0.006934168477298804,5,0.6071260440753603,0.04938468240952098,5,0.9188990229011068,0.00883523560759065,5,0.7515161290322581,0.028390492424798807,5,0.09935697168111798,0.009201248873360275,5,0.3333492716107842,0.024594171097538465,5,0.04423707307295028,0.0072607813627885405,5,0.1544094200013205,0.010588533179245232,5
BBB_Martins,lowdata_500,rdkit_lr,classical,rdkit,lr,0.842810035842294,0.010203865784175035,5,0.9318369293470733,0.004840055842904393,5,0.4852668783526358,0.01803877578458138,5,0.8579372729496255,0.014685176998955699,5,0.7612043010752687,0.0141913895393054,5,0.15287103947100675,0.009483610910639439,5,0.5024158286131162,0.02787566111991154,5,0.16840729015165729,0.022926111063796363,5,0.009913040010724159,0.0010412761951401896,5
BBB_Martins,lowdata_500,rdkit_rf,classical,rdkit,rf,0.8859211469534051,0.015053003906423546,5,0.9528235692288263,0.006016425214198668,5,0.5797919861041758,0.045747358227959514,5,0.9121963424592595,0.008009458796092765,5,0.7529354838709678,0.02713439315594264,5,0.10437900047232869,0.00854707842717634,5,0.3528823891547937,0.018853321402907436,5,0.040116094961832015,0.010790081242492462,5,0.2106260000029579,0.010809021935842836,5
BBB_Martins,lowdata_500,rdkit_xgb,classical,rdkit,xgb,0.8786236559139784,0.014988087449061376,5,0.9519470553878759,0.006662380215314242,5,0.5638507842232524,0.055181575717737595,5,0.9056630087929485,0.010069753512549233,5,0.7594731182795699,0.03501041253698599,5,0.109495635330677,0.011274015864561138,5,0.3601031843874086,0.027821593862769802,5,0.05090735748448137,0.01354225686444459,5,0.052846839989069805,0.01347698887902879,5
BBB_Martins,random,chemberta_lr,foundation,chemberta,lr,0.8792688172043011,0.02294266044899873,5,0.9495579597371764,0.01387294827651367,5,0.5978342768190078,0.04744206400467813,5,0.8969547280921304,0.018122215936209562,5,0.8103010752688172,0.02217364255882445,5,0.12177541891728982,0.014936242375410413,5,0.5075732603494719,0.0755574887695623,5,0.10421354380371428,0.017938369997537056,5,0.14347842000424857,0.014932932435139504,5
BBB_Martins,random,chemberta_rf,foundation,chemberta,rf,0.89868458781362,0.016245381819681323,5,0.9572204242017014,0.010229117113042134,5,0.6122315525857097,0.037754873159488854,5,0.9196235880749903,0.0062745198361600476,5,0.7569677419354839,0.026245773324716837,5,0.0977453954953881,0.006940762415022687,5,0.3277530601339211,0.018749758159991862,5,0.04891857587786256,0.006767938942284382,5,0.38623099999967964,0.04421736005531239,5
BBB_Martins,random,chemberta_xgb,foundation,chemberta,xgb,0.898594982078853,0.013789793320242669,5,0.9591564679000291,0.006299785908463449,5,0.6625539470469602,0.05266512568722356,5,0.9273449620674649,0.0096227308134488,5,0.8007634408602151,0.03238751802550589,5,0.09402921944856638,0.00867809320075719,5,0.32431779929586735,0.027858095740588448,5,0.048829842635617585,0.011313049827737452,5,2.939684659964405,0.27535334870153827,5
BBB_Martins,random,molformer_lr,foundation,molformer,lr,0.7779784946236559,0.02037956475179281,5,0.9080145560538817,0.011518113532014493,5,0.4050865107660986,0.04993590024767891,5,0.8452546467954842,0.011569340580158337,5,0.7138924731182795,0.029943475867420223,5,0.191799788544636,0.00918191232788133,5,0.8744811222480721,0.06935189601962544,5,0.17589300505630592,0.009155391176542087,5,0.15412467999849466,0.009140405907173433,5
BBB_Martins,random,molformer_rf,foundation,molformer,rf,0.8060430107526881,0.017464400913397588,5,0.9157549768975087,0.005541851119709207,5,0.4745896870000668,0.0413603271508149,5,0.8993352998048676,0.005581466352421865,5,0.6604086021505375,0.02557076515327142,5,0.1313319280561722,0.004590353787089762,5,0.42265082690090566,0.01039181826356246,5,0.06564963362450202,0.013944944724174997,5,0.36643922001821916,0.011703080676660314,5
BBB_Martins,random,molformer_xgb,foundation,molformer,xgb,0.8145878136200716,0.017185225947107904,5,0.9151944139285847,0.005589087932244932,5,0.4927353615780004,0.054405349586440985,5,0.900099084507467,0.008237491236866975,5,0.6908602150537634,0.031092355870770486,5,0.12530806660652158,0.008445789805725051,5,0.4145239211306878,0.02173439270626504,5,0.05464066602384463,0.01156329672459887,5,3.086340699996799,0.3251697703497339,5
BBB_Martins,random,morgan_lr,classical,morgan,lr,0.8573405017921146,0.02399286741561215,5,0.9324605170845247,0.009886717994627484,5,0.5769279749773268,0.04806983863835179,5,0.8971821633022063,0.011071449716297947,5,0.7933870967741935,0.026516088698745742,5,0.13557966509782152,0.01603699048016912,5,0.812452150214798,0.12690608702429046,5,0.12425884817224415,0.01747768481378578,5,0.07152587999589735,0.016333019868388785,5
BBB_Martins,random,morgan_rf,classical,morgan,rf,0.922831541218638,0.02527820499753962,5,0.968889581949225,0.011732607297862956,5,0.6831945874449489,0.04513849927943954,5,0.9327365639681984,0.008528782451715624,5,0.7950430107526882,0.026638914192120965,5,0.08502565427607134,0.008982230600930799,5,0.29366789568125495,0.024896177120574212,5,0.06452079393216789,0.016901510074255492,5,0.2586835799971595,0.014758978775688896,5
BBB_Martins,random,morgan_xgb,classical,morgan,xgb,0.9145340501792114,0.019324751771030133,5,0.9675753825608545,0.007314785887033976,5,0.6720406176890321,0.04410851738669141,5,0.9304488487468386,0.008054687971262632,5,0.7912258064516129,0.027434462420326218,5,0.08849508464336392,0.009298840968937145,5,0.30125137148813885,0.024959161923470845,5,0.052376122639986034,0.012428643511975819,5,0.2816749800113029,0.08001206445715839,5
BBB_Martins,random,rdkit_lr,classical,rdkit,lr,0.8464802867383513,0.009692115152630925,5,0.9318672444814465,0.003744039796379926,5,0.5428754473191313,0.05124499688115947,5,0.8747981660461726,0.013397491125256001,5,0.7924516129032259,0.03040802895993667,5,0.15017911514144416,0.008163358874195243,5,0.5022366500505935,0.03351835420567084,5,0.16890997485410253,0.0144460983735329,5,0.012746300001162999,0.0007294888543282716,5
BBB_Martins,random,rdkit_rf,classical,rdkit,rf,0.9104444444444445,0.013683833724676941,5,0.9652723223658943,0.006651378218232333,5,0.6607587774361608,0.05227975752331835,5,0.9270955776838227,0.009760646422394624,5,0.7989462365591398,0.032736209927200395,5,0.09261708657976993,0.008217999718598748,5,0.3204410336299595,0.046667545574239806,5,0.0399504079058456,0.008841716739780662,5,0.24561658001039172,0.0016442452484080263,5
BBB_Martins,random,rdkit_xgb,classical,rdkit,xgb,0.9015268817204302,0.016323899492276153,5,0.9638647069633439,0.006996978968239344,5,0.6338019177871907,0.05031975587097586,5,0.9218622617400115,0.00885163877708683,5,0.7836344086021505,0.03520615909994916,5,0.09801357686519621,0.009206917450222644,5,0.3248294423153067,0.028703966620296617,5,0.04188725049714091,0.00761477027641605,5,0.055955079977866196,0.009847462500179942,5
BBB_Martins,scaffold,chemberta_lr,foundation,chemberta,lr,0.8531827956989246,0.0446577247558035,5,0.9376201223811108,0.023383499383849152,5,0.5523901355117307,0.09720964472580702,5,0.8882219476004417,0.02376264887501755,5,0.7846451612903226,0.05056367437118409,5,0.13724376168359434,0.027276950832880474,5,0.6007057976996146,0.14470857160972828,5,0.11619316791115877,0.029552552314123175,5,0.14095157997217025,0.010569545110545609,5
BBB_Martins,scaffold,chemberta_rf,foundation,chemberta,rf,0.8761827956989248,0.04015476828682814,5,0.9525215472623145,0.017831636374329714,5,0.546839129721203,0.09453207901697631,5,0.9096963768336179,0.015088262770485639,5,0.7145483870967742,0.05474033977098221,5,0.11059837438374683,0.017683052458256538,5,0.35759211515348743,0.04629249291241139,5,0.05151081450381674,0.009311899033448796,5,0.3508487799903378,0.00860396812176005,5
BBB_Martins,scaffold,chemberta_xgb,foundation,chemberta,xgb,0.8782007168458781,0.03886914914501614,5,0.9484815513362654,0.016722769933271663,5,0.5750369144168717,0.12049801748359082,5,0.9129191724818488,0.021577857381166864,5,0.744774193548387,0.061610843666903864,5,0.10725153535604473,0.024802075013410727,5,0.3584356703550035,0.06955124899181381,5,0.06376952288752896,0.01984934874456655,5,2.8384836399927735,0.31906185687863914,5
BBB_Martins,scaffold,molformer_lr,foundation,molformer,lr,0.7367706093189964,0.0496237682041727,5,0.8879960995295143,0.02369747338985309,5,0.344536210515247,0.09849811442401414,5,0.8342108997677657,0.025704113840388423,5,0.6788924731182796,0.05386244379153873,5,0.20765844176521925,0.03084770280134243,5,0.9663815327740422,0.15662733414567004,5,0.19352581557367157,0.033276362846489944,5,0.1757957000052556,0.020416865445921546,5
BBB_Martins,scaffold,molformer_rf,foundation,molformer,rf,0.7684695340501793,0.04678229959011113,5,0.8990293470104385,0.021672018504098712,5,0.3355013811369279,0.06954830546759434,5,0.8824096321702581,0.007484628828592913,5,0.5967096774193548,0.02980004275620215,5,0.14451489705180892,0.008170769468950274,5,0.4545164404708994,0.021722364454624738,5,0.05603368811903484,0.0184001482268873,5,0.3901148200035095,0.05127010048224861,5
BBB_Martins,scaffold,molformer_xgb,foundation,molformer,xgb,0.7704050179211469,0.04501458328093192,5,0.8999263699113398,0.021590454503665875,5,0.39665528633015745,0.05016608602327056,5,0.8846647571811802,0.00651722422005935,5,0.6508602150537635,0.029253858573104367,5,0.1428196251392364,0.01215594415250667,5,0.46658511093871774,0.04088320918932241,5,0.06945622978736724,0.017741843468394428,5,2.94981875999365,0.30772403815987204,5
BBB_Martins,scaffold,morgan_lr,classical,morgan,lr,0.7968673835125448,0.05248038202315004,5,0.9095712592511843,0.030327192302523617,5,0.46848532317877456,0.11100527420717599,5,0.8680783269500514,0.03308232048841571,5,0.7379354838709677,0.050556756848935985,5,0.17872667393849706,0.03384690098430409,5,1.0778429780767058,0.1728984182831038,5,0.17674703326303703,0.0351067252570391,5,0.07141322001116346,0.007290362605411845,5
BBB_Martins,scaffold,morgan_rf,classical,morgan,rf,0.8997347670250896,0.037075566635532686,5,0.9604329505583941,0.015557763267311167,5,0.5721102560566649,0.09144327945260634,5,0.9136298806209284,0.014504401883142944,5,0.7303440860215054,0.055203831402386085,5,0.10105575115583447,0.01668068277434498,5,0.33541820727298954,0.0443237162553947,5,0.06746992492463012,0.017714135247615875,5,0.2750806599855423,0.03313151726426999,5
BBB_Martins,scaffold,morgan_xgb,classical,morgan,xgb,0.8872867383512546,0.03860656110091976,5,0.9577005248734334,0.014811752210543577,5,0.5771920492921234,0.10388666623628597,5,0.9144077457843919,0.016551726006231282,5,0.7343118279569892,0.054794658672457315,5,0.10393715500831602,0.020212785199127916,5,0.3423091153065447,0.05356293139706173,5,0.060224663219758244,0.008572117383540322,5,0.24703163999365643,0.015955551297543225,5
BBB_Martins,scaffold,rdkit_lr,classical,rdkit,lr,0.8219534050179211,0.03773287383516028,5,0.9159813430661355,0.02522561623027597,5,0.4805120287112121,0.05587276967084898,5,0.8648024677319068,0.02079113795265723,5,0.7514408602150537,0.02912354723560011,5,0.15501555255272959,0.013176709163961664,5,0.5003269113567591,0.04297040062190065,5,0.15941411961006854,0.02206936105346939,5,0.01306029999395828,0.0026341082175478036,5
BBB_Martins,scaffold,rdkit_rf,classical,rdkit,rf,0.8818924731182796,0.048618191678309365,5,0.950632200160302,0.022714537255945574,5,0.5863075498478192,0.11808707635638306,5,0.914449422709153,0.021982256353196623,5,0.7479247311827957,0.0611385547854866,5,0.10615620776771233,0.02072502470750784,5,0.36590915440052985,0.06815954535015253,5,0.04790003677995745,0.007028651673380355,5,0.2515948599902913,0.013404047675248356,5
BBB_Martins,scaffold,rdkit_xgb,classical,rdkit,xgb,0.8796379928315412,0.03899512560787485,5,0.9558676590654253,0.015168550501656108,5,0.5404234638961362,0.1078622677933942,5,0.9056989103663635,0.01885366034956755,5,0.732247311827957,0.05674554048467311,5,0.10995011925697322,0.02096155383108795,5,0.352309740968528,0.056153144997954776,5,0.049870218215249555,0.008410557467291635,5,0.05608579999534408,0.010594166397300852,5
Bioavailability_Ma,lowdata_100,chemberta_lr,foundation,chemberta,lr,0.6079591836734693,0.02286842732459414,5,0.8269248375539604,0.020196605572723885,5,0.16753476495974237,0.13268110055463506,5,0.8207521183591024,0.02323205763434698,5,0.5804081632653061,0.06672633731060064,5,0.23898771607864533,0.018375429359726636,5,1.1648899313155443,0.12096371352560313,5,0.23076510324129967,0.02426502721137459,5,0.021122119994833998,0.0017067247471871925,5
Bioavailability_Ma,lowdata_100,chemberta_rf,foundation,chemberta,rf,0.6196938775510205,0.028548490549370743,5,0.8263866180300177,0.018569068370008393,5,0.1302887169933343,0.034750545352040356,5,0.8673589758589758,0.0035317576123365846,5,0.5205442176870749,0.008910655819059232,5,0.1733983993530273,0.0043876159827889085,5,0.5337439682555976,0.011722196274107002,5,0.06457519531249994,0.012529983917927746,5,0.1980470800073817,0.004374206379026546,5
Bioavailability_Ma,lowdata_100,chemberta_xgb,foundation,chemberta,xgb,0.6503401360544218,0.015058465048420892,5,0.8465344926922143,0.015204890673060707,5,0.0971227267760013,0.0852159201036022,5,0.8499315833185381,0.01055848339508358,5,0.5317006802721089,0.025992493140562293,5,0.19078874588012693,0.0066099711874572425,5,0.6285836105955612,0.01890959469563916,5,0.1480061918031424,0.01294451733482497,5,0.22826009999262165,0.007643813605499605,5
Bioavailability_Ma,lowdata_100,molformer_lr,foundation,molformer,lr,0.6304761904761904,0.036561540765278226,5,0.8539433967884357,0.01924895617391175,5,0.16157441986788068,0.0694367408646739,5,0.758284138608837,0.03603190421912139,5,0.5894557823129252,0.03969039442831871,5,0.23712350710685115,0.016347091431793248,5,0.8008784766131634,0.11356841894190131,5,0.21533983872085818,0.043344845491963185,5,0.03671069999691094,0.007211357366224501,5
Bioavailability_Ma,lowdata_100,molformer_rf,foundation,molformer,rf,0.5787755102040817,0.047810051820887205,5,0.8085985021711461,0.01898000286045644,5,0.07533108664822168,0.10350334506642625,5,0.8454089457139868,0.017895548158816405,5,0.5276190476190477,0.02934981961960684,5,0.1888309478759766,0.0067532971999736185,5,0.5934215418913033,0.03565589693066714,5,0.10644531171874996,0.02329013012752241,5,0.2065818400122225,0.016064961856987123,5
Bioavailability_Ma,lowdata_100,molformer_xgb,foundation,molformer,xgb,0.6077551020408163,0.04757371505958221,5,0.8198934327046089,0.031123782627566536,5,0.051852682094217964,0.09031536881759027,5,0.833731112976371,0.010013953732596696,5,0.5243537414965986,0.03502955522784169,5,0.20024082660675044,0.007594063761998657,5,0.6641262091569338,0.04748348509687111,5,0.15936803114600476,0.017587997332005407,5,0.2462904999847524,0.024167643049906828,5
Bioavailability_Ma,lowdata_100,morgan_lr,classical,morgan,lr,0.5957823129251701,0.03828578439187313,5,0.8162767679388097,0.02474393733187816,5,0.16200605075696733,0.07228000731967547,5,0.8489478002943915,0.021433225162049555,5,0.5568707482993197,0.02342053478031799,5,0.21208055622901273,0.014983156448098283,5,0.8227813042052968,0.05061730101102166,5,0.19182823392116882,0.017474257022836916,5,0.0105363000184297,0.0011287143472180747,5
Bioavailability_Ma,lowdata_100,morgan_rf,classical,morgan,rf,0.60578231292517,0.0537763331075945,5,0.8229319240869426,0.03452898548172836,5,0.12497484244050654,0.06475300441644191,5,0.865872246122023,0.0052117071746504125,5,0.5241496598639456,0.01705435528805666,5,0.1749090194702148,0.00663057367387688,5,0.5379742803728217,0.02400810213168347,5,0.06613769531249995,0.020119237332398135,5,0.21110961999511346,0.008441002011047714,5
Bioavailability_Ma,lowdata_100,morgan_xgb,classical,morgan,xgb,0.5953741496598639,0.08366503469460988,5,0.8128678440132215,0.03429152739584899,5,0.1410193623411311,0.09361234027457796,5,0.853924233272183,0.01882392115057135,5,0.5460544217687076,0.029715318252225478,5,0.19379017055034634,0.015161759228718982,5,0.6452020547461792,0.05951987271246756,5,0.15098932698601855,0.020266935368834376,5,0.07467978000640865,0.01273205643540028,5
Bioavailability_Ma,lowdata_100,rdkit_lr,classical,rdkit,lr,0.5714965986394558,0.06800441795025128,5,0.7872171415917035,0.049417688564095855,5,0.1387831348505367,0.10677803051660947,5,0.7538355497897464,0.04825628128812745,5,0.5751020408163264,0.056951412377071534,5,0.24301982026349256,0.020041280072354478,5,0.7090058635685231,0.05865858085429941,5,0.23900210966078936,0.021466945797996725,5,0.00739135999465354,0.0009563952407081367,5
Bioavailability_Ma,lowdata_100,rdkit_rf,classical,rdkit,rf,0.6443197278911564,0.04267752013836814,5,0.8464926408003036,0.03352416492814663,5,0.25076358144571076,0.07516680570766701,5,0.8702835524376307,0.01507632087604421,5,0.5670068027210885,0.012329638748565913,5,0.1731216430664063,0.010757939493509942,5,0.5364731492894615,0.035318927293884785,5,0.09221191328124997,0.019182448088641425,5,0.20288469998631622,0.006305242022394406,5
Bioavailability_Ma,lowdata_100,rdkit_xgb,classical,rdkit,xgb,0.621904761904762,0.04838882193062539,5,0.8349681032965744,0.02903419193412546,5,0.18792574452405747,0.1030065739619345,5,0.8513838701853065,0.02357164166612425,5,0.5668707482993197,0.034802584129551346,5,0.19020772576332087,0.01758384740981975,5,0.6210185935831448,0.06158409754436467,5,0.14618168193846937,0.02355368561753486,5,0.03589049999136472,0.007214599661407071,5
Bioavailability_Ma,lowdata_250,chemberta_lr,foundation,chemberta,lr,0.6484353741496599,0.0410294887344409,5,0.8510273367647745,0.017491013577502955,5,0.22126856682485868,0.1343021068494489,5,0.8216208917978414,0.03499273841033401,5,0.6076190476190476,0.06564123557675422,5,0.2313336607250281,0.04040679102860324,5,1.123318313728626,0.14444221365608603,5,0.2171437195050258,0.0453584729623382,5,0.03575296000344674,0.0027968435882839114,5
Bioavailability_Ma,lowdata_250,chemberta_rf,foundation,chemberta,rf,0.6619727891156463,0.02717062285038794,5,0.8562343173673856,0.026553978258778935,5,0.23259422405407165,0.09407778215242027,5,0.873146655922643,0.010734869101190229,5,0.5518367346938776,0.021932314610526478,5,0.16479444503784174,0.0067598595928448245,5,0.5077239590022018,0.013668312772006967,5,0.05904541015624998,0.02717540554166909,5,0.21173313999315724,0.007422085257011422,5
Bioavailability_Ma,lowdata_250,chemberta_xgb,foundation,chemberta,xgb,0.6836054421768708,0.0325522821214255,5,0.8676260472770878,0.01937384811764069,5,0.14355657824023546,0.12160641068899708,5,0.8579498017808159,0.015609391389065476,5,0.5444897959183674,0.042316124077955014,5,0.18214486837387084,0.02145581734324519,5,0.6020927610636073,0.05774934395417869,5,0.15680416881805284,0.019193293071452806,5,1.6203197799855844,0.1750126546454758,5
Bioavailability_Ma,lowdata_250,molformer_lr,foundation,molformer,lr,0.6833333333333333,0.03846471097599635,5,0.876826718235616,0.015196435001111707,5,0.2337287925988986,0.04148432801358104,5,0.7332488849636096,0.046036798226597515,5,0.6344897959183673,0.02417910440299908,5,0.22595655911697882,0.03093412965984876,5,0.6751692441844048,0.09868674921981349,5,0.21787027474333995,0.04828271201176258,5,0.05510949998861174,0.003681887316030844,5
Bioavailability_Ma,lowdata_250,molformer_rf,foundation,molformer,rf,0.6297619047619049,0.028341468072981307,5,0.8359222644535269,0.01285459372847593,5,0.08555301216682948,0.0637088467532913,5,0.8403647627148526,0.03567927025795398,5,0.5291836734693878,0.023559670576067723,5,0.18576879470092778,0.020629738397791742,5,0.5844825652256964,0.08670851633593303,5,0.10274658124999995,0.044765876084134536,5,0.20663397999014702,0.003300517045517187,5
Bioavailability_Ma,lowdata_250,molformer_xgb,foundation,molformer,xgb,0.6378231292517007,0.03178079567247844,5,0.8480476632626429,0.006089045226763223,5,0.16904938151889817,0.06648211157105542,5,0.8398165184304334,0.03909971867607281,5,0.562312925170068,0.025880978978514244,5,0.20199606418609614,0.03039426165913411,5,0.6632405321844381,0.09551377340217587,5,0.164880644402001,0.03127796088554373,5,1.6319103600108065,0.302016751960636,5
Bioavailability_Ma,lowdata_250,morgan_lr,classical,morgan,lr,0.6759183673469387,0.057540023233244024,5,0.8594635683232272,0.030463838874581928,5,0.269238546497846,0.16546716144506146,5,0.855538028550795,0.030281839751513457,5,0.6166666666666667,0.08107162657360988,5,0.1934312705194307,0.03546266458895684,5,0.8288579926091012,0.14756950568982158,5,0.1736548402333911,0.03773643228415687,5,0.01819985997863108,0.0020614616094318666,5
Bioavailability_Ma,lowdata_250,morgan_rf,classical,morgan,rf,0.6831292517006803,0.0472535780999756,5,0.8691156773126496,0.020624533397354605,5,0.21066122654674455,0.08333533064317133,5,0.8706784599508983,0.00932062022016732,5,0.5544217687074829,0.030075606210755258,5,0.1644474029541015,0.012338181561992689,5,0.5036914727963359,0.02992903923861263,5,0.06164550781249996,0.010950751451504995,5,0.21236446000402792,0.022045655253687978,5
Bioavailability_Ma,lowdata_250,morgan_xgb,classical,morgan,xgb,0.6434013605442177,0.06897578448884262,5,0.8437839442321422,0.03358318642060053,5,0.16356817521771247,0.10898262041611763,5,0.8623332423332423,0.015109291781778438,5,0.5462585034013605,0.03464716075713425,5,0.17501337826251978,0.015122030296860673,5,0.5501733354855441,0.04896279315909235,5,0.09799451584694904,0.029290093611360483,5,0.10494860002072523,0.012988257844112363,5
Bioavailability_Ma,lowdata_250,rdkit_lr,classical,rdkit,lr,0.5904081632653061,0.06806223588134364,5,0.8083547135102206,0.034112178948610454,5,0.11804538114085501,0.09261954282903703,5,0.74184375464757,0.03386371536004604,5,0.5659183673469388,0.05092019636902414,5,0.23004449251433626,0.014007782291329225,5,0.6569694754038106,0.033729577748823625,5,0.22772248226929523,0.012328271742351522,5,0.0094018999836407,0.0006836250849838931,5
Bioavailability_Ma,lowdata_250,rdkit_rf,classical,rdkit,rf,0.65421768707483,0.028844810891538165,5,0.8484513394256817,0.019156425588921486,5,0.12716631870298195,0.06932689143313249,5,0.8576121923176334,0.010031342198615947,5,0.536530612244898,0.023015928867374108,5,0.17351827558959973,0.006721306928560623,5,0.577368403794499,0.06065362230932413,5,0.08822021312499997,0.03239560176724093,5,0.20680708000436426,0.003475465424049418,5
Bioavailability_Ma,lowdata_250,rdkit_xgb,classical,rdkit,xgb,0.6236054421768708,0.048944502737164004,5,0.8305360252061267,0.02144116712954819,5,0.18467824477492562,0.052874258536230255,5,0.8541107258390193,0.009979602369500075,5,0.5665986394557823,0.022609966976792704,5,0.1878532797098159,0.012604362030494067,5,0.6057708405857771,0.04738308807218523,5,0.14173298106761645,0.036702191299720126,5,0.04424720001406964,0.007952989334096036,5
Bioavailability_Ma,lowdata_50,chemberta_lr,foundation,chemberta,lr,0.5539795918367347,0.07666349008624147,5,0.8037492990240924,0.025868552396282482,5,0.06978732316307056,0.13225142127426287,5,0.7762391263696575,0.046781242428293866,5,0.5334013605442177,0.06062795172776987,5,0.2833087101436617,0.04599170556923026,5,1.3084494939779854,0.2067400976374605,5,0.2762785632257688,0.055446917200308636,5,0.014489579980727219,0.0011512244821284864,5
Bioavailability_Ma,lowdata_50,chemberta_rf,foundation,chemberta,rf,0.5350680272108843,0.0856370960880106,5,0.7860982086178419,0.028346668567175982,5,0.01960688088155644,0.09615704982183236,5,0.8609971525698248,0.005082700704440007,5,0.5064625850340135,0.019676510618239156,5,0.186390209197998,0.010350844740171507,5,0.5708690045719624,0.024120657293117728,5,0.10137939453124996,0.037436076159459084,5,0.20594711998710405,0.015424564155204191,5
Bioavailability_Ma,lowdata_50,chemberta_xgb,foundation,chemberta,xgb,0.5253061224489797,0.10008372634521034,5,0.7774678784105031,0.04771672090707279,5,0.083549696988316,0.12557968850914883,5,0.8373440425970158,0.018194037559230606,5,0.5330612244897959,0.04784530794682236,5,0.21310084164142604,0.013450205047722374,5,0.7052193563886007,0.05539404850236622,5,0.1775306542171165,0.031840115261468356,5,0.10566319999052205,0.034962760777076524,5
Bioavailability_Ma,lowdata_50,molformer_lr,foundation,molformer,lr,0.6140816326530613,0.09900372569698314,5,0.8475609144210805,0.04557281702880124,5,0.10222360300997754,0.17661105210424125,5,0.7257828642988834,0.03491205422538063,5,0.5593197278911565,0.10068906240354117,5,0.259664247601725,0.03091714166039504,5,0.8913339640723745,0.10281641492165632,5,0.24290672170458388,0.04237526500805361,5,0.02609465997666114,0.001342241491420784,5
Bioavailability_Ma,lowdata_50,molformer_rf,foundation,molformer,rf,0.5707142857142857,0.14629915587540832,5,0.8142885479588348,0.07781753493586384,5,-0.0016716150116233813,0.13067993994882657,5,0.8286073403945761,0.0280372425719197,5,0.5043537414965986,0.055089651752438996,5,0.19284610748291012,0.027400299192347193,5,0.584141092953396,0.08373530489462691,5,0.10925292968749997,0.06843784460651609,5,0.21055877999169748,0.01941760089192778,5
Bioavailability_Ma,lowdata_50,molformer_xgb,foundation,molformer,xgb,0.568095238095238,0.15294579925981025,5,0.8085588527869053,0.08078923044916833,5,0.09387004336362156,0.13884343949534647,5,0.8219128699758841,0.03223134850898014,5,0.5323809523809524,0.046573432777271044,5,0.20770031511783596,0.0353898921740966,5,0.6571208188954951,0.13411774484521663,5,0.1644918185425922,0.0665923110605888,5,0.1036157400114461,0.014402083031565307,5
Bioavailability_Ma,lowdata_50,morgan_lr,classical,morgan,lr,0.5573469387755102,0.049489854360953864,5,0.7918693712852752,0.0267253311485407,5,0.08562497649317281,0.08312834458277649,5,0.8559319553765418,0.015241505479752237,5,0.5195918367346939,0.019895197203505993,5,0.2044786482844178,0.0068040190216677445,5,0.7508550279063543,0.04020077013903309,5,0.1739919347630891,0.012205953098000058,5,0.00993453999981278,0.0010008432280838569,5
Bioavailability_Ma,lowdata_50,morgan_rf,classical,morgan,rf,0.5990136054421769,0.030349019473721657,5,0.8215163853323162,0.029968402707038554,5,0.02225683379542668,0.08008646032259122,5,0.8670206489675516,0.0031592661755001847,5,0.5023129251700681,0.00832256697265889,5,0.17698450088500972,0.0035902877859106818,5,0.5412137594055402,0.011082293751501745,5,0.05760498046875,0.011336727821988428,5,0.1997566199977882,0.005565451918112521,5
Bioavailability_Ma,lowdata_50,morgan_xgb,classical,morgan,xgb,0.5713945578231293,0.04215121558988025,5,0.7923127233159308,0.033500882504512226,5,0.03130739212905642,0.060523819183366565,5,0.8435819633410523,0.028196786315257873,5,0.5083673469387755,0.016120798445896013,5,0.19654521346092219,0.012623146347166141,5,0.6367368863342964,0.04210085863678903,5,0.14187877445947378,0.02560666991470053,5,0.05919154000002887,0.010375300124217151,5
Bioavailability_Ma,lowdata_50,rdkit_lr,classical,rdkit,lr,0.5194557823129251,0.030073105736658574,5,0.7606669025672266,0.027862674574872192,5,0.10057893530696652,0.07327548739158975,5,0.7554690326281113,0.043447192263749115,5,0.5522448979591836,0.03352592564440572,5,0.24279264904891104,0.024849868862374613,5,0.703262906272917,0.06099735367153604,5,0.2253614957722571,0.026838835598898714,5,0.0067829999956301994,0.0003983732933172538,5
Bioavailability_Ma,lowdata_50,rdkit_rf,classical,rdkit,rf,0.6316666666666666,0.06593656071111022,5,0.8361836552851365,0.040950553298532165,5,0.06837077443625043,0.11078109399862938,5,0.8558173931212604,0.009632465182879376,5,0.5219047619047619,0.0322955556609868,5,0.17901973724365236,0.009176243596644608,5,0.5556615161114583,0.02758175759268581,5,0.10168456968749998,0.012063749767450139,5,0.19847356000682334,0.009730177939590781,5
Bioavailability_Ma,lowdata_50,rdkit_xgb,classical,rdkit,xgb,0.611360544217687,0.06410035184512261,5,0.826451370616519,0.03827196752984521,5,0.07104640887838261,0.11945823767699784,5,0.8330304417292551,0.03570869054719189,5,0.5243537414965986,0.04115055897389642,5,0.20452466309070583,0.030648233974195877,5,0.6567332011743664,0.09899545432000299,5,0.15815427624620496,0.0538943114796739,5,0.03443671999266368,0.007130764602999393,5
Bioavailability_Ma,lowdata_500,chemberta_lr,foundation,chemberta,lr,0.6401360544217687,0.039611614621946005,5,0.8568173621409922,0.016835387645830643,5,0.17219811179041064,0.07560878696099188,5,0.8118701387783563,0.02152979596309799,5,0.5835374149659864,0.037288437881081445,5,0.23844558703754642,0.028965670243346026,5,1.0077437170378105,0.10302464355155969,5,0.21505641314808982,0.02720451832908058,5,0.06997178002493451,0.003930950972187645,5
Bioavailability_Ma,lowdata_500,chemberta_rf,foundation,chemberta,rf,0.6867006802721087,0.012063686531943188,5,0.8643514419572274,0.012470104347801813,5,0.19548381485053198,0.14889989430416214,5,0.8732509100696332,0.010016914599617247,5,0.5518367346938776,0.04059292604469643,5,0.16086616516113278,0.0058397078255171325,5,0.4978686885315281,0.011029342030098267,5,0.05244140624999992,0.010910911258041549,5,0.22113237999146804,0.023592723433845532,5
Bioavailability_Ma,lowdata_500,chemberta_xgb,foundation,chemberta,xgb,0.7027210884353742,0.011339852434128949,5,0.885061623898905,0.011926593307408157,5,0.25202751042228416,0.11463748490269889,5,0.8723111814609453,0.01474109334000589,5,0.571360544217687,0.03483481444307603,5,0.17486796081066128,0.012971424594870624,5,0.5679577452958127,0.022724663151689268,5,0.1324918742349837,0.014144201212900238,5,2.152518259990029,0.279898721335809,5
Bioavailability_Ma,lowdata_500,molformer_lr,foundation,molformer,lr,0.6746258503401361,0.02454005613542495,5,0.8716347395400394,0.010671363938458201,5,0.22308458832561087,0.06636589450288845,5,0.7449334828162939,0.02925373187481386,5,0.6280272108843538,0.03788862215049714,5,0.21811022320963133,0.010045445913212018,5,0.6200736834607407,0.017763640805081766,5,0.2099906739871445,0.020758228498611322,5,0.09426612000679592,0.005625225776961903,5
Bioavailability_Ma,lowdata_500,molformer_rf,foundation,molformer,rf,0.6409183673469389,0.046678267533298824,5,0.8512934384066109,0.04760731936698235,5,0.06401578947747036,0.08848341967051683,5,0.8525622443849503,0.013753999650517993,5,0.518843537414966,0.026314530830579944,5,0.17748784987670896,0.006123991955376263,5,0.5591596188330172,0.07784056807627354,5,0.08006591781249998,0.02129722041610508,5,0.2191928999847732,0.011953275606226024,5
Bioavailability_Ma,lowdata_500,molformer_xgb,foundation,molformer,xgb,0.6563945578231293,0.027832400364777257,5,0.860406514404847,0.020649824734181182,5,0.13492635879443954,0.0826590803679648,5,0.8519787494619953,0.01555470148623012,5,0.5440136054421769,0.028193975828789825,5,0.18278835117816922,0.010192568767779308,5,0.5776330716806475,0.03524739944252034,5,0.13354098314885046,0.016053603489634367,5,2.0051985599915496,0.19888691494337585,5
Bioavailability_Ma,lowdata_500,morgan_lr,classical,morgan,lr,0.7168707482993197,0.02031953544634427,5,0.8799676248556925,0.01074075318206176,5,0.25799905066476847,0.0972514743359048,5,0.8411759827711618,0.021743757943679876,5,0.6193197278911564,0.04418915877195785,5,0.20230093215747838,0.02026249547822869,5,0.8799888453564695,0.06776807815341893,5,0.18436715738513565,0.020935016304065242,5,0.02651396000292146,0.0013645157431369007,5
Bioavailability_Ma,lowdata_500,morgan_rf,classical,morgan,rf,0.7167006802721089,0.039421570612216704,5,0.8812498424096541,0.03406527667323918,5,0.18560508001050352,0.07762521642824359,5,0.8669318185050059,0.012320298445711865,5,0.5457142857142857,0.01739455915334452,5,0.15800647735595702,0.0057643266633080675,5,0.4869548639174324,0.02012660656597039,5,0.06037597656249995,0.02756311434971537,5,0.20958910001209005,0.007575752984119627,5
Bioavailability_Ma,lowdata_500,morgan_xgb,classical,morgan,xgb,0.697891156462585,0.02652995812903734,5,0.8665403386234012,0.0294102590608655,5,0.18526268996301898,0.10348536118313358,5,0.86653313556573,0.011947083130756804,5,0.5503401360544218,0.02987103413307874,5,0.1626067608594894,0.00445186325943906,5,0.502822168910096,0.012241066040755718,5,0.08208667673170562,0.014390445222431547,5,0.1489453400135971,0.01625197400334454,5
Bioavailability_Ma,lowdata_500,rdkit_lr,classical,rdkit,lr,0.6138775510204082,0.055665735992107064,5,0.83234572249613,0.03873894465308927,5,0.11165191423315442,0.09899443963528422,5,0.7383483226187159,0.025358849707966518,5,0.5628571428571428,0.055371391731283394,5,0.23015990967945363,0.011952842643232998,5,0.6556292943450195,0.02954522165366445,5,0.22846885289214186,0.010203326224894803,5,0.010112300014588921,0.0010821597071816122,5
Bioavailability_Ma,lowdata_500,rdkit_rf,classical,rdkit,rf,0.6950340136054421,0.030866620744442037,5,0.8659113790955718,0.016523172558202556,5,0.25319260257603904,0.10834072857450931,5,0.8711900507836374,0.015885730071659096,5,0.5703401360544218,0.02304205251268661,5,0.1600966453552246,0.008954137382332951,5,0.5070013747805279,0.028806694755425098,5,0.07640380812499999,0.02482433433302922,5,0.2051616000011563,0.006271657029002315,5
Bioavailability_Ma,lowdata_500,rdkit_xgb,classical,rdkit,xgb,0.6801360544217687,0.03765584181856072,5,0.8611576526481451,0.018136365601335844,5,0.2601045971710362,0.023546843960409687,5,0.8696245803218318,0.003985033466923534,5,0.5865306122448979,0.01367033842381356,5,0.16628816127777096,0.007950773859989279,5,0.5278601437023253,0.026725662750007054,5,0.08162009622319598,0.016352435922002275,5,0.050544959993567284,0.009512325592026161,5
Bioavailability_Ma,random,chemberta_lr,foundation,chemberta,lr,0.6417687074829932,0.034730872632482,5,0.8566589748407267,0.018332152409051596,5,0.18346162387376805,0.09330775204293129,5,0.815183273366873,0.02328891764274695,5,0.5889115646258503,0.04507065837525366,5,0.23662302197269627,0.026064572428262517,5,0.989670174885332,0.09536701275098027,5,0.22510908470862506,0.028150754806956092,5,0.06682556000305337,0.0027300436835458325,5
Bioavailability_Ma,random,chemberta_rf,foundation,chemberta,rf,0.7033333333333334,0.033498134880801736,5,0.8771582854233392,0.021630482089428596,5,0.23250633875096166,0.09120495149026821,5,0.8740005669614449,0.008246700228145828,5,0.5551700680272109,0.02923528253059024,5,0.1599976539611816,0.007657890075499443,5,0.49291910301817615,0.015345083304322204,5,0.04991455078124996,0.01569199504512072,5,0.24170182001544158,0.012002364641671778,5
Bioavailability_Ma,random,chemberta_xgb,foundation,chemberta,xgb,0.7033333333333334,0.022527948099085544,5,0.8913127225260713,0.0109528585858594,5,0.18808906275209641,0.1732217403879573,5,0.8658094390254141,0.019782342684694657,5,0.557278911564626,0.052863861977616465,5,0.1763287097215652,0.01520509480654988,5,0.5681009075372818,0.035922860698522706,5,0.13811754633206874,0.020534918869276567,5,2.169990239990875,0.1937798817390555,5
Bioavailability_Ma,random,molformer_lr,foundation,molformer,lr,0.6793197278911565,0.015925488261328287,5,0.87509792568992,0.007168574956031813,5,0.23389492760398523,0.047493542114021986,5,0.7504427568473132,0.016322243277911506,5,0.6344217687074829,0.02768235263679705,5,0.2169887722457453,0.009335311649810362,5,0.6153766905391534,0.02016802061530663,5,0.20528659374281832,0.022246197396131512,5,0.0973236800055019,0.005521673127190903,5
Bioavailability_Ma,random,molformer_rf,foundation,molformer,rf,0.6482993197278912,0.03910991528557996,5,0.8552840445598466,0.037298663950666756,5,0.07745837317358846,0.0908507171030198,5,0.8569058168704655,0.00610842876679465,5,0.5229251700680273,0.02779621305047228,5,0.17611045837402342,0.005153760319549871,5,0.5364749061769596,0.030864202083538163,5,0.07512207031249996,0.013129682159876737,5,0.24172994000837203,0.020331961466913254,5
Bioavailability_Ma,random,molformer_xgb,foundation,molformer,xgb,0.6536734693877551,0.028338049113071036,5,0.8583125707930439,0.02439612343983081,5,0.1407862423153648,0.08254615516141521,5,0.8542231419649571,0.011164015273295524,5,0.5460544217687076,0.028609466095681945,5,0.18323138356208796,0.007496994576568868,5,0.5774111242076274,0.025787664063694767,5,0.11483938281890001,0.017873665475031768,5,2.054289000004064,0.2931009119090371,5
Bioavailability_Ma,random,morgan_lr,classical,morgan,lr,0.7108163265306123,0.02930642721182626,5,0.875230186549629,0.01137246641911222,5,0.26221844708525766,0.0825718336662623,5,0.8393429477360101,0.019461834912819193,5,0.6229251700680273,0.03809113802037134,5,0.20489892699564236,0.018555198852922377,5,0.8927252689564243,0.07454360934614708,5,0.18928055060280088,0.022177772104656067,5,0.02825712002813812,0.00311082446604399,5
Bioavailability_Ma,random,morgan_rf,classical,morgan,rf,0.7340476190476191,0.03197039179028038,5,0.8882501987031903,0.02422207421054994,5,0.15102998592858632,0.13310954061965913,5,0.864194492901559,0.013132186644693645,5,0.5403401360544218,0.03663898466621948,5,0.15621194839477537,0.005259203906017955,5,0.48125153334517945,0.012980073956052383,5,0.058264160312499945,0.015852206270504307,5,0.23962059998884794,0.011030951774272407,5
Bioavailability_Ma,random,morgan_xgb,classical,morgan,xgb,0.7050340136054423,0.03404369417461549,5,0.870653886611208,0.03250997184237191,5,0.18121599382449277,0.13119617527119679,5,0.8654494352358967,0.016622115184831053,5,0.5493197278911565,0.03801543512072701,5,0.16040703058242795,0.0062773730424365145,5,0.49775913858065834,0.017949239550175144,5,0.08616019733017304,0.02959677528148664,5,0.14263664000900458,0.005031587048995502,5
Bioavailability_Ma,random,rdkit_lr,classical,rdkit,lr,0.6087755102040816,0.05529873769843911,5,0.826391001089482,0.04194093883193329,5,0.09472479275298062,0.09735795367782829,5,0.7357274631803674,0.031243372197191928,5,0.5528571428571428,0.054152501378287886,5,0.2316886721671792,0.011913879299696636,5,0.6592313246845707,0.029611620195679842,5,0.23269781303991302,0.012630948437159598,5,0.01047160001471634,0.0006793025337782481,5
Bioavailability_Ma,random,rdkit_rf,classical,rdkit,rf,0.7018707482993197,0.03495528933226391,5,0.8614108360718387,0.025700161133269877,5,0.24003433646836161,0.08869743742616477,5,0.8713202697933522,0.009651675758135317,5,0.5703401360544218,0.027807448635914864,5,0.15947170195068372,0.008431222890436308,5,0.5442516672813502,0.06887090560452813,5,0.08071288906249992,0.031116127682623448,5,0.23552927999990061,0.012325130955987813,5
Bioavailability_Ma,random,rdkit_xgb,classical,rdkit,xgb,0.6774149659863945,0.022760668609264255,5,0.8558846659944985,0.007324604993517545,5,0.2607507501332019,0.03531101283019098,5,0.8697721557883018,0.007901148628887097,5,0.5842176870748299,0.026948780180273156,5,0.1652133852243423,0.006308030822071658,5,0.5268732112488094,0.018770321413636604,5,0.09725534291937944,0.01438092587411691,5,0.050045360019430475,0.010900308208004712,5
Bioavailability_Ma,scaffold,chemberta_lr,foundation,chemberta,lr,0.6633670033670034,0.02673472761921486,5,0.8613435687312408,0.016291934289192452,5,0.20646271324771798,0.09270507736199134,5,0.814689016914581,0.03973500910505328,5,0.5990909090909091,0.04043464749808076,5,0.23503700378619374,0.037643564123880785,5,1.031397812949479,0.09584096107654165,5,0.2196985524681911,0.03904938833250091,5,0.06896338004153217,0.00304072920084076,5
Bioavailability_Ma,scaffold,chemberta_rf,foundation,chemberta,rf,0.7023232323232322,0.0901918174414147,5,0.8775122764637237,0.03035167342418404,5,0.21737532000619236,0.15569060405092638,5,0.8708788729858761,0.017067696788181274,5,0.5638383838383838,0.04544977528280891,5,0.15994201187015503,0.017947201373360065,5,0.49297584286337887,0.04497827014424748,5,0.08020833333333333,0.009566747553985133,5,0.2470548400073312,0.015251929183405651,5
Bioavailability_Ma,scaffold,chemberta_xgb,foundation,chemberta,xgb,0.6741414141414142,0.07032782694140026,5,0.8587875342022434,0.030012382027929906,5,0.21160880226536727,0.11482599772390452,5,0.8653489042670339,0.011005506983828127,5,0.5737373737373737,0.049558040597036994,5,0.1772505342960357,0.019789569763619067,5,0.5895973466951114,0.07617337902153405,5,0.14186778852874915,0.03208256661734708,5,2.1708431200007907,0.24708716475403525,5
Bioavailability_Ma,scaffold,molformer_lr,foundation,molformer,lr,0.6799326599326598,0.0761402977543829,5,0.8778551996796212,0.04208075149368788,5,0.26541467925617324,0.08483160547600412,5,0.7464234215134091,0.03869594119665584,5,0.6536363636363636,0.04969091282791723,5,0.21480010356990503,0.023431592580878086,5,0.6136439447991066,0.06521711859412221,5,0.20014401010363972,0.04261992895277399,5,0.09640534000936893,0.005471770487501638,5
Bioavailability_Ma,scaffold,molformer_rf,foundation,molformer,rf,0.6375420875420875,0.08406297247799337,5,0.8560722862308896,0.04831900666197509,5,-0.008606201879154202,0.07882791971699862,5,0.8526326224207688,0.01211690203766012,5,0.4997979797979798,0.015035753057737576,5,0.1780647218689438,0.012900599314721296,5,0.5374647126408519,0.04600979421594295,5,0.07854893410852708,0.028696459670105486,5,0.2538682000245899,0.0198711936170142,5
Bioavailability_Ma,scaffold,molformer_xgb,foundation,molformer,xgb,0.6336026936026936,0.0768054724136457,5,0.8546399503623286,0.047763715747565605,5,0.09935615293629048,0.12979977921520403,5,0.852237110529823,0.01178534721420202,5,0.5353535353535354,0.04625281092117969,5,0.18865682184696192,0.013143202497046537,5,0.5944527006530855,0.06339456648422935,5,0.1346907593714174,0.025523708592419644,5,2.040734440018423,0.16490391941385735,5
Bioavailability_Ma,scaffold,morgan_lr,classical,morgan,lr,0.667070707070707,0.09637496492290636,5,0.8506456294764236,0.041563687894726496,5,0.26328509926168847,0.13637643258251814,5,0.84643692054266,0.026900109656385812,5,0.6207070707070707,0.06637236078747238,5,0.20753657685544727,0.04202372732827332,5,0.9693571838324081,0.2321110489465895,5,0.20591578053505638,0.05422569845753864,5,0.03037288001505654,0.004123538907960154,5
Bioavailability_Ma,scaffold,morgan_rf,classical,morgan,rf,0.692020202020202,0.09499713743717467,5,0.8535054740232793,0.0485934620876024,5,0.2697295921479135,0.160478688413933,5,0.8784697405230559,0.016417291741265973,5,0.5788888888888889,0.05271358040414811,5,0.15735345884811042,0.01920634588614618,5,0.49348519974780547,0.05019962283586201,5,0.07171753875968984,0.027611145430557073,5,0.23740141999442127,0.012082104329228044,5
Bioavailability_Ma,scaffold,morgan_xgb,classical,morgan,xgb,0.6741414141414142,0.08823649735689955,5,0.8487463083502049,0.04064095819258992,5,0.2481732865202781,0.17411317068619148,5,0.8722018581356272,0.024464412344891724,5,0.5728282828282828,0.05675068943144018,5,0.163607782125473,0.02118955460566792,5,0.5113598719919688,0.05735607347194138,5,0.09445197856010386,0.022265341679584338,5,0.1504002799862064,0.014702172805920082,5
Bioavailability_Ma,scaffold,rdkit_lr,classical,rdkit,lr,0.6548148148148148,0.07234882517161408,5,0.8461913006907731,0.048236791326118834,5,0.17985109953564812,0.046420651439458324,5,0.7582955494118285,0.06303737087747346,5,0.5965656565656566,0.0273040411327212,5,0.22106845827083216,0.015089425837505853,5,0.6341803260246228,0.031783186855417034,5,0.24728140079357525,0.024440453175851064,5,0.01053958000848064,0.001356939705995517,5
Bioavailability_Ma,scaffold,rdkit_rf,classical,rdkit,rf,0.7154545454545455,0.07754726653085094,5,0.8753084361951124,0.03982290019547246,5,0.27113400235176377,0.13448053045753353,5,0.8719691518681276,0.018904916304828323,5,0.5854545454545454,0.04978578743115128,5,0.15712426947068808,0.017554459298689103,5,0.4987219101609771,0.058836771095425934,5,0.07581153038759683,0.023144057035732007,5,0.23202876000432293,0.009199266151509353,5
Bioavailability_Ma,scaffold,rdkit_xgb,classical,rdkit,xgb,0.6958922558922559,0.07368869755393871,5,0.877330073679819,0.03407431287835371,5,0.23167637626638235,0.11376230675880393,5,0.8594564422483799,0.023591314437115797,5,0.5813131313131313,0.0430997803026479,5,0.16586868762969967,0.021034833441304888,5,0.5214094661171764,0.06279731738776752,5,0.10877954712671822,0.02996414835902906,5,0.050143960013519916,0.011522003728247165,5
ChEMBL_CNS_CHEMBL217_D2_dopamine_receptor,lowdata_100,chemberta_lr,foundation,chemberta,lr,0.6609009009009009,0.04312860179171969,5,0.6877325760103531,0.0554025893558941,5,0.2788994411314459,0.13114355527358185,5,0.6868605967790549,0.04032668173580729,5,0.638018018018018,0.06737781162392376,5,0.31106679451054375,0.05597431314580386,5,1.5724497639072035,0.28488876555491244,5,0.30559186729432974,0.06773357927564361,5,0.019449520006310138,0.0010218500678120562,5
ChEMBL_CNS_CHEMBL217_D2_dopamine_receptor,lowdata_100,chemberta_rf,foundation,chemberta,rf,0.7141441441441442,0.06168671815831257,5,0.7439273738748415,0.054057313671563446,5,0.2850944575810337,0.1459112637121857,5,0.716243366363655,0.03916487520376632,5,0.6339639639639639,0.07345215819748384,5,0.21774574393656715,0.020521198708365888,5,0.6299742813781772,0.04561958307010484,5,0.12052238805970146,0.05798752512623307,5,0.18418270000256592,0.0030197063746659485,5
ChEMBL_CNS_CHEMBL217_D2_dopamine_receptor,lowdata_100,chemberta_xgb,foundation,chemberta,xgb,0.68,0.056975839144730846,5,0.705738332280649,0.05636891648990253,5,0.27100702917685027,0.1102813275766557,5,0.6965972703312282,0.035653569910350756,5,0.6296396396396396,0.05830454261856649,5,0.25765222609043115,0.031589255315151436,5,0.7890073661516133,0.08543368515077031,5,0.21319260959749786,0.030881334912606716,5,0.2529717199737206,0.005604748553022156,5
ChEMBL_CNS_CHEMBL217_D2_dopamine_receptor,lowdata_100,molformer_lr,foundation,molformer,lr,0.5843243243243244,0.019948395399619467,5,0.6215101884869103,0.029059071255923476,5,0.19869723407474385,0.03762506840243466,5,0.6537616769195717,0.021935487931342985,5,0.5978378378378378,0.01935469798430849,5,0.3211338229641951,0.02645152521749833,5,1.2754052878303883,0.28277000095219784,5,0.28852508511789005,0.04853140292316271,5,0.03268607999198134,0.004464942506037295,5
ChEMBL_CNS_CHEMBL217_D2_dopamine_receptor,lowdata_100,molformer_rf,foundation,molformer,rf,0.596036036036036,0.0864374391704764,5,0.6812870754497491,0.06823554587173587,5,0.0942976051186505,0.136726881600106,5,0.6380081233688923,0.058538479530260305,5,0.5446846846846848,0.06719069067391376,5,0.24953212453358206,0.02668018756739235,5,0.6959085602366766,0.06319984476827001,5,0.14053171641791037,0.03803043909551127,5,0.1884023399907164,0.00746194489110429,5
ChEMBL_CNS_CHEMBL217_D2_dopamine_receptor,lowdata_100,molformer_xgb,foundation,molformer,xgb,0.5996396396396397,0.061738338439287894,5,0.6964467756348933,0.04643475209965163,5,0.09960052570287814,0.1455523993809272,5,0.6404569078429951,0.05406268516635152,5,0.548018018018018,0.07163408583254118,5,0.292273622751236,0.04940989700826081,5,0.8502919593853658,0.16037177496315153,5,0.2307750780969413,0.08887771617773688,5,0.26793066001264376,0.01887425674558927,5
ChEMBL_CNS_CHEMBL217_D2_dopamine_receptor,lowdata_100,morgan_lr,classical,morgan,lr,0.7401801801801802,0.06840502038872548,5,0.7605770260665711,0.07094077675654721,5,0.3223881711542668,0.14655469010747366,5,0.7187805163135491,0.04717726831315229,5,0.6577477477477477,0.0757067718178689,5,0.24809757197572688,0.04415985682966648,5,0.9465125121794318,0.13682548735691613,5,0.24924736080550297,0.04818719563581995,5,0.01229735999368126,0.002232025275731017,5
ChEMBL_CNS_CHEMBL217_D2_dopamine_receptor,lowdata_100,morgan_rf,classical,morgan,rf,0.7477477477477478,0.05972164417437783,5,0.7580144540276876,0.039440915869813145,5,0.3688823551220942,0.12182339652966173,5,0.7413169850196754,0.041905763965461675,5,0.676036036036036,0.06053273088838882,5,0.20372515434964064,0.02373288600953567,5,0.6084299960501157,0.0567744424438478,5,0.13753620762997004,0.04117571750950112,5,0.2031392600154504,0.007244586334387319,5
ChEMBL_CNS_CHEMBL217_D2_dopamine_receptor,lowdata_100,morgan_xgb,classical,morgan,xgb,0.7036036036036036,0.050118559217980196,5,0.7258589258625567,0.040065215720015916,5,0.30996450948104104,0.14945785223550076,5,0.7190764279424804,0.060298261607972116,5,0.6439639639639639,0.06674544894563944,5,0.2379869937896728,0.035471632498732704,5,0.7059284795996008,0.08549842686227407,5,0.18531144570503658,0.06429827216891877,5,0.069782560004387,0.0040714442588599895,5
ChEMBL_CNS_CHEMBL217_D2_dopamine_receptor,lowdata_100,rdkit_lr,classical,rdkit,lr,0.5794594594594595,0.12274985534185329,5,0.644743451927008,0.10503825770950856,5,0.12615309453314988,0.22266545670472773,5,0.6080762933108429,0.06763941995714394,5,0.5633333333333332,0.11095199019355938,5,0.2628376547001494,0.03662207103801812,5,0.7482576990054502,0.09693322849305915,5,0.17036220385128248,0.059593698629365074,5,0.00791380001464852,0.0006970740918502904,5
ChEMBL_CNS_CHEMBL217_D2_dopamine_receptor,lowdata_100,rdkit_rf,classical,rdkit,rf,0.6877477477477478,0.07139135174152306,5,0.7362857865824678,0.06716775996763086,5,0.27516679285349155,0.161517757622711,5,0.693028516721594,0.040352090042637505,5,0.6361261261261262,0.08379189634268648,5,0.22563439046059225,0.025221087937870347,5,0.6502507347014621,0.06419336886678373,5,0.13581688348169468,0.0476407723205075,5,0.18915844003204252,0.012295390893043183,5
ChEMBL_CNS_CHEMBL217_D2_dopamine_receptor,lowdata_100,rdkit_xgb,classical,rdkit,xgb,0.640990990990991,0.05352594874779444,5,0.6860387098785621,0.05778044156739596,5,0.22871575879424752,0.12484264835544852,5,0.6672675294112043,0.04031964203853604,5,0.6132432432432433,0.06297016967816046,5,0.26159258782863615,0.025853175107123552,5,0.7632856383416751,0.07411401375651556,5,0.1973185021819463,0.04383807114222242,5,0.0372117400052957,0.003953205364594194,5
ChEMBL_CNS_CHEMBL217_D2_dopamine_receptor,lowdata_250,chemberta_lr,foundation,chemberta,lr,0.6663063063063064,0.036280700961188836,5,0.7280648330640711,0.020564661294260017,5,0.2150728285782395,0.09824557215346034,5,0.6383370658876988,0.05954028021853923,5,0.6062162162162162,0.04893289498891088,5,0.30705868764107624,0.03640367773216529,5,1.2566107971295448,0.13045595593776665,5,0.3041680124290745,0.04807943433313343,5,0.040906760038342274,0.001042697110618129,5
ChEMBL_CNS_CHEMBL217_D2_dopamine_receptor,lowdata_250,chemberta_rf,foundation,chemberta,rf,0.7568468468468469,0.041554389754253275,5,0.7655325551979006,0.03575657690519124,5,0.4055985444479166,0.09187201641440204,5,0.7468430635284239,0.04352870954697457,5,0.6985585585585585,0.045386543343760744,5,0.2001572338502798,0.013298616370218692,5,0.5947736457247348,0.031067159008896752,5,0.10244869402985071,0.016465320224890265,5,0.20721511999145145,0.005409852231982415,5
ChEMBL_CNS_CHEMBL217_D2_dopamine_receptor,lowdata_250,chemberta_xgb,foundation,chemberta,xgb,0.7313513513513514,0.024000175850883012,5,0.7489257078974609,0.03474512342247622,5,0.34552485368612906,0.07989016212860645,5,0.7164002366295085,0.04267801661753452,5,0.6702702702702703,0.03841658420591499,5,0.22570616304874416,0.017008520310259394,5,0.7164297217768459,0.06229993131483326,5,0.16372946331750096,0.02090692718457129,5,1.8014964599860832,0.3884861244766817,5
ChEMBL_CNS_CHEMBL217_D2_dopamine_receptor,lowdata_250,molformer_lr,foundation,molformer,lr,0.6807207207207208,0.02458650825717576,5,0.6922441018303487,0.028607946539370287,5,0.3453105484673281,0.04730100918902747,5,0.7051674268436428,0.02412066395870581,5,0.6707207207207208,0.02332576662590071,5,0.24859512723559596,0.015483370782338954,5,0.8620433543268261,0.08291581400430899,5,0.21239933753232543,0.03616339089322511,5,0.06939674000022926,0.0027129784762269966,5
ChEMBL_CNS_CHEMBL217_D2_dopamine_receptor,lowdata_250,molformer_rf,foundation,molformer,rf,0.7127927927927928,0.03222625909127929,5,0.7636162314020052,0.02996907825572602,5,0.2653887785832864,0.15703211776307857,5,0.7083516089845014,0.05487823675854076,5,0.6245945945945945,0.07364940628312401,5,0.21581625965135123,0.008821290707812178,5,0.6194295534810033,0.017309841660983476,5,0.13099119289331407,0.05823007546810215,5,0.2072792000137269,0.007833859710743346,5
ChEMBL_CNS_CHEMBL217_D2_dopamine_receptor,lowdata_250,molformer_xgb,foundation,molformer,xgb,0.6818018018018018,0.039090172103337976,5,0.7554796082538171,0.027895706617484178,5,0.2199344575215385,0.11862654742898097,5,0.6713418898779662,0.048959033783377785,5,0.6073873873873874,0.05846978718372943,5,0.24841801822185516,0.020300879513266607,5,0.7155259177288315,0.05096513129350688,5,0.1976239288809584,0.016608068886613255,5,1.771485019987449,0.2264140467526378,5
ChEMBL_CNS_CHEMBL217_D2_dopamine_receptor,lowdata_250,morgan_lr,classical,morgan,lr,0.8075675675675675,0.05129837634182199,5,0.8343059772905619,0.05192444430070137,5,0.5039567349526024,0.10107760557010442,5,0.7869129392856344,0.03944269620261123,5,0.7481081081081081,0.0524744808331276,5,0.20316732653247255,0.03542495846061663,5,0.9697061482738853,0.18167919325179793,5,0.20161651716566928,0.03252871027106193,5,0.02353077998850492,0.0032078345151089625,5
ChEMBL_CNS_CHEMBL217_D2_dopamine_receptor,lowdata_250,morgan_rf,classical,morgan,rf,0.8391891891891893,0.03887207307427942,5,0.8427956563140875,0.040119190096603786,5,0.5788696931428889,0.08792275043402717,5,0.8247493540891438,0.032461142650222805,5,0.7799099099099098,0.047293650653071805,5,0.15917620397747548,0.020944906926817563,5,0.4989327370288946,0.059661253491501164,5,0.11624008731341795,0.029514206883110836,5,0.2022100600181147,0.004745289067085953,5
ChEMBL_CNS_CHEMBL217_D2_dopamine_receptor,lowdata_250,morgan_xgb,classical,morgan,xgb,0.8239639639639641,0.052649160451600945,5,0.820507890060757,0.05092447685197168,5,0.5348557013746797,0.10417088798144866,5,0.8073671967975764,0.039741306552873924,5,0.7584684684684684,0.052200191523884866,5,0.16624303758144374,0.025514355103634624,5,0.5123203153584888,0.07068647424976825,5,0.10706032774786442,0.033396951283993906,5,0.09704586000880222,0.0018040751573894823,5
ChEMBL_CNS_CHEMBL217_D2_dopamine_receptor,lowdata_250,rdkit_lr,classical,rdkit,lr,0.6592792792792792,0.04912347522846097,5,0.7497254144589772,0.03850815306483127,5,0.20510100080497726,0.08716214250552311,5,0.6272483697036126,0.05767637739913149,5,0.602072072072072,0.0431288370243107,5,0.2289947703813684,0.01444215749482634,5,0.6549082153866312,0.03751857900771287,5,0.10514923317566101,0.0551752776999402,5,0.0086914999876171,0.000664635022005779,5
ChEMBL_CNS_CHEMBL217_D2_dopamine_receptor,lowdata_250,rdkit_rf,classical,rdkit,rf,0.8003603603603604,0.05028871275252514,5,0.8239231335300108,0.0447757929022143,5,0.4597572275239785,0.10232228108311536,5,0.7703859649122806,0.040588431170033724,5,0.7260360360360361,0.052534381242800576,5,0.17958592747079444,0.022389551375222798,5,0.5382912256642386,0.055712841839340915,5,0.09831007459240616,0.05034621591500093,5,0.19947294000303367,0.005039841829694811,5
ChEMBL_CNS_CHEMBL217_D2_dopamine_receptor,lowdata_250,rdkit_xgb,classical,rdkit,xgb,0.7822522522522524,0.03327789399946835,5,0.8053586694661586,0.047107990346943567,5,0.460197192578523,0.025748822146325998,5,0.771192844529731,0.008538272838093525,5,0.7254054054054053,0.015187596766044316,5,0.1894271612167358,0.014419459444913466,5,0.5677246445147321,0.03928642698910524,5,0.13668312909665387,0.02668299000997241,5,0.040514100017026024,0.0006854543920791581,5
ChEMBL_CNS_CHEMBL217_D2_dopamine_receptor,lowdata_50,chemberta_lr,foundation,chemberta,lr,0.6911711711711711,0.08027476959311577,5,0.710941843361371,0.05839218121487531,5,0.32965832901003056,0.12152395042204574,5,0.7006673909770991,0.06514065257629773,5,0.6594594594594595,0.06007816919181596,5,0.2839720566666508,0.052244726111024126,5,1.35106571728764,0.25058004178037474,5,0.28156429785105896,0.062331287575091494,5,0.01463623999152328,0.0012239760677503035,5
ChEMBL_CNS_CHEMBL217_D2_dopamine_receptor,lowdata_50,chemberta_rf,foundation,chemberta,rf,0.6981081081081081,0.07744041120473104,5,0.7292717889387194,0.053380420034043176,5,0.3031556441232356,0.14150716221158238,5,0.7158217793793431,0.04491995374441309,5,0.6464864864864864,0.07121491984164056,5,0.21587970790578356,0.02116225663134241,5,0.6235958754778979,0.04674409127227162,5,0.09967350746268652,0.026995309090376594,5,0.19347925999900323,0.00562005634446911,5
ChEMBL_CNS_CHEMBL217_D2_dopamine_receptor,lowdata_50,chemberta_xgb,foundation,chemberta,xgb,0.6864864864864865,0.06957965086360225,5,0.7214420976999958,0.049216895613433724,5,0.26670119343961685,0.14999188377513892,5,0.694800543656674,0.04582428098635081,5,0.6309009009009009,0.07526540438550458,5,0.2403843134641647,0.033102528406933354,5,0.7297447228744744,0.09149313593029622,5,0.1854207487359865,0.04959136830151076,5,0.11077477997168894,0.023013603157757495,5
ChEMBL_CNS_CHEMBL217_D2_dopamine_receptor,lowdata_50,molformer_lr,foundation,molformer,lr,0.6288288288288288,0.0852958585841054,5,0.6783146391090488,0.053943058265245265,5,0.2211934655987669,0.1392385982198221,5,0.639260409765795,0.04312851598515705,5,0.6108108108108107,0.06951254675465775,5,0.3055685103809403,0.04598943269199103,5,1.1825154041820174,0.17604238574464462,5,0.2908240979910493,0.033943370382518004,5,0.019071059999987438,0.0008262686444184262,5
ChEMBL_CNS_CHEMBL217_D2_dopamine_receptor,lowdata_50,molformer_rf,foundation,molformer,rf,0.6110810810810812,0.06952101127606446,5,0.6314020944417746,0.07277986272539232,5,0.1974784458059835,0.10676005071102561,5,0.680425152986736,0.0428738051051229,5,0.5917117117117117,0.05385341893762931,5,0.2426504562150186,0.021161848814476046,5,0.6832834174988636,0.0493310789510605,5,0.1357975746268656,0.05452220139406319,5,0.18927808000007643,0.013675340284209957,5
ChEMBL_CNS_CHEMBL217_D2_dopamine_receptor,lowdata_50,molformer_xgb,foundation,molformer,xgb,0.6218018018018018,0.037684158096567916,5,0.6750397220798922,0.05769242670437714,5,0.1106519056607703,0.06780176405772642,5,0.6343381642512077,0.03911145913733569,5,0.5532432432432433,0.034270369738679606,5,0.27707237005233765,0.016691220861608964,5,0.7960508317070312,0.060702258688912575,5,0.22616777820373643,0.019590205712038424,5,0.10935981998918573,0.008910183984108625,5
ChEMBL_CNS_CHEMBL217_D2_dopamine_receptor,lowdata_50,morgan_lr,classical,morgan,lr,0.74,0.06474149930301493,5,0.7758589170627503,0.03782561276792955,5,0.3818402798747197,0.14233723713300117,5,0.7478784106235087,0.06087052012122919,5,0.6808108108108109,0.0681942410219706,5,0.23424269742342982,0.05051737832685025,5,0.8217981438460882,0.16588907150495266,5,0.2063979820510499,0.050470002255693064,5,0.00906621998874466,0.0011721034111217632,5
ChEMBL_CNS_CHEMBL217_D2_dopamine_receptor,lowdata_50,morgan_rf,classical,morgan,rf,0.7413513513513513,0.04539213126430453,5,0.7639547172429689,0.043878766410415444,5,0.3658318278827467,0.16558059265579594,5,0.7438167407020295,0.06937783762028166,5,0.6649549549549549,0.07287725899526167,5,0.2055398058535447,0.015819625277971705,5,0.6005637653619412,0.03714876719189991,5,0.16086753731343278,0.04861446102630491,5,0.1993724599829875,0.009213775150002445,5
ChEMBL_CNS_CHEMBL217_D2_dopamine_receptor,lowdata_50,morgan_xgb,classical,morgan,xgb,0.6741441441441441,0.06137674594486595,5,0.7026436420954181,0.07713724000812304,5,0.29236416367919765,0.08801290895338401,5,0.7136507003624253,0.03949427670897254,5,0.6385585585585586,0.03980259298802946,5,0.24464933872222897,0.027072583268259304,5,0.718651234284363,0.08768271973116486,5,0.16901408495075665,0.049273912495112565,5,0.06478282001335171,0.011107515616122993,5
ChEMBL_CNS_CHEMBL217_D2_dopamine_receptor,lowdata_50,rdkit_lr,classical,rdkit,lr,0.609009009009009,0.07030491176622225,5,0.6853652330524793,0.04674608041468961,5,0.16762951831132772,0.17573354409480416,5,0.600178666061019,0.10118426184887669,5,0.5825225225225225,0.08727202843688252,5,0.2478716292634057,0.014781092678432355,5,0.7008717257311599,0.033650227396159325,5,0.15280006953696718,0.042587756841862855,5,0.0069671399891376,0.0009786560966076568,5
ChEMBL_CNS_CHEMBL217_D2_dopamine_receptor,lowdata_50,rdkit_rf,classical,rdkit,rf,0.7037837837837838,0.0798801197810753,5,0.7494120876466611,0.0503901222339424,5,0.29353586326947456,0.2033907334283781,5,0.6974931267990796,0.09469738999071377,5,0.6402702702702703,0.09325227357586306,5,0.21507750553871263,0.030645687596113462,5,0.6161152450994682,0.06661944177363016,5,0.1364505597014925,0.03886109038643818,5,0.19198243999853726,0.013530925903456363,5
ChEMBL_CNS_CHEMBL217_D2_dopamine_receptor,lowdata_50,rdkit_xgb,classical,rdkit,xgb,0.6697297297297297,0.06798624041408968,5,0.7219466499710696,0.044174631844319995,5,0.2508468590865953,0.14821510646565259,5,0.6745322773503291,0.0854675719727961,5,0.6207207207207207,0.07169311973216431,5,0.24577205479145045,0.032682118299337905,5,0.7115451993668896,0.07565652138648891,5,0.18985794362292358,0.04961168465321476,5,0.031612499989569144,0.005816597910532975,5
ChEMBL_CNS_CHEMBL217_D2_dopamine_receptor,random,chemberta_lr,foundation,chemberta,lr,0.6825225225225224,0.05273387851300243,5,0.7414852604461771,0.03381000437094843,5,0.28003256845688074,0.12180658956337212,5,0.6705078490947273,0.06258845770525735,5,0.6390990990990991,0.06102016016394017,5,0.29327448599032363,0.04645834700531541,5,1.1759526770405493,0.19367053156203276,5,0.2846382917585551,0.05506123173265929,5,0.0406979200080968,0.00473571088653612,5
ChEMBL_CNS_CHEMBL217_D2_dopamine_receptor,random,chemberta_rf,foundation,chemberta,rf,0.7613513513513513,0.05121029306435726,5,0.7646793112086415,0.044804126978150026,5,0.4120942399699131,0.11768946952061754,5,0.7477174171009787,0.051204687039401266,5,0.7025225225225225,0.0584914723136159,5,0.19811938840951487,0.018947450120393356,5,0.5959675974767109,0.045380479405418166,5,0.11170708955223876,0.018127777770298843,5,0.21077716002473607,0.01106832537146279,5
ChEMBL_CNS_CHEMBL217_D2_dopamine_receptor,random,chemberta_xgb,foundation,chemberta,xgb,0.7414414414414414,0.03341844502881335,5,0.7530660121847117,0.03535657234509773,5,0.37725903379058,0.0999161120656702,5,0.7276824976824977,0.045828861163369865,5,0.6863063063063063,0.050160646075774015,5,0.21729472875595093,0.020202320354634252,5,0.6926178248774641,0.06336843631784417,5,0.17101646221395742,0.02668773899155782,5,1.8670709000201895,0.25410643727053106,5
ChEMBL_CNS_CHEMBL217_D2_dopamine_receptor,random,molformer_lr,foundation,molformer,lr,0.669009009009009,0.025390385950704857,5,0.6929420479533175,0.03733348526837438,5,0.32229142639405917,0.05459728922576963,5,0.6915438183980572,0.019096864390154213,5,0.6599099099099099,0.028595622068655614,5,0.2566622914427875,0.016918355240248244,5,0.856120772035681,0.06498763947270224,5,0.215682082974537,0.0370775892379935,5,0.07055843999842178,0.000985835233141375,5
ChEMBL_CNS_CHEMBL217_D2_dopamine_receptor,random,molformer_rf,foundation,molformer,rf,0.7081081081081081,0.04316340226988279,5,0.7576704986823413,0.045089020758695156,5,0.2696945402360821,0.09552185191899311,5,0.6986472757790587,0.04771537293425722,5,0.6283783783783783,0.043803845550283604,5,0.21537032160595185,0.01161399697570889,5,0.6185429568003572,0.0258990712913851,5,0.10549037030902528,0.03197141389477485,5,0.2165549599914811,0.029555110179530383,5
ChEMBL_CNS_CHEMBL217_D2_dopamine_receptor,random,molformer_xgb,foundation,molformer,xgb,0.6713513513513514,0.042554576405530536,5,0.7359499923019259,0.05173262066698901,5,0.22001272564586488,0.1351213924367152,5,0.6726839165435656,0.05976485512376982,5,0.6067567567567568,0.06631190609922273,5,0.2551790475845337,0.026200126369694536,5,0.7408983249304029,0.06906258764302824,5,0.2070136806858119,0.05474242628411198,5,1.9212461400078609,0.27600200513097367,5
ChEMBL_CNS_CHEMBL217_D2_dopamine_receptor,random,morgan_lr,classical,morgan,lr,0.8122522522522523,0.06191555732561601,5,0.8379121898803141,0.06251364209036037,5,0.5175101505932476,0.14856855348359116,5,0.7874245774252984,0.06390227799028993,5,0.7566666666666666,0.07428363614646012,5,0.20079585227536595,0.05093920210646252,5,0.9640533700618619,0.22737450746935875,5,0.20488993026780822,0.04934677087296089,5,0.0267975799972191,0.006448159775740271,5
ChEMBL_CNS_CHEMBL217_D2_dopamine_receptor,random,morgan_rf,classical,morgan,rf,0.846936936936937,0.04526007235771392,5,0.8560541297660038,0.04243675795467087,5,0.5916214689634917,0.07690093116117301,5,0.8297722624277377,0.027753739620237385,5,0.785945945945946,0.043215550442129456,5,0.1576864425589418,0.02431398494966162,5,0.491938380821568,0.06753297076158529,5,0.1241724377373357,0.011617003369388845,5,0.2063084399909712,0.005490472740428458,5
ChEMBL_CNS_CHEMBL217_D2_dopamine_receptor,random,morgan_xgb,classical,morgan,xgb,0.8286486486486486,0.05390896443743831,5,0.8290566349452148,0.04555224672904488,5,0.5173146030393398,0.13009377816057244,5,0.7990123456790124,0.050409087032789505,5,0.7497297297297297,0.06292342971147794,5,0.16418711245059964,0.02576899193370047,5,0.5062421356075381,0.06958829380667134,5,0.1217398351030563,0.0494717338275366,5,0.10996550000272687,0.014534797641827893,5
ChEMBL_CNS_CHEMBL217_D2_dopamine_receptor,random,rdkit_lr,classical,rdkit,lr,0.6673873873873875,0.03983062101276045,5,0.7571242533645629,0.029191637562525304,5,0.22981448557539302,0.08078068472151434,5,0.639094239094239,0.04464837866880997,5,0.6141441441441441,0.04043856042270734,5,0.22789049471830033,0.012546428562753571,5,0.6525688128613272,0.03277754652605139,5,0.10520505083799922,0.033572610346922195,5,0.00917036000173534,0.0011544627971085014,5
ChEMBL_CNS_CHEMBL217_D2_dopamine_receptor,random,rdkit_rf,classical,rdkit,rf,0.8115315315315316,0.037098088361153365,5,0.82736358032528,0.029852379674927217,5,0.4913377435196532,0.10213849155744187,5,0.7880989085887717,0.04141867599002313,5,0.7382882882882884,0.05192797012833471,5,0.17534769792786947,0.01614286992699864,5,0.5279905345899463,0.03509463198427524,5,0.11671741990214968,0.02678098070306368,5,0.2040292399935424,0.006175055654091315,5
ChEMBL_CNS_CHEMBL217_D2_dopamine_receptor,random,rdkit_xgb,classical,rdkit,xgb,0.7963963963963965,0.02111839309861452,5,0.8098797342864404,0.043187472075343986,5,0.490681114853612,0.06227334164047334,5,0.7799571656413762,0.02818334060788632,5,0.7427027027027027,0.030258068111182486,5,0.18301686048507687,0.009736862789259327,5,0.5563683060833158,0.028864112130442827,5,0.14212391203019153,0.026396743776661583,5,0.0467039199895225,0.007292322651698964,5
ChEMBL_CNS_CHEMBL217_D2_dopamine_receptor,scaffold,chemberta_lr,foundation,chemberta,lr,0.5916123019571295,0.12874535479363483,5,0.6540587530438113,0.10503628807835322,5,0.09862030748807801,0.2329662816340277,5,0.584991662133203,0.11689660662262144,5,0.5493010251630942,0.11719612427178792,5,0.3572675939629948,0.0729824824940261,5,1.5366473525226358,0.3206340266098857,5,0.36140985259522157,0.08976831485282534,5,0.04178526001051064,0.0025507976658906777,5
ChEMBL_CNS_CHEMBL217_D2_dopamine_receptor,scaffold,chemberta_rf,foundation,chemberta,rf,0.7246971109040075,0.07989363582556731,5,0.7467950811292888,0.07760952427020022,5,0.3522764967656292,0.08686309293083955,5,0.7370040831321326,0.038514093311104905,5,0.6655172413793103,0.03775815803903081,5,0.2113836115056818,0.018677323615088986,5,0.6148225079073779,0.046545969475160015,5,0.12495265151515147,0.03114856971513889,5,0.21159169999882574,0.012920839379350239,5
ChEMBL_CNS_CHEMBL217_D2_dopamine_receptor,scaffold,chemberta_xgb,foundation,chemberta,xgb,0.7000931966449209,0.024537457198529736,5,0.7462831327214074,0.04664797673444167,5,0.30404885761590245,0.1020511653712513,5,0.7027786526357371,0.05280252134709886,5,0.6377446411929171,0.02628698890112565,5,0.23858841657638546,0.02229335387301895,5,0.7046546626117858,0.0794124487559556,5,0.17623868998930306,0.03336044245094677,5,1.8642038200050592,0.28214566416312375,5
ChEMBL_CNS_CHEMBL217_D2_dopamine_receptor,scaffold,molformer_lr,foundation,molformer,lr,0.6070829450139795,0.05772495914746149,5,0.6868299514703369,0.06008623282302561,5,0.12886358915592577,0.1434197064920784,5,0.6253907173496215,0.065534613384459,5,0.5637465051258155,0.07164285603068156,5,0.2902941703498733,0.03225441335002729,5,0.9158728339156037,0.11577120314527377,5,0.22883199493046477,0.04966733483364421,5,0.06945577997248616,0.003304195123050326,5
ChEMBL_CNS_CHEMBL217_D2_dopamine_receptor,scaffold,molformer_rf,foundation,molformer,rf,0.6361602982292638,0.06807853840749854,5,0.6924414256853092,0.03982556324026475,5,0.2162721225141259,0.1342938708658006,5,0.6904280865951135,0.04528039694856547,5,0.6032618825722273,0.06926366875761199,5,0.233133987438711,0.015370072462374755,5,0.6596225680897445,0.03405053823401472,5,0.1128647266128725,0.019476570608860336,5,0.215031839965377,0.010360506830120518,5
ChEMBL_CNS_CHEMBL217_D2_dopamine_receptor,scaffold,molformer_xgb,foundation,molformer,xgb,0.6027027027027028,0.07483101556519661,5,0.6943700863733817,0.039129409336288494,5,0.07079503223683811,0.17802462309439895,5,0.628562395566615,0.07200718232992159,5,0.5336439888164026,0.08651327135289344,5,0.2635546863079071,0.03230150121542273,5,0.7397839651347116,0.07954582476705703,5,0.20204189713254114,0.0708466532573564,5,1.9628909799968823,0.17207589517823743,5
ChEMBL_CNS_CHEMBL217_D2_dopamine_receptor,scaffold,morgan_lr,classical,morgan,lr,0.6876048462255359,0.047829268171642236,5,0.7307290176533479,0.04173164934790828,5,0.2830124092458197,0.0766922421860757,5,0.6688205031683292,0.048130257630021114,5,0.6415657036346691,0.03673207167864226,5,0.2841508983748994,0.02853267610343281,5,1.2075771299006486,0.2896775983898679,5,0.273288269316955,0.020881431993513788,5,0.02897887999424706,0.006454497550013629,5
ChEMBL_CNS_CHEMBL217_D2_dopamine_receptor,scaffold,morgan_rf,classical,morgan,rf,0.7114631873252563,0.1000857770839493,5,0.7584380234868314,0.058082630775604466,5,0.2921203802227367,0.24780037808400215,5,0.7059045719900584,0.10096598898151914,5,0.6426840633737185,0.1208700663399112,5,0.21309177426833809,0.02564761129815406,5,0.6152825692439835,0.0543310647094674,5,0.13817640515334526,0.045828714384613084,5,0.20966304000467062,0.0065192955832990415,5
ChEMBL_CNS_CHEMBL217_D2_dopamine_receptor,scaffold,morgan_xgb,classical,morgan,xgb,0.6661696178937558,0.1260274008103055,5,0.7323080711657042,0.06402715922869062,5,0.224196098618469,0.20537636909806425,5,0.6627550498282206,0.13491322777543152,5,0.607269338303821,0.09926613042410169,5,0.23283946514129633,0.041727934090290214,5,0.6644466236294339,0.08892758360199883,5,0.15420090355204813,0.057594673250453,5,0.1140905600157566,0.014929585980225105,5
ChEMBL_CNS_CHEMBL217_D2_dopamine_receptor,scaffold,rdkit_lr,classical,rdkit,lr,0.5694315004659833,0.03910235139296283,5,0.6252046992015141,0.027274767211216692,5,0.10046191634111039,0.03375918859576374,5,0.5391320533541729,0.10186366354567078,5,0.5479030754892824,0.016106445753081903,5,0.2571237435604063,0.021561657912120582,5,0.7150521215483676,0.054476489627341876,5,0.15160763700574484,0.03888735893403389,5,0.00858827998163174,0.0005792031309958432,5
ChEMBL_CNS_CHEMBL217_D2_dopamine_receptor,scaffold,rdkit_rf,classical,rdkit,rf,0.6610438024231128,0.03724748230426359,5,0.7141449374580036,0.06681810612834681,5,0.17488779152653877,0.07454419242056776,5,0.64247990815155,0.037998499094636005,5,0.5849021435228332,0.03814009356713309,5,0.23270966306153767,0.012063184062631774,5,0.6536288880603723,0.029760867905042468,5,0.1549373927727213,0.050373635841137986,5,0.20494653999339785,0.007384427019733216,5
ChEMBL_CNS_CHEMBL217_D2_dopamine_receptor,scaffold,rdkit_xgb,classical,rdkit,xgb,0.5847157502329916,0.09186513885905621,5,0.6502012088708599,0.0746735139101313,5,0.11105701778476147,0.1570000383902831,5,0.5768275887263229,0.16322990703632334,5,0.5539608574091333,0.07397870776760412,5,0.2847533285617828,0.04563992303548424,5,0.7996072376489184,0.11901030725860881,5,0.2354351822625506,0.0593976409786681,5,0.04569164002314206,0.010243915330837247,5
ChEMBL_CNS_CHEMBL228_Sodiumdependent_serotonin_transp,lowdata_100,chemberta_lr,foundation,chemberta,lr,0.7814035087719299,0.07457275455392902,5,0.836850495763926,0.06673676079907344,5,0.41302674113355337,0.14022278370219693,5,0.7485912569321809,0.07180893295131394,5,0.7092982456140351,0.06858841429543124,5,0.24638962575613604,0.06149574142827038,5,1.0768370347118543,0.3885218272212274,5,0.25726454678901983,0.0775028048217658,5,0.021333359985146638,0.003716062877175755,5
ChEMBL_CNS_CHEMBL228_Sodiumdependent_serotonin_transp,lowdata_100,chemberta_rf,foundation,chemberta,rf,0.783859649122807,0.08166991720969898,5,0.8557641502302442,0.04232818778332334,5,0.4480694062396505,0.1814362404962191,5,0.8030209073679224,0.05931615887851819,5,0.7089473684210527,0.0800829632914604,5,0.17845782844387753,0.030670368152708072,5,0.5257297455189028,0.06765517857284589,5,0.11562500040816319,0.027675696322742624,5,0.21482946000760417,0.01776967872543106,5
ChEMBL_CNS_CHEMBL228_Sodiumdependent_serotonin_transp,lowdata_100,chemberta_xgb,foundation,chemberta,xgb,0.7807017543859649,0.08946508386598677,5,0.8550866122052272,0.052624916408609924,5,0.40060692177373625,0.23111152705394514,5,0.7487156585226467,0.11749054112609085,5,0.6963157894736842,0.10833670709996289,5,0.203548401594162,0.06238101688611481,5,0.6087624502475499,0.1578836749920031,5,0.19180264661506727,0.065679684463759,5,0.2953961399849504,0.0685480026520619,5
ChEMBL_CNS_CHEMBL228_Sodiumdependent_serotonin_transp,lowdata_100,molformer_lr,foundation,molformer,lr,0.7191228070175439,0.06853454375195325,5,0.7937815286903744,0.05850875948835981,5,0.3432163968893328,0.14012572899899592,5,0.7225141868389922,0.07943646840822732,5,0.6710526315789475,0.0700354964302668,5,0.2486159196980681,0.05103123403793697,5,0.9459518904186384,0.1704986954698331,5,0.24668499588877454,0.04662011004309606,5,0.025124640017747817,0.0018807656852334695,5
ChEMBL_CNS_CHEMBL228_Sodiumdependent_serotonin_transp,lowdata_100,molformer_rf,foundation,molformer,rf,0.7780701754385965,0.0505966250576131,5,0.8524866924865135,0.028844391164326844,5,0.4158464637213738,0.13646585652382517,5,0.795,0.0455750466183015,5,0.6950877192982456,0.06328143375760359,5,0.18384910116390302,0.02208562166248454,5,0.5425004436859603,0.05190866254872149,5,0.13198341836734687,0.04034484721642468,5,0.20639188000932326,0.01248669322791206,5
ChEMBL_CNS_CHEMBL228_Sodiumdependent_serotonin_transp,lowdata_100,molformer_xgb,foundation,molformer,xgb,0.7496491228070175,0.06977848254766192,5,0.8271304187301768,0.049757129928930145,5,0.4058874432617975,0.11755588604624405,5,0.7720117599135717,0.045073047395983196,5,0.7005263157894737,0.061157401533979736,5,0.21115061342716218,0.03681266526239,5,0.6547907594233552,0.11845740720635393,5,0.18578724208839079,0.055237539144925456,5,0.36457436000928284,0.09425765116535231,5
ChEMBL_CNS_CHEMBL228_Sodiumdependent_serotonin_transp,lowdata_100,morgan_lr,classical,morgan,lr,0.854561403508772,0.07377917856620925,5,0.9083774748248821,0.056273806742608054,5,0.5491323915099797,0.10255701737586843,5,0.8216961775846412,0.04656642007878366,5,0.773157894736842,0.05095502214028887,5,0.17520667103422094,0.050452165124616845,5,0.659720639856521,0.23748420184308613,5,0.17262150276887192,0.04508119919519998,5,0.012534240016248019,0.001977510230303303,5
ChEMBL_CNS_CHEMBL228_Sodiumdependent_serotonin_transp,lowdata_100,morgan_rf,classical,morgan,rf,0.8610526315789475,0.05661327667903832,5,0.9129616930714259,0.0382864225229113,5,0.605401960096104,0.09934493101508532,5,0.8409154359533485,0.040542053586801484,5,0.8008771929824562,0.05201391958025819,5,0.14796466438137776,0.03326968344125811,5,0.44700435569973357,0.0876048270719433,5,0.14190051183673463,0.02102809419538928,5,0.22412708001211282,0.05659109850834182,5
ChEMBL_CNS_CHEMBL228_Sodiumdependent_serotonin_transp,lowdata_100,morgan_xgb,classical,morgan,xgb,0.8542105263157895,0.06096459674284114,5,0.8948971359126128,0.050958656153850576,5,0.5282751912459548,0.12930306680804313,5,0.8093815183119087,0.04639070776168451,5,0.7650877192982456,0.06666782085796816,5,0.15540560781955717,0.04120340816019581,5,0.48582570426994554,0.121355667436593,5,0.14292478163023378,0.04811550504066433,5,0.08684085998684163,0.01646992395984461,5
ChEMBL_CNS_CHEMBL228_Sodiumdependent_serotonin_transp,lowdata_100,rdkit_lr,classical,rdkit,lr,0.7019298245614035,0.09176293945573107,5,0.7848487183020868,0.05950939957328398,5,0.30185920955244133,0.1865568214267815,5,0.7036872476037561,0.11548799653870814,5,0.6466666666666667,0.09429600160528664,5,0.2199979258988213,0.028565284436004753,5,0.6402375097125349,0.07589496040524418,5,0.15632587267487266,0.05304947131929925,5,0.00714361999416718,0.0008186555745923989,5
ChEMBL_CNS_CHEMBL228_Sodiumdependent_serotonin_transp,lowdata_100,rdkit_rf,classical,rdkit,rf,0.7919298245614035,0.07328998550956754,5,0.8625898512270054,0.04000208931079853,5,0.4321157081509157,0.18923513101779532,5,0.77457995951417,0.0879669342229976,5,0.7091228070175439,0.08177348997484109,5,0.17568359375000037,0.04389250997429191,5,0.5192753043283259,0.10018095849387838,5,0.1398596914285714,0.03988860740352097,5,0.20318682000506666,0.022414093990389326,5
ChEMBL_CNS_CHEMBL228_Sodiumdependent_serotonin_transp,lowdata_100,rdkit_xgb,classical,rdkit,xgb,0.7724561403508773,0.06778721255899911,5,0.8314680676402757,0.045041992701730704,5,0.47370445005005174,0.14411431948321585,5,0.791955600457579,0.06526272226846025,5,0.7315789473684211,0.06253038658062032,5,0.1904121190309524,0.04793227436213166,5,0.6071107962522897,0.13312822907626806,5,0.16993945267203506,0.05591892587800133,5,0.03964360001264136,0.01061158828581425,5
ChEMBL_CNS_CHEMBL228_Sodiumdependent_serotonin_transp,lowdata_50,chemberta_lr,foundation,chemberta,lr,0.7943859649122806,0.0766769032469091,5,0.8661170805102778,0.05621772285942375,5,0.4567487049119691,0.1507170611777571,5,0.7834127432770733,0.050033266738296646,5,0.7307017543859649,0.07895224156499857,5,0.22063728440947677,0.05895773977645101,5,0.969126682610194,0.31361844219221846,5,0.23404716871065318,0.05897311469288335,5,0.012941619998309738,0.0012361111489652982,5
ChEMBL_CNS_CHEMBL228_Sodiumdependent_serotonin_transp,lowdata_50,chemberta_rf,foundation,chemberta,rf,0.804561403508772,0.039299811998857945,5,0.8756560797452332,0.027351980858627674,5,0.3794911255379955,0.06806326810460712,5,0.7782961523860565,0.03807329898586935,5,0.6726315789473685,0.029613546599446663,5,0.18054124481823974,0.011158392994265324,5,0.5350263520376544,0.024295884107867267,5,0.13593749999999993,0.03296116641764318,5,0.21858879998326303,0.034792450665966,5
ChEMBL_CNS_CHEMBL228_Sodiumdependent_serotonin_transp,lowdata_50,chemberta_xgb,foundation,chemberta,xgb,0.7835087719298246,0.05911265465439124,5,0.868199401142798,0.02889056315354137,5,0.42753271994138065,0.09083683599562797,5,0.7769589308996089,0.04777577382818857,5,0.7091228070175438,0.03972435030792686,5,0.2004995137453079,0.03277932399838459,5,0.6128797354639239,0.09270736086066439,5,0.1921179328341873,0.04665636534272979,5,0.1067996800062246,0.041754064925123346,5
ChEMBL_CNS_CHEMBL228_Sodiumdependent_serotonin_transp,lowdata_50,molformer_lr,foundation,molformer,lr,0.7331578947368421,0.06205295646438674,5,0.8156901444114929,0.04513232468999249,5,0.40991610548735685,0.09701335757848191,5,0.7603621503868447,0.049220849596407844,5,0.7049122807017544,0.0455574885671163,5,0.24770960079827892,0.05117236576827746,5,1.1049814790577979,0.4690167781724265,5,0.23708854332631665,0.05737393783313716,5,0.019885239982977483,0.003101918907603738,5
ChEMBL_CNS_CHEMBL228_Sodiumdependent_serotonin_transp,lowdata_50,molformer_rf,foundation,molformer,rf,0.7405263157894737,0.04417169695565403,5,0.822767411684023,0.03779706856031527,5,0.30136858053046034,0.18368824517641705,5,0.7520705800790546,0.07428797049629927,5,0.6401754385964912,0.08698243137088034,5,0.20233876753826524,0.015743249976531086,5,0.5859080437495503,0.033829269936646145,5,0.14445153061224483,0.03706582917266431,5,0.19727500001899895,0.004285928517043896,5
ChEMBL_CNS_CHEMBL228_Sodiumdependent_serotonin_transp,lowdata_50,molformer_xgb,foundation,molformer,xgb,0.7303508771929824,0.028744638318674447,5,0.815131021140514,0.030666878158454817,5,0.3330886078660458,0.027770792755179248,5,0.7575770474819962,0.011954491795892091,5,0.6598245614035088,0.019202313392999458,5,0.22042194008827204,0.020364585516993498,5,0.6678509898924616,0.07990545660620865,5,0.20570880083405235,0.04527925742886502,5,0.10450157998129721,0.01947412663299526,5
ChEMBL_CNS_CHEMBL228_Sodiumdependent_serotonin_transp,lowdata_50,morgan_lr,classical,morgan,lr,0.8019298245614035,0.05740221119796265,5,0.871216905135265,0.05809999954962379,5,0.4563333704512604,0.10203494904767174,5,0.7833611769641151,0.04202347779360808,5,0.7287719298245614,0.051187799600559705,5,0.19978143891248423,0.02495283983157016,5,0.7170563376287289,0.1288127321606105,5,0.20553128857942368,0.0287402784288279,5,0.00983543999027456,0.0007494655268306043,5
ChEMBL_CNS_CHEMBL228_Sodiumdependent_serotonin_transp,lowdata_50,morgan_rf,classical,morgan,rf,0.8308771929824562,0.04104757053823539,5,0.8959963185363794,0.028749171026932096,5,0.5082672315034082,0.10790160751710187,5,0.8027421410161827,0.042540453726935525,5,0.7564912280701754,0.055066483782749,5,0.16170504823022963,0.02313132453224207,5,0.4945525214362484,0.062144211335015034,5,0.1446109702040816,0.0389318008137395,5,0.19844026000937445,0.01454628753486344,5
ChEMBL_CNS_CHEMBL228_Sodiumdependent_serotonin_transp,lowdata_50,morgan_xgb,classical,morgan,xgb,0.8271929824561404,0.032134489621077594,5,0.8800659767971422,0.03752963340928606,5,0.5118569187832446,0.15707385741731472,5,0.8091400632729364,0.060970523256502894,5,0.7559649122807017,0.07824836750721298,5,0.1646946012973785,0.026918490158727586,5,0.5067942173370372,0.05716230387932177,5,0.14043730045763808,0.04734698380661101,5,0.05343068001093339,0.006692132878037877,5
ChEMBL_CNS_CHEMBL228_Sodiumdependent_serotonin_transp,lowdata_50,rdkit_lr,classical,rdkit,lr,0.6307017543859649,0.050421431098947,5,0.7260708959528708,0.053995207753170044,5,0.199112082805787,0.09179180017894356,5,0.6407743197198891,0.08918295028284579,5,0.6,0.046594555814804636,5,0.24883410622351776,0.026994500509254855,5,0.7231188945739835,0.07432968990355938,5,0.1832588153984654,0.06812804038669332,5,0.006962060020305159,0.0006871640234748304,5
ChEMBL_CNS_CHEMBL228_Sodiumdependent_serotonin_transp,lowdata_50,rdkit_rf,classical,rdkit,rf,0.7801754385964913,0.06085152904617616,5,0.8543615802805453,0.041755028790286225,5,0.4141894233430981,0.1730638051945638,5,0.775160297517379,0.06946466949955393,5,0.703859649122807,0.08161336757356258,5,0.181729811065051,0.02605865782195357,5,0.5354035520061681,0.059796261246865566,5,0.15739795959183672,0.05017958966996766,5,0.19642830002121622,0.012683952336077157,5
ChEMBL_CNS_CHEMBL228_Sodiumdependent_serotonin_transp,lowdata_50,rdkit_xgb,classical,rdkit,xgb,0.7264912280701755,0.04790309033250488,5,0.8240519919432442,0.03980672424525355,5,0.31640999906493,0.13849549370171008,5,0.7401904108057911,0.04273828250484406,5,0.6575438596491228,0.07253595705699492,5,0.22357605099678035,0.025078583754348044,5,0.6540961686218701,0.07134094167388937,5,0.1947571253898192,0.050738816266110126,5,0.04527222000760952,0.03611219938055175,5
ChEMBL_CNS_CHEMBL228_Sodiumdependent_serotonin_transp,random,chemberta_lr,foundation,chemberta,lr,0.8564912280701755,0.04124486406744645,5,0.8907123410559595,0.03802898689637619,5,0.5512115843390815,0.14731270699669488,5,0.8191847806080436,0.0671221641306379,5,0.7770175438596492,0.07258049733511998,5,0.16276466159682637,0.04534056360478124,5,0.6355404453709823,0.11376760119393084,5,0.16760774641861906,0.03937376860153162,5,0.03076102001359684,0.0026739786975939835,5
ChEMBL_CNS_CHEMBL228_Sodiumdependent_serotonin_transp,random,chemberta_rf,foundation,chemberta,rf,0.8705263157894738,0.03335410248623624,5,0.9143409568594436,0.021492026190204797,5,0.5518310231454823,0.11797115603621154,5,0.8344374193058404,0.042285400490314894,5,0.7610526315789474,0.05186058090941746,5,0.14414486009247454,0.020956458064319956,5,0.44246083325201324,0.0495705900717448,5,0.10845025591836728,0.03474931464902436,5,0.19614780001575122,0.008156963448795124,5
ChEMBL_CNS_CHEMBL228_Sodiumdependent_serotonin_transp,random,chemberta_xgb,foundation,chemberta,xgb,0.8743859649122807,0.03641354754840586,5,0.9199871953652708,0.022975901895504972,5,0.5804284660216481,0.1071790381053572,5,0.837873799937001,0.04851013268671078,5,0.7845614035087719,0.04613651508303795,5,0.14363343417644497,0.026083765905960486,5,0.44016383754056054,0.06851274029338063,5,0.11422531886064272,0.024101863566236868,5,0.9386489600059577,0.11366382437847668,5
ChEMBL_CNS_CHEMBL228_Sodiumdependent_serotonin_transp,random,molformer_lr,foundation,molformer,lr,0.8377192982456141,0.06485891594952178,5,0.8631934216311337,0.06682098276052845,5,0.5734351467431399,0.09174102903592224,5,0.8334094761375074,0.03176351907358459,5,0.7850877192982456,0.04994995957020329,5,0.15908407413028003,0.03673368975273287,5,0.5892351892486178,0.14950490557933724,5,0.14797595410703618,0.05939969064191381,5,0.047455060004722285,0.00682551455806562,5
ChEMBL_CNS_CHEMBL228_Sodiumdependent_serotonin_transp,random,molformer_rf,foundation,molformer,rf,0.853859649122807,0.025374996114757173,5,0.8848667770472162,0.03546800484464202,5,0.5990461471846883,0.06648342071224182,5,0.8544066384435236,0.02344576147198421,5,0.7868421052631579,0.03329868929140752,5,0.15354447383740727,0.011902308723257059,5,0.47583649548987167,0.024997409209725947,5,0.14388117922019786,0.03212841812913512,5,0.21572950001573185,0.025493543820244678,5
ChEMBL_CNS_CHEMBL228_Sodiumdependent_serotonin_transp,random,molformer_xgb,foundation,molformer,xgb,0.8464912280701753,0.039755330503946126,5,0.8902513213378901,0.025842422489641616,5,0.6084868055911443,0.08363001002253632,5,0.8590132574454914,0.028233081904014024,5,0.7882456140350877,0.043704110171948606,5,0.15137343555688854,0.026061216411320438,5,0.4954200193502117,0.08731402779203204,5,0.15089080084343343,0.019218738590989635,5,0.9890998799819499,0.1994507067227907,5
ChEMBL_CNS_CHEMBL228_Sodiumdependent_serotonin_transp,random,morgan_lr,classical,morgan,lr,0.906842105263158,0.03255319769560735,5,0.936153353119258,0.023561942261498086,5,0.6024122931667893,0.09451527950408274,5,0.8434547662416515,0.04102733416084293,5,0.7950877192982457,0.04266171052701468,5,0.15144614607110993,0.03695960866225989,5,0.5696332928886666,0.15933465401270627,5,0.15269615529818523,0.03732965216256232,5,0.01979990003164854,0.0018296233474237302,5
ChEMBL_CNS_CHEMBL228_Sodiumdependent_serotonin_transp,random,morgan_rf,classical,morgan,rf,0.8891228070175439,0.02928169508369438,5,0.9193483837229905,0.024082662896533033,5,0.6243538591550853,0.07889564111818569,5,0.8476712904581756,0.049958742322548814,5,0.8056140350877193,0.03483792664117943,5,0.12803004363164927,0.02038164810046914,5,0.411584454791897,0.060663264839326714,5,0.1116813635423306,0.049782280555583175,5,0.20336198000004507,0.005683444596945014,5
ChEMBL_CNS_CHEMBL228_Sodiumdependent_serotonin_transp,random,morgan_xgb,classical,morgan,xgb,0.8907017543859649,0.024854145164458018,5,0.9233023983229396,0.018521927612278166,5,0.6314051419072404,0.07653719265818587,5,0.8580708973508143,0.026941467808930072,5,0.8122807017543859,0.040217169776658436,5,0.13409533053636546,0.023062990252165495,5,0.42833108450251683,0.06729563828350767,5,0.1408488899925533,0.02690674484720299,5,0.10525180001277472,0.014244920876005972,5
ChEMBL_CNS_CHEMBL228_Sodiumdependent_serotonin_transp,random,rdkit_lr,classical,rdkit,lr,0.754561403508772,0.04528559215555252,5,0.8154124124128785,0.03668026557006557,5,0.3009054082851888,0.11649140643888937,5,0.7068753468753469,0.015808537060159524,5,0.6524561403508772,0.061332665900258626,5,0.20277541611399702,0.014012810641036757,5,0.6004043074024661,0.041418979873067224,5,0.1747063949053627,0.04192851240976028,5,0.00977519999723874,0.00132714117754235,5
ChEMBL_CNS_CHEMBL228_Sodiumdependent_serotonin_transp,random,rdkit_rf,classical,rdkit,rf,0.8784210526315789,0.024274641774958312,5,0.9123092905202445,0.016450302487599745,5,0.6567703341630123,0.10266248419666978,5,0.869131164473667,0.04130779049510882,5,0.8203508771929824,0.04282732477770066,5,0.1317648016285456,0.02589705299949848,5,0.41815424210541724,0.05720280351665628,5,0.13405895139789484,0.0167716230093392,5,0.20742737998953084,0.02267336364850645,5
ChEMBL_CNS_CHEMBL228_Sodiumdependent_serotonin_transp,random,rdkit_xgb,classical,rdkit,xgb,0.8594736842105263,0.039582695480111244,5,0.8929871884584519,0.035886757023767035,5,0.5859423966328468,0.10856593627369371,5,0.8432347778732415,0.04418174612024336,5,0.7859649122807018,0.04735623624958689,5,0.14268845319747925,0.029566644102006514,5,0.46039069464296467,0.07840952548682409,5,0.13438913043664424,0.009233771436544748,5,0.03787674000486726,0.001852803783840129,5
ChEMBL_CNS_CHEMBL228_Sodiumdependent_serotonin_transp,scaffold,chemberta_lr,foundation,chemberta,lr,0.7898245614035088,0.08010265804833273,5,0.825099278411044,0.06020222469779833,5,0.47843593408924406,0.17283910835954633,5,0.8017795637198623,0.07621475897449648,5,0.7252631578947368,0.07561790196486863,5,0.21349526848150235,0.0714350114914806,5,1.0888019576891608,0.40612287097465993,5,0.21923103961369678,0.0727315267497391,5,0.03296335998456918,0.002807159910738227,5
ChEMBL_CNS_CHEMBL228_Sodiumdependent_serotonin_transp,scaffold,chemberta_rf,foundation,chemberta,rf,0.7964912280701755,0.09762885984769869,5,0.8612050911031239,0.07421779234406511,5,0.3879308451621427,0.11348647300635013,5,0.7926169158779951,0.031138780113389036,5,0.671578947368421,0.052193351023319054,5,0.17888158681441338,0.03300056368052947,5,0.527589841778735,0.07942054596972228,5,0.1380420934693877,0.04802104169410886,5,0.2293103999807499,0.047846126072195384,5
ChEMBL_CNS_CHEMBL228_Sodiumdependent_serotonin_transp,scaffold,chemberta_xgb,foundation,chemberta,xgb,0.8270175438596492,0.06868594696557001,5,0.8836375026102676,0.04660355085345739,5,0.42277568107806685,0.18183654864480098,5,0.7840358933897988,0.0726968801114637,5,0.6975438596491228,0.08742142406911874,5,0.18378038555383674,0.045683166673868125,5,0.5476604802944309,0.12228400286212442,5,0.18300568354981278,0.04531363080286818,5,1.1985825399984606,0.5931975758541513,5
ChEMBL_CNS_CHEMBL228_Sodiumdependent_serotonin_transp,scaffold,molformer_lr,foundation,molformer,lr,0.7512280701754387,0.06575320637785592,5,0.8202083202802806,0.02981993096255935,5,0.37867097646472536,0.11381912133774726,5,0.7242427474735164,0.09174754261006768,5,0.677719298245614,0.04981730241166474,5,0.24572404179764687,0.06251267236981294,5,0.9803663763342592,0.3502121198392859,5,0.2429254953267345,0.05965764130143341,5,0.04036114001646634,0.0032791841193851234,5
ChEMBL_CNS_CHEMBL228_Sodiumdependent_serotonin_transp,scaffold,molformer_rf,foundation,molformer,rf,0.6750877192982456,0.0921106932401014,5,0.761656348081833,0.0519117820910597,5,0.25212484114276645,0.16840896740346406,5,0.7245735438880878,0.07138974661289169,5,0.6149122807017544,0.06639487533391676,5,0.21795603435030508,0.029329691073030455,5,0.6278888025315934,0.06199128296279281,5,0.16026461726441427,0.027366488089181407,5,0.20867500001331787,0.020771704323901945,5
ChEMBL_CNS_CHEMBL228_Sodiumdependent_serotonin_transp,scaffold,molformer_xgb,foundation,molformer,xgb,0.6487719298245614,0.11323198988534511,5,0.7488218979263985,0.04309316105640677,5,0.2203786030326666,0.2321499048398298,5,0.6780955666724168,0.13224472360232398,5,0.6012280701754386,0.1004407032645052,5,0.2653850793838501,0.06989931860338094,5,0.7912632103040724,0.1709840972871046,5,0.22794787204083128,0.07988549261386062,5,0.800110700004734,0.14894760375273178,5
ChEMBL_CNS_CHEMBL228_Sodiumdependent_serotonin_transp,scaffold,morgan_lr,classical,morgan,lr,0.7936842105263159,0.12040636028638432,5,0.8609627514344538,0.09777628763998171,5,0.3876603753936004,0.19757498905167614,5,0.7848412897623587,0.0846815606380561,5,0.6701754385964912,0.09223466265329772,5,0.2271703876355955,0.06219123387263805,5,0.8370542804336509,0.26495681282600353,5,0.24250217184163922,0.0726400926868504,5,0.02018934001680458,0.0022750880170593884,5
ChEMBL_CNS_CHEMBL228_Sodiumdependent_serotonin_transp,scaffold,morgan_rf,classical,morgan,rf,0.8524561403508771,0.027273508387668774,5,0.8968172736695841,0.030734211867952332,5,0.5451662528321275,0.11042656179628557,5,0.8396753573224162,0.03575604230945971,5,0.7533333333333333,0.05575318802330024,5,0.1590801723235573,0.01606322533902696,5,0.4876407444167274,0.030912386898901682,5,0.14660383691983758,0.04487169701817946,5,0.21066959997406226,0.030186624931080038,5
ChEMBL_CNS_CHEMBL228_Sodiumdependent_serotonin_transp,scaffold,morgan_xgb,classical,morgan,xgb,0.8505263157894737,0.05443404778843321,5,0.8961852410392488,0.04597004472681082,5,0.5217209187780341,0.1162900717373734,5,0.8254715580118805,0.04656738170106163,5,0.7471929824561403,0.05038479205007408,5,0.1623858138918876,0.030184809547310374,5,0.5081720609774678,0.07515031525661167,5,0.15585553072849095,0.05432936313416572,5,0.11257573998300355,0.02138496366214282,5
ChEMBL_CNS_CHEMBL228_Sodiumdependent_serotonin_transp,scaffold,rdkit_lr,classical,rdkit,lr,0.5526315789473685,0.16235417966679688,5,0.6737431395380173,0.09691193545115527,5,0.12175857998002852,0.30539116333744,5,0.5822786014797744,0.2337749871614683,5,0.5531578947368422,0.142570982574751,5,0.2532834007282913,0.06675242440795788,5,0.7060470981860526,0.14931449375308098,5,0.24267217101772762,0.0729413281982432,5,0.00897095999680452,0.000697480958666932,5
ChEMBL_CNS_CHEMBL228_Sodiumdependent_serotonin_transp,scaffold,rdkit_rf,classical,rdkit,rf,0.787719298245614,0.09584111133075512,5,0.8128775068332846,0.092714350076892,5,0.4787840772495816,0.21658633143851533,5,0.7923943861325264,0.11508064267585795,5,0.723859649122807,0.09962881248418207,5,0.18283558533636854,0.03648853886868182,5,0.5572000924038376,0.09425495052270705,5,0.20490632852224397,0.047282818994852996,5,0.2026533599942922,0.015751399028908538,5
ChEMBL_CNS_CHEMBL228_Sodiumdependent_serotonin_transp,scaffold,rdkit_xgb,classical,rdkit,xgb,0.7463157894736842,0.0796325046424475,5,0.7855524926398706,0.04479402140621558,5,0.4905528776633862,0.25217838498932893,5,0.8035754445147234,0.12457111522125959,5,0.7266666666666667,0.1211838216145794,5,0.19723064899444573,0.05818594811654224,5,0.6302055201947194,0.1431387606774223,5,0.22454321218692525,0.03365165840409312,5,0.0520966200041584,0.018806652035856665,5
ChEMBL_CNS_CHEMBL233_Mutype_opioid_receptor,lowdata_100,chemberta_lr,foundation,chemberta,lr,0.8304878048780487,0.04422360278991636,5,0.8440281840892283,0.04873790888055916,5,0.4907190483193006,0.04980147252112099,5,0.7655471149941164,0.016798895926927526,5,0.7430216802168021,0.026364721531481557,5,0.21011850893204786,0.023547157557802602,5,0.8991747501268182,0.2226392621919516,5,0.21533812783349654,0.04132313133267638,5,0.022049700003117283,0.003463402251062114,5
ChEMBL_CNS_CHEMBL233_Mutype_opioid_receptor,lowdata_100,chemberta_rf,foundation,chemberta,rf,0.8477642276422765,0.039596199377570564,5,0.8706648426768403,0.04882918853946647,5,0.5284056905137582,0.07399850991283904,5,0.77522420108627,0.04229240699765295,5,0.7631436314363144,0.035500805504756476,5,0.16134397828733776,0.02193245718460832,5,0.4879287679908925,0.05907284718374876,5,0.1032061685714285,0.02294392909021916,5,0.22525865999050435,0.03510801062550915,5
ChEMBL_CNS_CHEMBL233_Mutype_opioid_receptor,lowdata_100,chemberta_xgb,foundation,chemberta,xgb,0.8556910569105691,0.040511846056484474,5,0.8840295688306659,0.03778553111635331,5,0.548137134227928,0.07014103750605548,5,0.7917180111684409,0.03689110068813602,5,0.7715447154471544,0.034819662998636765,5,0.16385105252265925,0.031570300847416286,5,0.518399313269203,0.12473479795115724,5,0.13525229049967477,0.03249889528269964,5,0.30919034000253304,0.14666087248164428,5
ChEMBL_CNS_CHEMBL233_Mutype_opioid_receptor,lowdata_100,molformer_lr,foundation,molformer,lr,0.7712737127371274,0.05745610975598763,5,0.7597833403853878,0.07843842818096068,5,0.42326940673471547,0.06720950794313028,5,0.7253079150352454,0.0357476555571235,5,0.7113143631436314,0.033033579617769634,5,0.21855686845867456,0.04279718394185705,5,0.8932045784787499,0.29647157284357567,5,0.19383285113970009,0.04074964240880224,5,0.031130520009901318,0.002895862839325479,5
ChEMBL_CNS_CHEMBL233_Mutype_opioid_receptor,lowdata_100,molformer_rf,foundation,molformer,rf,0.793970189701897,0.06098849984199112,5,0.8038855739017036,0.05272914307952018,5,0.4533340219150689,0.11523373926682826,5,0.7439929309812522,0.05631767829688243,5,0.7259485094850949,0.05716507326941644,5,0.18967995325783266,0.028586121075804723,5,0.563637469301041,0.07410861571087747,5,0.11151235504593315,0.032641998247314355,5,0.2250527199706994,0.02883013982870227,5
ChEMBL_CNS_CHEMBL233_Mutype_opioid_receptor,lowdata_100,molformer_xgb,foundation,molformer,xgb,0.7836043360433604,0.05342721947461724,5,0.795926748885629,0.053301497000354726,5,0.45525892027475334,0.07714656825800802,5,0.7380766731643924,0.047279249644632884,5,0.7273035230352304,0.03788816940969596,5,0.20636366605758663,0.036741518510196795,5,0.6678038018806569,0.16039829486179702,5,0.17824837675729355,0.0400216442762717,5,0.25704494002275163,0.016798573415898882,5
ChEMBL_CNS_CHEMBL233_Mutype_opioid_receptor,lowdata_100,morgan_lr,classical,morgan,lr,0.8504065040650406,0.024985904252488957,5,0.8636860842452126,0.030514258925209172,5,0.580710070564028,0.053090020291510366,5,0.7962807183554327,0.0327545081792249,5,0.7905826558265583,0.026438394376437583,5,0.17733119590041285,0.02169775446686083,5,0.7202960811892936,0.12065533658117233,5,0.17801035330847967,0.02676169776840085,5,0.01534878001548346,0.0022204156194375784,5
ChEMBL_CNS_CHEMBL233_Mutype_opioid_receptor,lowdata_100,morgan_rf,classical,morgan,rf,0.8788617886178862,0.02442386082878076,5,0.8979038414972621,0.026659117510767067,5,0.5954715604542619,0.06608326386377074,5,0.8077682811016145,0.03155887092974908,5,0.7972222222222223,0.03321994728228195,5,0.1411274624352333,0.021149671196532535,5,0.43594464215553713,0.05999938310039198,5,0.08551911428839881,0.02356646295983964,5,0.23056305999634782,0.043060457134568936,5
ChEMBL_CNS_CHEMBL233_Mutype_opioid_receptor,lowdata_100,morgan_xgb,classical,morgan,xgb,0.8757452574525745,0.039271585396128496,5,0.9005982433716275,0.028196994135312032,5,0.5730246683547535,0.03934848524775981,5,0.7989588421100204,0.018757453589140084,5,0.7864498644986451,0.019949957498577146,5,0.1459564924240112,0.025760669419830236,5,0.466122182377808,0.09929282292418469,5,0.12062120151210134,0.03268416354139831,5,0.08156960000051182,0.01496106144511402,5
ChEMBL_CNS_CHEMBL233_Mutype_opioid_receptor,lowdata_100,rdkit_lr,classical,rdkit,lr,0.7329268292682928,0.03541115400233957,5,0.772173014888739,0.046815851770534024,5,0.3899211675281642,0.08176779628847973,5,0.694053738104371,0.0584872503345546,5,0.692479674796748,0.04070006000894898,5,0.2109983290150626,0.017658985501343306,5,0.6112631442644514,0.04865422051896607,5,0.13038187861770703,0.05713663338616853,5,0.0095808599959127,0.001638629635463762,5
ChEMBL_CNS_CHEMBL233_Mutype_opioid_receptor,lowdata_100,rdkit_rf,classical,rdkit,rf,0.8132113821138212,0.040978379957189684,5,0.8245526828176185,0.04305399846201361,5,0.4713642440441027,0.10400481371203826,5,0.7522029151179901,0.059700633062034554,5,0.7329268292682927,0.04722214931971528,5,0.17905941512419923,0.02534714287638081,5,0.5612646559437718,0.09266424701940242,5,0.1251172554807869,0.03549084339408304,5,0.21944127999013285,0.03543339253030814,5
ChEMBL_CNS_CHEMBL233_Mutype_opioid_receptor,lowdata_100,rdkit_xgb,classical,rdkit,xgb,0.8132791327913278,0.03637571037701588,5,0.831170300938034,0.0411480455084225,5,0.46165999666168744,0.13328877183939253,5,0.7438263498019595,0.06970017026463678,5,0.7287262872628727,0.06266269282455893,5,0.18749379217624662,0.032492372459531065,5,0.575301721794254,0.09184542572040266,5,0.1423785140375038,0.05869305380665265,5,0.04407273998949672,0.012738316814471134,5
ChEMBL_CNS_CHEMBL233_Mutype_opioid_receptor,lowdata_250,chemberta_lr,foundation,chemberta,lr,0.8643631436314363,0.028464961575588334,5,0.8892250149822308,0.023987282045127355,5,0.5560923037998554,0.041172878479741964,5,0.786826147234542,0.033171847427981745,5,0.7763550135501356,0.021395702573203668,5,0.17882127807868264,0.02120970501476669,5,0.7451719583479615,0.16783481813076429,5,0.17124161114103303,0.029366293576048978,5,0.03421791999135162,0.0030968507716284564,5
ChEMBL_CNS_CHEMBL233_Mutype_opioid_receptor,lowdata_250,chemberta_rf,foundation,chemberta,rf,0.8806233062330623,0.03657171907478807,5,0.8876141145181977,0.03629380173722482,5,0.6034149238121109,0.09088260584744313,5,0.8089448555794263,0.05245118843769458,5,0.7996612466124662,0.04439711770637936,5,0.14303945566152632,0.021297270430625934,5,0.4481191587926151,0.05287481657320081,5,0.0931006485714285,0.01924587682421341,5,0.22317760001169512,0.015489002343386854,5
ChEMBL_CNS_CHEMBL233_Mutype_opioid_receptor,lowdata_250,chemberta_xgb,foundation,chemberta,xgb,0.885840108401084,0.029638501643390255,5,0.8999301169649809,0.028515267442008347,5,0.606946877063939,0.056563409603133885,5,0.8130941954966197,0.030665629284328113,5,0.8021002710027101,0.027759594815577302,5,0.15131559222936625,0.029943591345515223,5,0.4947149466399819,0.11518984157489341,5,0.13141662287344402,0.03603881328101375,5,1.559741159994155,0.3473431526209184,5
ChEMBL_CNS_CHEMBL233_Mutype_opioid_receptor,lowdata_250,molformer_lr,foundation,molformer,lr,0.8025745257452576,0.04465985190517029,5,0.8222785046862257,0.04898834894394216,5,0.47978340872913783,0.05898366154882418,5,0.7474786844095933,0.040764701358819065,5,0.7377371273712737,0.027739952103025555,5,0.19560757132206366,0.028489548563202023,5,0.6699944916567442,0.12760243532376533,5,0.16886287530319694,0.03111096428762159,5,0.061703760013915546,0.002889487324340682,5
ChEMBL_CNS_CHEMBL233_Mutype_opioid_receptor,lowdata_250,molformer_rf,foundation,molformer,rf,0.8410569105691057,0.04562141674082665,5,0.8687442543662728,0.03992125504447338,5,0.5284924136675566,0.09856671420671852,5,0.7665458524302446,0.06230470743536509,5,0.7617208672086722,0.046896610820009635,5,0.16634194364347402,0.025679649566991522,5,0.49840207302561446,0.06317414423220828,5,0.1112010357238066,0.021481657093245312,5,0.236990099994,0.03555161249236046,5
ChEMBL_CNS_CHEMBL233_Mutype_opioid_receptor,lowdata_250,molformer_xgb,foundation,molformer,xgb,0.8325203252032521,0.04711632202077392,5,0.8661764560815979,0.04929103393161591,5,0.4969626576224657,0.0687466606170281,5,0.7617777284443952,0.03785553489478786,5,0.7471544715447155,0.03257990533612691,5,0.18188709616661064,0.02942717314685378,5,0.5867391611670891,0.13092152349418018,5,0.14702619030684613,0.04451557902426615,5,1.589747740002349,0.15770335780971495,5
ChEMBL_CNS_CHEMBL233_Mutype_opioid_receptor,lowdata_250,morgan_lr,classical,morgan,lr,0.8804878048780488,0.021567978867153562,5,0.892851076901473,0.013966676221369363,5,0.6050804367718069,0.07207661161541856,5,0.8146482443590533,0.040553634541119266,5,0.8014227642276422,0.03591456960357051,5,0.16224519547230032,0.03113039893989835,5,0.699525520321332,0.15629516227196422,5,0.1652810165332797,0.039403629247196016,5,0.02998204001924018,0.005739347069693298,5
ChEMBL_CNS_CHEMBL233_Mutype_opioid_receptor,lowdata_250,morgan_rf,classical,morgan,rf,0.9019647696476966,0.024386244402584883,5,0.9147204713160576,0.022690100041145415,5,0.6762229621430651,0.0934246998911515,5,0.843742946128024,0.05605585808786341,5,0.835840108401084,0.046371862008675956,5,0.1274730685089216,0.019996486137046524,5,0.4352530977336457,0.11260436215831886,5,0.1090110036168412,0.025521509599728685,5,0.22680630000540986,0.023490106192998784,5
ChEMBL_CNS_CHEMBL233_Mutype_opioid_receptor,lowdata_250,morgan_xgb,classical,morgan,xgb,0.9092818428184282,0.03669920435228915,5,0.9246736975205627,0.02770270469396115,5,0.6861041285739162,0.10294552561727796,5,0.8477250510884801,0.058622066787423516,5,0.8413956639566396,0.04987699321339469,5,0.12314977347850793,0.030728312448255524,5,0.4000250687617732,0.10232941091539187,5,0.10716475309296088,0.04564513184266649,5,0.10854770001024003,0.009881454833462942,5
ChEMBL_CNS_CHEMBL233_Mutype_opioid_receptor,lowdata_250,rdkit_lr,classical,rdkit,lr,0.783739837398374,0.04211087492702643,5,0.8248317152375382,0.028825491171125234,5,0.4769760558063618,0.10745603389980157,5,0.7335504586381779,0.06876227238736227,5,0.7380081300813008,0.05489613355865315,5,0.18986363757920316,0.015597625538647467,5,0.5580433170248319,0.03300039973501912,5,0.11801718094298877,0.03217161456256788,5,0.01043694000691172,0.0012628048362645858,5
ChEMBL_CNS_CHEMBL233_Mutype_opioid_receptor,lowdata_250,rdkit_rf,classical,rdkit,rf,0.86239837398374,0.018736461807526927,5,0.8796834409294558,0.0311409127183537,5,0.5680776967572687,0.07589535785914713,5,0.7953235162873717,0.033012170302109,5,0.784349593495935,0.03831553896260578,5,0.14747610068574682,0.01297629705713793,5,0.49856921099073415,0.09452353262456528,5,0.11828347150810319,0.030713368081185577,5,0.21901863999664783,0.020211141211229747,5
ChEMBL_CNS_CHEMBL233_Mutype_opioid_receptor,lowdata_250,rdkit_xgb,classical,rdkit,xgb,0.8824525745257453,0.024562540710430156,5,0.9020280407845954,0.02541939911258905,5,0.609283290712664,0.08093525515905524,5,0.8174496615507142,0.03778422035272623,5,0.8042005420054201,0.040231154396003596,5,0.13770782500505444,0.0166512055687194,5,0.4295387324897101,0.04293509718726732,5,0.08390201833341024,0.029949962653445728,5,0.0422530999756418,0.0026647673190790845,5
ChEMBL_CNS_CHEMBL233_Mutype_opioid_receptor,lowdata_50,chemberta_lr,foundation,chemberta,lr,0.8116531165311652,0.047606603396189676,5,0.8239673080431741,0.027909104041233458,5,0.47689316846846924,0.08194217452976087,5,0.7543531341348888,0.04278040231907587,5,0.7360433604336043,0.04037806808325349,5,0.21322463597361868,0.04050217956340075,5,0.9070108671108468,0.185801619405133,5,0.21166622534551482,0.054283855682608205,5,0.01432751998072484,0.0028964540876040843,5
ChEMBL_CNS_CHEMBL233_Mutype_opioid_receptor,lowdata_50,chemberta_rf,foundation,chemberta,rf,0.8333333333333334,0.04951944246779167,5,0.8414620340376289,0.05164655790499053,5,0.5100684498698971,0.0937358362633248,5,0.7816425365326853,0.0395601646058903,5,0.7514227642276422,0.047483148245384174,5,0.1681244292816558,0.02267418565305887,5,0.5090624040235682,0.05581970521777204,5,0.10762987012987006,0.020918131630277274,5,0.19410432000877328,0.01223155560469519,5
ChEMBL_CNS_CHEMBL233_Mutype_opioid_receptor,lowdata_50,chemberta_xgb,foundation,chemberta,xgb,0.8234417344173443,0.03495435984642357,5,0.8330441265370148,0.03839556303996675,5,0.46864699724778713,0.0809049077804168,5,0.7539533937907922,0.04140668083567894,5,0.7329268292682927,0.0382675894531242,5,0.18176063597202297,0.024217787238308783,5,0.5561932851934982,0.0668723821901148,5,0.14459232653116247,0.03603376857981627,5,0.08460834000725295,0.003810167213871579,5
ChEMBL_CNS_CHEMBL233_Mutype_opioid_receptor,lowdata_50,molformer_lr,foundation,molformer,lr,0.7258807588075881,0.07654230053936395,5,0.7175471102529023,0.08508365635280096,5,0.36611772484890454,0.1882669262444505,5,0.7067944744136143,0.09855987375518038,5,0.6797425474254742,0.0900554075276299,5,0.25501188812750264,0.06245694794939124,5,1.0806489289513717,0.3292670837946007,5,0.2564156866917486,0.06595562480182236,5,0.0190956399776041,0.003126737832226135,5
ChEMBL_CNS_CHEMBL233_Mutype_opioid_receptor,lowdata_50,molformer_rf,foundation,molformer,rf,0.7275067750677507,0.06544194672003806,5,0.7480873304832409,0.07435179574473086,5,0.3325725810798293,0.07416489503825156,5,0.6984550192622484,0.038036756857940446,5,0.6634146341463415,0.03422130246812638,5,0.21299430549918824,0.02872216501267877,5,0.6210578607691188,0.07696427197070431,5,0.14216720779220776,0.028557939283816603,5,0.1986381799797527,0.010553122010792235,5
ChEMBL_CNS_CHEMBL233_Mutype_opioid_receptor,lowdata_50,molformer_xgb,foundation,molformer,xgb,0.7345528455284553,0.08489426185975103,5,0.7668226771703109,0.08052284157416317,5,0.33107390276999793,0.1215380109700752,5,0.702125412338394,0.05115159475258667,5,0.6627371273712737,0.05922403298199263,5,0.2335551708936691,0.05298658658636198,5,0.7254951791867728,0.20146949705619288,5,0.19653522693491599,0.06369359510404818,5,0.10740754000144077,0.02921260236501213,5
ChEMBL_CNS_CHEMBL233_Mutype_opioid_receptor,lowdata_50,morgan_lr,classical,morgan,lr,0.8154471544715447,0.03372544751420968,5,0.8039016535556497,0.05707850010669904,5,0.5432803620603488,0.12072054473078661,5,0.7916299466240099,0.05625301767152631,5,0.7680894308943089,0.0579875155576328,5,0.19051579942215452,0.044972515340836634,5,0.7942883065710309,0.15404206374266943,5,0.1819282657822689,0.0451170495659686,5,0.00904079999309026,0.002043281058682147,5
ChEMBL_CNS_CHEMBL233_Mutype_opioid_receptor,lowdata_50,morgan_rf,classical,morgan,rf,0.8441734417344173,0.044899202585179765,5,0.8585061151884513,0.0474994529414585,5,0.548583821850144,0.09573542485716927,5,0.7934744068627809,0.04003590611716479,5,0.7712059620596207,0.04920712164710549,5,0.16248065898944816,0.030649593483753557,5,0.5005695844884094,0.09313102808630062,5,0.11323051792207792,0.036260361428917025,5,0.20083060000324618,0.007979737983255943,5
ChEMBL_CNS_CHEMBL233_Mutype_opioid_receptor,lowdata_50,morgan_xgb,classical,morgan,xgb,0.8481707317073172,0.04655203726981788,5,0.8548449592670504,0.02675572915506703,5,0.5912409086914112,0.06992777018049527,5,0.8101529457216629,0.028996515311063457,5,0.7892953929539296,0.03909997784422286,5,0.15808473527431485,0.026113812188728713,5,0.5062100803083602,0.09363149812570497,5,0.11792944829378807,0.021562609027242354,5,0.052282000018749344,0.004784094813632567,5
ChEMBL_CNS_CHEMBL233_Mutype_opioid_receptor,lowdata_50,rdkit_lr,classical,rdkit,lr,0.7425474254742548,0.05771397444839575,5,0.7449192369675104,0.04441505207763319,5,0.4152074050555723,0.14337152277451012,5,0.7034986156875904,0.07518955468049779,5,0.7067073170731708,0.07186020570731863,5,0.21470748888744487,0.025383676066041923,5,0.7151502013206629,0.17111812254420541,5,0.16609308394794103,0.0570650900481776,5,0.007486159994732559,0.0007795745002202413,5
ChEMBL_CNS_CHEMBL233_Mutype_opioid_receptor,lowdata_50,rdkit_rf,classical,rdkit,rf,0.7915989159891599,0.0352884462132501,5,0.8281425565901334,0.035667682984807096,5,0.45346331264647954,0.10420786879067613,5,0.7511304998654753,0.03893537707531232,5,0.7242547425474255,0.05415871099193051,5,0.1958180613331983,0.02603995745926666,5,0.592443481529455,0.08890472491064058,5,0.16418425116883112,0.03128238069559816,5,0.1936139599769376,0.005873020458186453,5
ChEMBL_CNS_CHEMBL233_Mutype_opioid_receptor,lowdata_50,rdkit_xgb,classical,rdkit,xgb,0.8054878048780487,0.048040557419784434,5,0.8388397569536797,0.03761799154464312,5,0.47775834782385507,0.11950668009751712,5,0.7667173833395601,0.0399073337273436,5,0.7364498644986449,0.06252776426669489,5,0.19560865759849547,0.04277953113733251,5,0.6103626104758922,0.15695860419759627,5,0.14483025280105596,0.06065229694956418,5,0.029784960020333456,0.003982406491802687,5
ChEMBL_CNS_CHEMBL233_Mutype_opioid_receptor,random,chemberta_lr,foundation,chemberta,lr,0.8689701897018971,0.04146817462094473,5,0.8825740414909786,0.046044925994282344,5,0.5838982743138372,0.07545542660952706,5,0.8027979899951703,0.03676780264420498,5,0.7920054200542006,0.03791314837714824,5,0.16552809346760036,0.031352032624371355,5,0.7171271620230744,0.224910120928377,5,0.1661723010756048,0.037532369553107826,5,0.0405934199923649,0.0025622039000542086,5
ChEMBL_CNS_CHEMBL233_Mutype_opioid_receptor,random,chemberta_rf,foundation,chemberta,rf,0.8759485094850948,0.047889234638084865,5,0.8853853913617374,0.045369434473713596,5,0.6374333721138885,0.09106243199408547,5,0.8264105318213038,0.05007263964508066,5,0.8180894308943089,0.04531641709211524,5,0.14399699421672135,0.028322376529185917,5,0.45260929604586425,0.07937617128814906,5,0.11026785272727269,0.019413610082912286,5,0.2271324799745343,0.023975096732400468,5
ChEMBL_CNS_CHEMBL233_Mutype_opioid_receptor,random,chemberta_xgb,foundation,chemberta,xgb,0.8814363143631436,0.03904637949435988,5,0.8982368720416861,0.03430997338619331,5,0.6124240789881169,0.08572085054537314,5,0.813569838791717,0.04811888087650637,5,0.8052168021680217,0.042582661733668384,5,0.1505591958761215,0.03461721456962809,5,0.5077277183045219,0.14602887688334346,5,0.13629494949497953,0.03837797830215375,5,1.6861277400166728,0.14681549250403403,5
ChEMBL_CNS_CHEMBL233_Mutype_opioid_receptor,random,molformer_lr,foundation,molformer,lr,0.8184281842818428,0.04271181862962913,5,0.8293929321411712,0.0401856462010643,5,0.46790639591025834,0.09335101022257986,5,0.7420041965378562,0.05124983814583015,5,0.7328590785907859,0.046029717557164576,5,0.18834771930973424,0.03330478790203259,5,0.6411442602054734,0.12369017817860173,5,0.15566518231802084,0.04732201997052695,5,0.07278171998914326,0.003132449573928819,5
ChEMBL_CNS_CHEMBL233_Mutype_opioid_receptor,random,molformer_rf,foundation,molformer,rf,0.8434959349593496,0.05215152134083996,5,0.8648868148183307,0.046473171921672655,5,0.571459002466203,0.10103440925651425,5,0.7943831269856731,0.06243274678320452,5,0.7836720867208673,0.0492368464075529,5,0.16204559652134704,0.02854092930502041,5,0.4953197865508831,0.08029965191472013,5,0.1144141647436431,0.0319639959586457,5,0.22697994000045582,0.01584057930696823,5
ChEMBL_CNS_CHEMBL233_Mutype_opioid_receptor,random,molformer_xgb,foundation,molformer,xgb,0.8414634146341463,0.06033948140243653,5,0.869612624307077,0.05425353428064945,5,0.5468703648649458,0.08326085848199208,5,0.7795994632936261,0.04863645686055568,5,0.7718157181571816,0.04144616894307448,5,0.1724135965108871,0.04177153136510988,5,0.568956914015129,0.17488972786659582,5,0.14227793973374672,0.045399242751658964,5,1.6713202200015076,0.2736576692470369,5
ChEMBL_CNS_CHEMBL233_Mutype_opioid_receptor,random,morgan_lr,classical,morgan,lr,0.8830623306233063,0.03364027522413321,5,0.8986904303855271,0.02069880694432483,5,0.5983929036653092,0.05774816822149708,5,0.8136419545778935,0.025441344002073093,5,0.7986449864498645,0.029068317450677176,5,0.15962488574334857,0.033182227027432974,5,0.7038990517210968,0.24347781941646557,5,0.1557683009738317,0.03222290506643272,5,0.031235499994363602,0.004007745314903626,5
ChEMBL_CNS_CHEMBL233_Mutype_opioid_receptor,random,morgan_rf,classical,morgan,rf,0.8996612466124663,0.02781637710788524,5,0.9075822799731045,0.030822416976532502,5,0.6775000532212243,0.08441892024764382,5,0.8502319115842158,0.043505214121109276,5,0.8372628726287263,0.04157885628999645,5,0.13032258544866515,0.02375902678599328,5,0.4511656042079314,0.11633629812078129,5,0.10381351364129462,0.02667711390069678,5,0.23698775998782368,0.021048554325108198,5
ChEMBL_CNS_CHEMBL233_Mutype_opioid_receptor,random,morgan_xgb,classical,morgan,xgb,0.915650406504065,0.04470710585746032,5,0.9325874449435556,0.03184803214162161,5,0.6894912861111384,0.10300479150175713,5,0.8556180253854672,0.05447696747320234,5,0.8418021680216803,0.04987101093771492,5,0.12085504978895183,0.03905857684674335,5,0.3886849941567146,0.12499374948632273,5,0.09432037563680053,0.03637919509343361,5,0.1344920999836176,0.02550269604241909,5
ChEMBL_CNS_CHEMBL233_Mutype_opioid_receptor,random,rdkit_lr,classical,rdkit,lr,0.7917344173441735,0.04454922603638696,5,0.830612691526248,0.032537564634485996,5,0.4648518577770241,0.11444959341209415,5,0.7319829397672064,0.07374428946513252,5,0.7317750677506775,0.05830318790239492,5,0.18810677048637178,0.01693630960509027,5,0.5536961623329775,0.03716904625154508,5,0.12149896652496492,0.0295453883650706,5,0.01096051998902106,0.0020014649558152825,5
ChEMBL_CNS_CHEMBL233_Mutype_opioid_receptor,random,rdkit_rf,classical,rdkit,rf,0.8855013550135503,0.02873519413739575,5,0.8954807182393422,0.038897902699981786,5,0.6084467195422787,0.06156394808042286,5,0.8201191237588189,0.02808841918216083,5,0.8031842818428185,0.03060145183916443,5,0.137857625416624,0.017865225989197913,5,0.4660174894549308,0.1261486023622003,5,0.09737875206942977,0.01561218465648773,5,0.23652772001223635,0.025776268311227483,5
ChEMBL_CNS_CHEMBL233_Mutype_opioid_receptor,random,rdkit_xgb,classical,rdkit,xgb,0.890040650406504,0.036381388364379014,5,0.9102767038643599,0.029536722836972205,5,0.610674112390581,0.09398275262169808,5,0.8131995789425508,0.04919395819845341,5,0.8055555555555556,0.04677802831448851,5,0.1348125949501991,0.023935411693318497,5,0.41942635507988557,0.06816151545357893,5,0.10511692589173063,0.04016248970189979,5,0.05513116001384327,0.019811265019720452,5
ChEMBL_CNS_CHEMBL233_Mutype_opioid_receptor,scaffold,chemberta_lr,foundation,chemberta,lr,0.7902915110232184,0.09104928703943233,5,0.8153336447202391,0.08496609022400907,5,0.4796457087626072,0.20809562142385307,5,0.7670811427878252,0.08832937499304662,5,0.733518274371933,0.10151828502924946,5,0.2289585654142759,0.07920332512981901,5,1.151513476624935,0.5369399050401885,5,0.22777019998965323,0.06846885644067921,5,0.04231302000116552,0.0030091924166290676,5
ChEMBL_CNS_CHEMBL233_Mutype_opioid_receptor,scaffold,chemberta_rf,foundation,chemberta,rf,0.8563282794990112,0.0744358551507436,5,0.8886308755755966,0.04731155249278518,5,0.5846173024020368,0.14110126855899052,5,0.8043625870216099,0.07024268335604235,5,0.7850161136746503,0.07130973544458244,5,0.1579183938619974,0.03227903500205075,5,0.47980245933783394,0.06958253204621163,5,0.1397204363336663,0.030843959024610478,5,0.24970371999079358,0.01066407039900979,5
ChEMBL_CNS_CHEMBL233_Mutype_opioid_receptor,scaffold,chemberta_xgb,foundation,chemberta,xgb,0.8643686369296126,0.08016680191453184,5,0.8969764964294384,0.05578268451749525,5,0.621136694365317,0.17788784541754168,5,0.8163698252520518,0.08510202137152573,5,0.804198710906028,0.08767132637912782,5,0.15766828507184977,0.06010668455177391,5,0.5092685709162998,0.18103136083485455,5,0.15019487042775198,0.05655806677967458,5,1.8023406799766235,0.2336211022194886,5
ChEMBL_CNS_CHEMBL233_Mutype_opioid_receptor,scaffold,molformer_lr,foundation,molformer,lr,0.7472057423276935,0.06827975496433034,5,0.7822875312350008,0.04420018604726144,5,0.4082145803796145,0.0998496408744116,5,0.7192204544681324,0.06478545735474611,5,0.7000128176957445,0.04718569594971234,5,0.2333193505653719,0.04559498707880372,5,0.8213075460918583,0.22029478210769307,5,0.20614526406814573,0.05541644196140711,5,0.07659506001509722,0.009960268344319172,5
ChEMBL_CNS_CHEMBL233_Mutype_opioid_receptor,scaffold,molformer_rf,foundation,molformer,rf,0.7736871017358823,0.0664534576227313,5,0.8177146723579394,0.04017700620687358,5,0.3897173779479439,0.17982802028026967,5,0.7212763032938472,0.08859952635569429,5,0.6874697868600308,0.08733855395080777,5,0.19554163778166542,0.0182824979691651,5,0.5723170228220393,0.03460416290098071,5,0.11784097844564448,0.03752286098875627,5,0.2427859399933368,0.04063055710690272,5
ChEMBL_CNS_CHEMBL233_Mutype_opioid_receptor,scaffold,molformer_xgb,foundation,molformer,xgb,0.7964220317878855,0.02930894203466858,5,0.8394919380745247,0.024406615586033218,5,0.45237480915476247,0.09581514197966345,5,0.7329350682836357,0.06785501135285546,5,0.7193052808906467,0.047284532464652834,5,0.19702437222003932,0.022660809979675737,5,0.6055627385305202,0.04109473850170876,5,0.15478424264854324,0.04728392072171965,5,1.7126984599977733,0.28623370970886447,5
ChEMBL_CNS_CHEMBL233_Mutype_opioid_receptor,scaffold,morgan_lr,classical,morgan,lr,0.8348348348348349,0.06226422538091274,5,0.8399724785780454,0.07454582742205121,5,0.5888268289821137,0.09544082962970576,5,0.807706036653405,0.041557078539030484,5,0.7912125540174321,0.0502082735298947,5,0.1818276031341142,0.040326630885776406,5,0.9377375054373418,0.33980321114100515,5,0.176278166794761,0.03939840944063114,5,0.03726504000369454,0.004482718242586055,5
ChEMBL_CNS_CHEMBL233_Mutype_opioid_receptor,scaffold,morgan_rf,classical,morgan,rf,0.8973778656705488,0.0647516376433164,5,0.9192520993509318,0.05266621324870553,5,0.6300908093967313,0.08734658283172526,5,0.833629647595876,0.036486880990173984,5,0.809444810664323,0.04473262137950099,5,0.13208612935338623,0.036186922152340886,5,0.41895472421716085,0.10736154723920076,5,0.12318890084522145,0.03568460723979991,5,0.22651692000217732,0.016001123112960824,5
ChEMBL_CNS_CHEMBL233_Mutype_opioid_receptor,scaffold,morgan_xgb,classical,morgan,xgb,0.8856423496667398,0.06832100025452754,5,0.904007648186932,0.059706019994016396,5,0.6764303906282286,0.1358841072093206,5,0.848855052992984,0.06456128504804634,5,0.8345583388266314,0.06507655314030017,5,0.1309900879859924,0.04698847111082621,5,0.44213286896708864,0.16022572157331647,5,0.12935418546326327,0.04414772307346818,5,0.1361574800102971,0.025508276007473355,5
ChEMBL_CNS_CHEMBL233_Mutype_opioid_receptor,scaffold,rdkit_lr,classical,rdkit,lr,0.7221160184574819,0.08302273642792707,5,0.7554366528952032,0.0941509450122712,5,0.324112806893052,0.20358065957531488,5,0.6261018841694674,0.13757397548670172,5,0.6558979711418736,0.10054925184614424,5,0.21965165830836098,0.025406021739185602,5,0.6276877284413005,0.06241134245897755,5,0.14895395514748558,0.04911123322420205,5,0.01059756000759078,0.0017028511723600813,5
ChEMBL_CNS_CHEMBL233_Mutype_opioid_receptor,scaffold,rdkit_rf,classical,rdkit,rf,0.7803193437339779,0.039617993823573575,5,0.8356782096441743,0.022761557054168637,5,0.38388263974089243,0.11280354237125355,5,0.7077317549430225,0.05284515025658572,5,0.6847744085548964,0.058040001674460696,5,0.19657178687217525,0.009618613309006187,5,0.575621247024477,0.036330510084702235,5,0.1731486392698593,0.05612110036210332,5,0.22768579998519267,0.022428340693580823,5
ChEMBL_CNS_CHEMBL233_Mutype_opioid_receptor,scaffold,rdkit_xgb,classical,rdkit,xgb,0.7822474913938329,0.04950763527296198,5,0.8421668338530266,0.025905228505858652,5,0.4032807122508422,0.12535169604225518,5,0.7093676156018199,0.06403999666935986,5,0.6901047388852267,0.06420712125956306,5,0.20251627564430233,0.021891019615034778,5,0.614004849180155,0.07210323677166992,5,0.17544603283965818,0.0270760169703363,5,0.05185849999543274,0.011351667852826642,5
HIA_Hou,lowdata_100,chemberta_lr,foundation,chemberta,lr,0.8240000000000001,0.08873415351486709,5,0.9590238109060655,0.029548855342748207,5,0.48246347462802974,0.13113891036686035,5,0.923095688709472,0.017827726943709758,5,0.756,0.07135628038231814,5,0.10720763605034442,0.01884069137428796,5,0.5108860854824016,0.16970502914314886,5,0.10703102577272494,0.019188985559110264,5,0.017874180001672298,0.0022372190551510954,5
HIA_Hou,lowdata_100,chemberta_rf,foundation,chemberta,rf,0.8425625,0.06202609392928913,5,0.9615336211678291,0.021079730944241867,5,0.23048877599538198,0.24604565588797336,5,0.9336855253046565,0.01097658103912985,5,0.5615,0.07921193880975266,5,0.08803111109240311,0.00535352323035178,5,0.305057232700279,0.021664433982147516,5,0.07363954620689653,0.02170746408971289,5,0.1982127200113609,0.008105864326028719,5
HIA_Hou,lowdata_100,chemberta_xgb,foundation,chemberta,xgb,0.8233750000000001,0.038635415262424734,5,0.9582701446776051,0.012380706967180043,5,0.42614649321843734,0.10102074346925283,5,0.9389536249913608,0.008353885186210365,5,0.642,0.04690082621873521,5,0.08977531790733334,0.010735928551193099,5,0.32805725544542025,0.04141801376521825,5,0.07167841889734923,0.012502655156591562,5,0.16375499999849122,0.02456657869502379,5
HIA_Hou,lowdata_100,molformer_lr,foundation,molformer,lr,0.7724375,0.06828049913774796,5,0.9437112542346782,0.02891491849303328,5,0.36485997730370595,0.05931686870632523,5,0.8795332644132022,0.02448377979401651,5,0.718,0.028471476955015913,5,0.16198832210538,0.022639457170984034,5,0.7517912872022879,0.06739411812942168,5,0.16155778006065358,0.019921791461894364,5,0.025419019989203602,0.004610024107333121,5
HIA_Hou,lowdata_100,molformer_rf,foundation,molformer,rf,0.8026250000000001,0.056556715864475374,5,0.9428999872133141,0.023983628432218317,5,0.4802624511177207,0.11623127806551044,5,0.9412858636724982,0.010374273251284961,5,0.6765,0.06803836234066775,5,0.08685607772225264,0.005500968478564232,5,0.3938202897657245,0.11097057999176835,5,0.06922144120689648,0.016458109905262138,5,0.1922473000013269,0.010133140449399548,5
HIA_Hou,lowdata_100,molformer_xgb,foundation,molformer,xgb,0.7856249999999999,0.0605573075689466,5,0.94216658827177,0.022754504405747947,5,0.47976041555837917,0.08158065890949327,5,0.9400458858153706,0.007200132017412378,5,0.6859999999999999,0.05887884806957419,5,0.08655136972665785,0.006348553926090522,5,0.32767521210844425,0.03888405310360467,5,0.07648769105816706,0.011665646467708788,5,0.1655774999875575,0.01645998795683066,5
HIA_Hou,lowdata_100,morgan_lr,classical,morgan,lr,0.79525,0.054199789552174436,5,0.9470136214387491,0.02334524058775105,5,0.3662121188550581,0.13836536236163938,5,0.9355119516957983,0.008939120961008079,5,0.61175,0.05520982702381887,5,0.09568310144694361,0.008249310316943847,5,0.3911381713470543,0.041006891914124835,5,0.08650587910307535,0.008872176885176497,5,0.01157148000784214,0.0012299981733983106,5
HIA_Hou,lowdata_100,morgan_rf,classical,morgan,rf,0.8289375,0.0689863126143513,5,0.9582570912082428,0.021652285083446604,5,0.23436683948835385,0.16704691460511634,5,0.9320039653519249,0.006635884001618139,5,0.54375,0.0473929715253222,5,0.09208416116648707,0.00770590625986508,5,0.31314920524223266,0.026563574210952005,5,0.06530172448275859,0.022654281933822372,5,0.1993458800250664,0.004561129725504998,5
HIA_Hou,lowdata_100,morgan_xgb,classical,morgan,xgb,0.78125,0.07455859692215235,5,0.9492792807442731,0.02149100545361811,5,0.3290868707528825,0.2479638317862198,5,0.9312701939031827,0.019739063800428513,5,0.61825,0.09594757683235158,5,0.09491190463304518,0.01607174983087884,5,0.33886748446864534,0.05760663308772254,5,0.06944744856706976,0.01651395870147896,5,0.07304072000551967,0.012537023101421633,5
HIA_Hou,lowdata_100,rdkit_lr,classical,rdkit,lr,0.87675,0.06158295979814547,5,0.9668150350268256,0.02582596952814245,5,0.46126298452300424,0.04671581340286892,5,0.8601691770849103,0.05584735305740551,5,0.79725,0.031079535067307543,5,0.1458743349073191,0.03492252037584967,5,0.47466927207374787,0.07501440756634065,5,0.23627484414646688,0.08242328348407646,5,0.007888499996624861,0.0007542579880303261,5
HIA_Hou,lowdata_100,rdkit_rf,classical,rdkit,rf,0.8553750000000001,0.061671223789949235,5,0.9644058843354602,0.020396428942079662,5,0.5395475384137212,0.04738468946915339,5,0.947131084317785,0.005218231710517399,5,0.693,0.0292430547309955,5,0.07943325596982914,0.0076198611398149724,5,0.34218699397635965,0.11852576396875679,5,0.06360451448275863,0.008411575902319174,5,0.1869763200054876,0.002815994022342942,5
HIA_Hou,lowdata_100,rdkit_xgb,classical,rdkit,xgb,0.8459375,0.04211452020978041,5,0.9686610036150816,0.01145509997384879,5,0.45410426524100433,0.14340470962940033,5,0.935826259153097,0.015604099883784788,5,0.682,0.06287760928979408,5,0.08703783303499218,0.008508011085398835,5,0.30484863963670755,0.032863787788964156,5,0.06139925130610833,0.010957255805321786,5,0.031726500007789524,0.007778814381080015,5
HIA_Hou,lowdata_250,chemberta_lr,foundation,chemberta,lr,0.9036250000000001,0.057675344060525546,5,0.9777264759691624,0.017597703225165424,5,0.6089779370896777,0.12452279946602614,5,0.9460170128215107,0.012799339450062834,5,0.80425,0.09957958500616476,5,0.07595623838299154,0.013694577092234256,5,0.35204723167214763,0.14004152620796648,5,0.07890292237986492,0.01634691472325629,5,0.026391699991654582,0.001648768953513138,5
HIA_Hou,lowdata_250,chemberta_rf,foundation,chemberta,rf,0.8920625,0.053815185763406964,5,0.9745298306142696,0.01814349731230263,5,0.4896927266558887,0.1650933863374073,5,0.9447049972307274,0.013926542457532774,5,0.6637500000000001,0.06859641936719439,5,0.0740067054485454,0.009032501924810773,5,0.2576094412983787,0.03233488210063266,5,0.06868265275862065,0.022079395498644662,5,0.20727306000189852,0.009635607419187972,5
HIA_Hou,lowdata_250,chemberta_xgb,foundation,chemberta,xgb,0.8943749999999999,0.05502662707726142,5,0.970808690147497,0.02427275189270752,5,0.5249546310338695,0.11156022575399606,5,0.9462268788927828,0.011129406877527774,5,0.68675,0.03293696631446191,5,0.0733142495155334,0.011863945339766053,5,0.2655410600168489,0.05514943297983249,5,0.06758470571888926,0.015294606974310246,5,1.0299253000062891,0.192083209135051,5
HIA_Hou,lowdata_250,molformer_lr,foundation,molformer,lr,0.834625,0.041932330158244296,5,0.9641726061194686,0.010714265147924916,5,0.4031031568555134,0.06839997596307146,5,0.8860067880227858,0.012805561956029766,5,0.7449999999999999,0.046089247661466576,5,0.13374620132508583,0.013661668471574703,5,0.4751052076908797,0.07546441239502008,5,0.15038708277829077,0.013957739035293244,5,0.04559045998612414,0.003156410848856355,5
HIA_Hou,lowdata_250,molformer_rf,foundation,molformer,rf,0.821875,0.023565276693155984,5,0.9522716970420545,0.007130744260488227,5,0.46081757201592366,0.10309993613749438,5,0.9405060425455656,0.007868395442557071,5,0.665,0.04971795450337837,5,0.08134439333647704,0.008732582457773991,5,0.3301850291325065,0.05244463369811845,5,0.05292294965517236,0.014953508297275828,5,0.20893855999456715,0.007984117065353062,5
HIA_Hou,lowdata_250,molformer_xgb,foundation,molformer,xgb,0.8210000000000001,0.022983519911014525,5,0.9544994228592592,0.011243486886159884,5,0.5104711942058319,0.1407026464352167,5,0.9439281270467557,0.014714788490560283,5,0.7005,0.06731223885743218,5,0.08240068107843396,0.010069848079218114,5,0.32279581619718983,0.026140423256482526,5,0.07604023995327533,0.004575812917152629,5,1.1491967999958432,0.14348504661210343,5
HIA_Hou,lowdata_250,morgan_lr,classical,morgan,lr,0.810875,0.0749799452353761,5,0.9548403609390368,0.022189171555703723,5,0.5194285280235401,0.10457274416282299,5,0.9448634072135735,0.008343815032853983,5,0.70675,0.06021835268421082,5,0.0835196999845266,0.015130661075460149,5,0.3873930385048917,0.10819722946744188,5,0.08013393183407634,0.01418684619590514,5,0.01528209999669338,0.0009542998455331546,5
HIA_Hou,lowdata_250,morgan_rf,classical,morgan,rf,0.853375,0.062328044701001166,5,0.9668558354495771,0.016997679786660624,5,0.3963831089938884,0.12740559200634516,5,0.9386473180494035,0.008604908194394075,5,0.6094999999999999,0.044542816480325986,5,0.08137880522629319,0.009888204076909834,5,0.28155273388120794,0.030373070034728417,5,0.06214978482758614,0.017689530719171433,5,0.20127111999318004,0.004962166505253507,5
HIA_Hou,lowdata_250,morgan_xgb,classical,morgan,xgb,0.821125,0.032907303520647246,5,0.9565992499986631,0.015150112325676356,5,0.4952761918775307,0.09391293990985589,5,0.9422074983839689,0.012492864990973303,5,0.6775,0.025015620120236868,5,0.08449421972036356,0.012566801695515958,5,0.31015503378984666,0.03756903357809611,5,0.07119163713771204,0.004634977917675901,5,0.09876983998110514,0.0019267920406524574,5
HIA_Hou,lowdata_250,rdkit_lr,classical,rdkit,lr,0.8248749999999999,0.041163261077081875,5,0.9570791080919999,0.010417426712045853,5,0.46734586990750077,0.050741019707810996,5,0.9072807751732818,0.026134810693802395,5,0.764,0.031242499099783938,5,0.12211200505274471,0.016375257703128563,5,0.39563518113830526,0.03742169429351631,5,0.18697862853214717,0.03773267540538513,5,0.00886291998904196,0.001067619377447803,5
HIA_Hou,lowdata_250,rdkit_rf,classical,rdkit,rf,0.8783749999999999,0.02560345893380423,5,0.9736730787990453,0.006950800390096078,5,0.515707557842815,0.029390397091230775,5,0.9452383642028321,0.002739795346993141,5,0.68575,0.029336410823411912,5,0.07628352724272824,0.00544522396096783,5,0.26188854566939224,0.022599001227064375,5,0.0541352174137931,0.016716732549733247,5,0.2037306199898012,0.002556496164641051,5
HIA_Hou,lowdata_250,rdkit_xgb,classical,rdkit,xgb,0.87475,0.01596260277962219,5,0.9742021303837289,0.004362697345805744,5,0.5292569530610665,0.13771751773339735,5,0.9458551157580285,0.01465318934313075,5,0.70775,0.060080674929631095,5,0.07778049856424324,0.00972847981305936,5,0.28120006465998026,0.026968477465064002,5,0.07232978550781456,0.010109525567145566,5,0.0380863999947905,0.0015471260517685272,5
HIA_Hou,lowdata_50,chemberta_lr,foundation,chemberta,lr,0.7848124999999999,0.08456044435786743,5,0.9442699513322681,0.025099185123106542,5,0.4787187161915586,0.14268324007155112,5,0.9303277382847355,0.015055244148090062,5,0.73575,0.09542912946265412,5,0.10676218062240853,0.031220621626686963,5,0.5546081797338853,0.21244004265398986,5,0.11053558986902608,0.04141388740672634,5,0.011859759991057161,0.001067669505205516,5
HIA_Hou,lowdata_50,chemberta_rf,foundation,chemberta,rf,0.8241250000000001,0.07502356400658401,5,0.9569199493674182,0.02246464283588426,5,0.34385401397252924,0.2210981680105087,5,0.9367712235171772,0.01106433570671991,5,0.60225,0.06488812487659049,5,0.09169269430226305,0.010825958308928067,5,0.31691569978738077,0.033990850194691925,5,0.06074892103448272,0.021503577692792097,5,0.2014401999884285,0.008509221591878297,5
HIA_Hou,lowdata_50,chemberta_xgb,foundation,chemberta,xgb,0.7904375,0.0825436674206447,5,0.9467383445830121,0.03109462502540932,5,0.4051500989568967,0.12418541125091788,5,0.9385165782123484,0.00872543709373798,5,0.61475,0.05038445940962351,5,0.09449088722467418,0.01588154209619788,5,0.3317545462225147,0.06061110030899895,5,0.06872295434104983,0.01966369275003371,5,0.06993595999665554,0.016161626776793538,5
HIA_Hou,lowdata_50,molformer_lr,foundation,molformer,lr,0.7790625,0.05728134376697182,5,0.9452412143219637,0.020600301600858004,5,0.3747394156079317,0.08270575784420657,5,0.9067720868279439,0.01454777027540373,5,0.698,0.04794691074511474,5,0.13624166544058128,0.016960735531656102,5,0.778995904528332,0.24425965589494822,5,0.14792886258892463,0.018110384785728337,5,0.01861874002497638,0.0033806370829900984,5
HIA_Hou,lowdata_50,molformer_rf,foundation,molformer,rf,0.81425,0.05362840534059351,5,0.9537665459396119,0.01360572145865626,5,0.34890044790898855,0.15310547822287804,5,0.9241641685673343,0.018179207264203644,5,0.63325,0.0705923597140653,5,0.09766003735452686,0.016858724365550755,5,0.383378353216992,0.1093481202042181,5,0.0646012831034483,0.024387333374743657,5,0.19703938000602644,0.015106643266567238,5
HIA_Hou,lowdata_50,molformer_xgb,foundation,molformer,xgb,0.80475,0.04786985938458557,5,0.950950494486808,0.01845804942874635,5,0.3995083728197836,0.09030145779044638,5,0.9301686973743936,0.013444991475626717,5,0.64975,0.04178067735209664,5,0.09717493802309032,0.017670450137727757,5,0.33785318578798773,0.05011904583046947,5,0.08226006086273438,0.018145260226601283,5,0.07084879998583342,0.014110218472487512,5
HIA_Hou,lowdata_50,morgan_lr,classical,morgan,lr,0.7907500000000001,0.08716050209240417,5,0.948093354686882,0.029407558069307404,5,0.3462511310038113,0.06543002422134053,5,0.9350949859869327,0.003802416866410269,5,0.5845,0.02538146469374846,5,0.10064307188951253,0.01208123197554835,5,0.40551922926083084,0.07593526834636558,5,0.09375160446851985,0.01096966324390011,5,0.01057779999682674,0.0008564757925522704,5
HIA_Hou,lowdata_50,morgan_rf,classical,morgan,rf,0.7651875,0.057501103929620385,5,0.9375798141206966,0.015701004959345524,5,0.14769543484228748,0.20402733822981828,5,0.9302648706360699,0.006140526260357314,5,0.53125,0.04419417382415922,5,0.09955149648976305,0.005051446808861426,5,0.3612269599075748,0.05151565976553299,5,0.06144935206896548,0.01601384843326559,5,0.21155941998586053,0.01753751556529558,5
HIA_Hou,lowdata_50,morgan_xgb,classical,morgan,xgb,0.65475,0.050599144632098275,5,0.9128854416001874,0.028152912706126416,5,0.2732845762889875,0.153114498073572,5,0.9199457444230518,0.028059180751572637,5,0.5862499999999999,0.07183422756597303,5,0.11405859142541881,0.017076980530211852,5,0.3962030168860519,0.03667121694200434,5,0.08888515555139243,0.029493538915840084,5,0.052989939984399756,0.008474442888476071,5
HIA_Hou,lowdata_50,rdkit_lr,classical,rdkit,lr,0.792,0.13226054423939143,5,0.9407783653415345,0.04933112065430716,5,0.39742308299628115,0.10162899496321044,5,0.879418206167378,0.023157865618770233,5,0.74525,0.07195593269494885,5,0.14183445308422002,0.02463262089336513,5,0.46158504455877347,0.07103113028718192,5,0.19417991856696148,0.06277514765012578,5,0.00679417998762796,0.0008260696239575601,5
HIA_Hou,lowdata_50,rdkit_rf,classical,rdkit,rf,0.841625,0.041857738979787194,5,0.9663596309170529,0.012205338729463151,5,0.4748988167448854,0.14194793490925015,5,0.9438492486130656,0.009649239863011869,5,0.6575,0.07809749515829557,5,0.0869722560196676,0.010295427953668392,5,0.3147130402859484,0.06501637009395973,5,0.05650591758620686,0.010819644438320225,5,0.18526761999819424,0.008661803622805744,5
HIA_Hou,lowdata_50,rdkit_xgb,classical,rdkit,xgb,0.8253125000000001,0.02203512820475518,5,0.9652764240049952,0.0026611222095783748,5,0.495654973705226,0.10150030881677234,5,0.9434916119002119,0.005241178358039324,5,0.67325,0.08909089459647378,5,0.08856455385684964,0.009781205319192396,5,0.31396320595460336,0.026828770087676684,5,0.07007649646236974,0.014377053283971469,5,0.028075680008623684,0.0062348318004629205,5
HIA_Hou,random,chemberta_lr,foundation,chemberta,lr,0.9339999999999999,0.04350960741606392,5,0.9866918549867172,0.010464377206681896,5,0.6712045868070796,0.07620035766618992,5,0.9515122054382223,0.016420232732859297,5,0.84175,0.05029289214193194,5,0.06900386263753956,0.015187709934201068,5,0.2817117217987337,0.07711617522319104,5,0.07077361135080136,0.012907089637547497,5,0.04138779999921094,0.0018366670599348227,5
HIA_Hou,random,chemberta_rf,foundation,chemberta,rf,0.9167500000000001,0.04658063824568101,5,0.9815456677633432,0.014044867079820297,5,0.569994974000808,0.0593003243000811,5,0.9511211976429367,0.0050083293776612935,5,0.70225,0.03503792588039425,5,0.06708395070043126,0.008321612135413166,5,0.23486417634320414,0.029131466899286945,5,0.05711207172413788,0.021989621764887324,5,0.22677162002073598,0.02925820515535073,5
HIA_Hou,random,chemberta_xgb,foundation,chemberta,xgb,0.9422499999999999,0.03275918287289841,5,0.9888039929542339,0.008029867174421602,5,0.6144563304572743,0.08578935053352364,5,0.9544454847342824,0.008586787942443668,5,0.74825,0.05123932815718799,5,0.06317167356610294,0.01334063122882618,5,0.21835721562989335,0.058281703147376455,5,0.0606731963279689,0.015183475860122088,5,1.6860903000109828,0.21822058107208808,5
HIA_Hou,random,molformer_lr,foundation,molformer,lr,0.8705,0.024432624193892895,5,0.9736608498608211,0.006378974295320075,5,0.4799038144505025,0.03354982255597189,5,0.8920719874997923,0.012327947108392405,5,0.79925,0.021661457707181208,5,0.13183330026156517,0.009566896291291893,5,0.4352369479415513,0.03900182201574218,5,0.1823921999533367,0.023290767242094838,5,0.08287716002669179,0.016330328966067637,5
HIA_Hou,random,molformer_rf,foundation,molformer,rf,0.8498125,0.04471841151164697,5,0.9602344105025656,0.013894643751562972,5,0.5304064057920714,0.07775047642229639,5,0.9473748802721721,0.006687417283795181,5,0.6825,0.03757284591297285,5,0.07508776400053932,0.009672601707362095,5,0.29354672788251507,0.0762482102953397,5,0.06419719827586208,0.011810260944430365,5,0.22091947998851533,0.012790920054318306,5
HIA_Hou,random,molformer_xgb,foundation,molformer,xgb,0.8553750000000001,0.01926176588477806,5,0.9652665303471825,0.004002264580769137,5,0.5172858437304233,0.10282718846705317,5,0.9450002422144571,0.00821237624667523,5,0.7015,0.07333783130145041,5,0.07444360852241512,0.011537784534628281,5,0.28649030342836784,0.04023071347487818,5,0.06635368925615628,0.009897483759079763,5,1.9536493999767117,0.3204256617911245,5
HIA_Hou,random,morgan_lr,classical,morgan,lr,0.884,0.08126153764235577,5,0.9708188069291838,0.023583819212890045,5,0.6576865639954385,0.12729987070151308,5,0.9579317658244049,0.014356249814108987,5,0.7889999999999999,0.06840481525448337,5,0.06253174203779535,0.020426560803858906,5,0.2951363962063327,0.14446944253204333,5,0.06100384048286818,0.018852870622013233,5,0.021606360003352122,0.0031563966011714903,5
HIA_Hou,random,morgan_rf,classical,morgan,rf,0.9218125,0.050976020710722464,5,0.9834689721577945,0.012309580888871909,5,0.5575329252856145,0.13241572673511756,5,0.9501368705030032,0.012326223510471992,5,0.70125,0.060318166832223984,5,0.06811723380253248,0.010573989294161186,5,0.23747893947452692,0.031373857816581294,5,0.0699218768965517,0.0173272201628111,5,0.21106947999214748,0.015076729618497093,5
HIA_Hou,random,morgan_xgb,classical,morgan,xgb,0.92275,0.02097990109604904,5,0.9861973751440052,0.003791954418594314,5,0.6103830832592843,0.08456541109800968,5,0.9547427243316141,0.007629452174880941,5,0.7325,0.06244372466469305,5,0.0655195131897926,0.0109009545853384,5,0.2237588459657915,0.031467751045738006,5,0.05320942300403934,0.012828034546391752,5,0.1550447199842892,0.020866904407619753,5
HIA_Hou,random,rdkit_lr,classical,rdkit,lr,0.9012499999999999,0.044421190748335414,5,0.98083003961864,0.010282124879016358,5,0.5087677217612757,0.07372632655169892,5,0.9088121070461772,0.015848710939408536,5,0.80275,0.04482082384338779,5,0.11513269977634874,0.009874334911724823,5,0.3782234836656696,0.02552033198494294,5,0.19510724447496908,0.02289299027486969,5,0.01008518000598992,0.000792822322157555,5
HIA_Hou,random,rdkit_rf,classical,rdkit,rf,0.8977499999999999,0.043957876676143114,5,0.9769979057627165,0.01380130422028791,5,0.5066746389478595,0.11328279537876398,5,0.9452925592619117,0.008941696462134802,5,0.68575,0.05936249868393342,5,0.07204831845231859,0.007882889754959783,5,0.2629867100278707,0.07285394518141416,5,0.04441001758620688,0.008369274942261078,5,0.21093465999001632,0.00857529037369896,5
HIA_Hou,random,rdkit_xgb,classical,rdkit,xgb,0.8835000000000001,0.03810860303133669,5,0.9756850488149041,0.01016557479196496,5,0.48638327170386153,0.040511135907507795,5,0.9409480563033055,0.004058372314899155,5,0.6922499999999999,0.025956694704834832,5,0.07509744614362715,0.006543584092185789,5,0.2628238088091324,0.03722919716436079,5,0.059713291306177065,0.013367248558005359,5,0.04796557999216014,0.00999966829075626,5
HIA_Hou,scaffold,chemberta_lr,foundation,chemberta,lr,0.9333750000000001,0.03928213254776278,5,0.9880845298081414,0.0075799021483939815,5,0.5885557944800338,0.1158499824460292,5,0.9393660077264478,0.016855808527956664,5,0.8087500000000001,0.0632393765782048,5,0.07684438143110632,0.022716881472541063,5,0.3068479136329766,0.11382552664856407,5,0.0784335649979196,0.026278947405273784,5,0.0457610200042836,0.008305338417969616,5
HIA_Hou,scaffold,chemberta_rf,foundation,chemberta,rf,0.8978125,0.047433650206103704,5,0.9758339761083719,0.014372355219431646,5,0.5904840530371486,0.13583540705511885,5,0.9529692057472972,0.013178800921743561,5,0.71475,0.06527825058930427,5,0.07076658051589453,0.010692361011646513,5,0.2515490463877137,0.03098014140686375,5,0.0565598068965517,0.010636304332916794,5,0.22370351998833934,0.02028820238397172,5
HIA_Hou,scaffold,chemberta_xgb,foundation,chemberta,xgb,0.91225,0.05208466664960039,5,0.9801413062505018,0.014815188044700934,5,0.6121886128390186,0.11593323059473506,5,0.9546475317571973,0.011336807935946705,5,0.7377499999999999,0.07034735247328078,5,0.06535240039229387,0.013995751537772324,5,0.241711402889709,0.05826616541771178,5,0.06402860233752884,0.015183025612623694,5,1.7399063999997453,0.2516335746421437,5
HIA_Hou,scaffold,molformer_lr,foundation,molformer,lr,0.8412499999999999,0.05327552205281524,5,0.9644052208118697,0.014550857145412025,5,0.4280857708770734,0.06040844038810438,5,0.8752644610438731,0.03378858811844028,5,0.7695000000000001,0.03837113172685945,5,0.14517067328630998,0.038528918306942786,5,0.47367515892503037,0.13844563184626832,5,0.187986403908916,0.052952142843030264,5,0.08217936001019546,0.006720526447088888,5
HIA_Hou,scaffold,molformer_rf,foundation,molformer,rf,0.797875,0.04095145277490163,5,0.9444412933500972,0.020458315297155284,5,0.5278815523045158,0.18564511691133173,5,0.947227758051105,0.018152721901445974,5,0.693,0.08406006037352105,5,0.08242629444234943,0.015853346628077008,5,0.325053387272408,0.061469671304838644,5,0.06476292862068962,0.020158924646862933,5,0.22878572001354763,0.022653280235772066,5
HIA_Hou,scaffold,molformer_xgb,foundation,molformer,xgb,0.8196249999999999,0.06214367174137685,5,0.9558356130294721,0.015894431513902924,5,0.588488132674594,0.16894766165894146,5,0.9515421775676953,0.018297121114217156,5,0.74,0.09369581767613748,5,0.0763892643153667,0.022670155826985686,5,0.3104161918688756,0.08256618301645303,5,0.07284731387064368,0.022147205768494705,5,1.9555126399965956,0.2647569702763058,5
HIA_Hou,scaffold,morgan_lr,classical,morgan,lr,0.917,0.0149960932412412,5,0.9755196874219505,0.010983760658182292,5,0.7183823770404385,0.12204365144526091,5,0.9634338381226264,0.014987996172111367,5,0.837,0.0727023039524883,5,0.055926323243252994,0.020859900607434718,5,0.2371816055925394,0.06293946358004135,5,0.05716983418089182,0.01517264814786049,5,0.02401522002182896,0.003095704398477908,5
HIA_Hou,scaffold,morgan_rf,classical,morgan,rf,0.909375,0.04994283841928697,5,0.9762363326314654,0.015435754835366368,5,0.5167092580689181,0.10799538789184879,5,0.9466150743366377,0.00882463305260096,5,0.671,0.06283286361451305,5,0.0686061464507005,0.009455909443049682,5,0.24840327311916113,0.025683680473514246,5,0.08487338482758618,0.020458757310296758,5,0.2229738199966959,0.024346703006272667,5
HIA_Hou,scaffold,morgan_xgb,classical,morgan,xgb,0.9096249999999999,0.06029646807649681,5,0.9813188566148561,0.014720594930825961,5,0.640367720413025,0.06148434336406581,5,0.9560367154270887,0.005693400639783305,5,0.7765,0.044126947549088406,5,0.06109786108136174,0.011747100548842569,5,0.2190692743927006,0.047024946981380426,5,0.04880507827961232,0.0131728018480037,5,0.2212180600035935,0.15327133091947343,5
HIA_Hou,scaffold,rdkit_lr,classical,rdkit,lr,0.86575,0.03510697936308383,5,0.9714955259531097,0.009301461328702769,5,0.4518126718595513,0.06397729472607169,5,0.887454101679617,0.032297870536077834,5,0.77425,0.022195861100664637,5,0.12697657666513165,0.017739024563883585,5,0.40920112329562724,0.045413068552460634,5,0.20371581168626726,0.026144814717112344,5,0.01046544000273566,0.0011092467979304348,5
HIA_Hou,scaffold,rdkit_rf,classical,rdkit,rf,0.898125,0.031644386350504504,5,0.9753456521864494,0.009015636728046717,5,0.5604381200673234,0.15840559737123447,5,0.9486111938835744,0.01696406713872954,5,0.7264999999999999,0.07091698491898821,5,0.0674980423208525,0.009815019334507633,5,0.2569758121434356,0.04236620970089893,5,0.057421878965517203,0.018066817937938705,5,0.2079082999960519,0.008631752405726584,5
HIA_Hou,scaffold,rdkit_xgb,classical,rdkit,xgb,0.8945000000000001,0.04248483185208574,5,0.9797253628846923,0.008364244946205072,5,0.5813911750929652,0.15156084350922455,5,0.9492651338250813,0.017981473397520435,5,0.74325,0.059977860498687335,5,0.073343963176012,0.018814602729496397,5,0.2582669548227575,0.06287866678414025,5,0.0674826850600797,0.01725280791119074,5,0.06602971999673171,0.02916425966523109,5
PAMPA_NCATS,lowdata_100,chemberta_lr,foundation,chemberta,lr,0.5903613871030586,0.0650508471043475,5,0.8879542669983789,0.025215848954265957,5,0.10867662100729905,0.057679139228488725,5,0.8681796435400144,0.012531972071448036,5,0.5547925189947399,0.028651478285314922,5,0.18860611043151448,0.017063668124851886,5,0.8785567191979193,0.14917760554423856,5,0.17843484847171703,0.02423276416269979,5,0.02130661999108264,0.0008122098205105864,5
PAMPA_NCATS,lowdata_100,chemberta_rf,foundation,chemberta,rf,0.5752581336450419,0.043483966604693426,5,0.880576152649116,0.01942144850570527,5,0.016779505106821302,0.05873687493938657,5,0.9179297919843428,0.008710389246088069,5,0.5004870446132866,0.004844594600796321,5,0.12716448359758908,0.005950315161493602,5,0.42986499814587387,0.023793225010834876,5,0.04880605012285008,0.01565268084886265,5,0.21073411999968808,0.016134169696107984,5
PAMPA_NCATS,lowdata_100,chemberta_xgb,foundation,chemberta,xgb,0.5815117864796415,0.040822614025693225,5,0.8826459958908334,0.01658606419412279,5,0.08853350143526788,0.05343675992094234,5,0.9156421841891712,0.010743984859032189,5,0.5142460549386324,0.008915344661820698,5,0.13547240644693373,0.012742962566663737,5,0.5084768278697103,0.05112603271320966,5,0.09841108736227415,0.02484967446300428,5,0.1875454399734735,0.01874311860614822,5
PAMPA_NCATS,lowdata_100,molformer_lr,foundation,molformer,lr,0.598947983635301,0.05789750496923846,5,0.8930525275936155,0.01878465219066377,5,0.10339762837040764,0.056855232931361695,5,0.7925456757722121,0.01136677071670335,5,0.5676992012468343,0.03839792749577574,5,0.23123756193016845,0.010047344162361357,5,0.7851684463546434,0.07807869365239288,5,0.23847196034470813,0.02496654592816517,5,0.03482124003348868,0.00903553921477213,5
PAMPA_NCATS,lowdata_100,molformer_rf,foundation,molformer,rf,0.611864406779661,0.035320342210511405,5,0.8970555692472324,0.017906262195572755,5,0.0081349260294983,0.05464805734141413,5,0.9160567516423249,0.00467310827156297,5,0.5043931424118449,0.01063708390240306,5,0.1280523271825095,0.001874180072070375,5,0.4591468824856326,0.04315253458717557,5,0.05870316034398032,0.011096786831066264,5,0.21286117999115955,0.02216737126014086,5
PAMPA_NCATS,lowdata_100,molformer_xgb,foundation,molformer,xgb,0.6253506721215664,0.049096644515417856,5,0.8993078064101226,0.025534137453146852,5,0.05951217400582746,0.05666730099124636,5,0.9119697014635237,0.006858177753960647,5,0.5178355737385545,0.016178090619980563,5,0.1337383240461349,0.0022687098894900643,5,0.4973494305229519,0.012148517226036685,5,0.09634317301341877,0.009704760468991753,5,0.1958086399827152,0.03118883573684143,5
PAMPA_NCATS,lowdata_100,morgan_lr,classical,morgan,lr,0.5584356127021236,0.055874264522977904,5,0.8759984330489956,0.022876463947000835,5,0.09548261473646026,0.06882915343566384,5,0.9031339680311576,0.0093735447480491,5,0.5325978959672706,0.02395528447712871,5,0.15488234097520948,0.010449036032326496,5,0.6903269244289243,0.04006165170740311,5,0.14851170439802003,0.018607380524124636,5,0.01596345999278124,0.003383387537383098,5
PAMPA_NCATS,lowdata_100,morgan_rf,classical,morgan,rf,0.5816530294174946,0.0551978776887874,5,0.8846373951549822,0.021637013225249836,5,0.04059733474030106,0.056299142075369894,5,0.9190001975575897,0.003951272934274503,5,0.5058591466978376,0.0068163759825230295,5,0.12609290410741708,0.003623625698649151,5,0.42864202267029483,0.020359504778086273,5,0.050733261179361125,0.018934017939489216,5,0.20327254000585526,0.0033971428386309383,5
PAMPA_NCATS,lowdata_100,morgan_xgb,classical,morgan,xgb,0.5872540424702903,0.055396020538070086,5,0.892506510331839,0.017172163832343282,5,0.0863252830455467,0.04684030563720564,5,0.9089815886801395,0.008392844045737365,5,0.5251022793687902,0.015050578925678031,5,0.13639121055603023,0.0033007301847662513,5,0.4823240190858934,0.016181371019188744,5,0.10068046761086291,0.01057949200273166,5,0.06932247999357057,0.0035391610338166664,5
PAMPA_NCATS,lowdata_100,rdkit_lr,classical,rdkit,lr,0.6233148256380285,0.04079355689773256,5,0.898262056511243,0.01269702227685115,5,0.12376097541347801,0.037722216117753136,5,0.7893166499273614,0.027470194071289738,5,0.58062536528346,0.023779085999207382,5,0.21668022488074187,0.01864141273013368,5,0.6609537522868886,0.05206366414372069,5,0.23923054281326417,0.026511253332082863,5,0.00783861998934294,0.0007988146150070669,5
PAMPA_NCATS,lowdata_100,rdkit_rf,classical,rdkit,rf,0.6513296317942724,0.05508073643435404,5,0.9052741550016881,0.02529153089145517,5,0.09663963089461318,0.09391457239881064,5,0.9172382760962238,0.004183834575156444,5,0.5244155464640562,0.024770166828268447,5,0.12362180429246059,0.004350709429482454,5,0.4697156281217881,0.05230038074330246,5,0.058741548402948394,0.020278425636917233,5,0.1972769999876618,0.007383894681942402,5
PAMPA_NCATS,lowdata_100,rdkit_xgb,classical,rdkit,xgb,0.6524303526203001,0.07243203630643298,5,0.9085895502379969,0.030222782962463658,5,0.1613441412381089,0.07681144514783633,5,0.9101177563658223,0.007657377922241983,5,0.5552649522696279,0.029410390714828642,5,0.13075226098299025,0.011338452284070757,5,0.4609656914637531,0.043879084100455545,5,0.09114760049877349,0.023991710480367256,5,0.03435939998598764,0.0032873599983857106,5
PAMPA_NCATS,lowdata_250,chemberta_lr,foundation,chemberta,lr,0.6065945840639002,0.015666742204216957,5,0.8879713925177244,0.010250330295058485,5,0.1450756490981025,0.04488372040270764,5,0.8680461190879949,0.013802232414048505,5,0.5753604130138321,0.02089120940071707,5,0.18534596228167582,0.008233473759428678,5,0.9262355867633264,0.09082974889027934,5,0.18093896363767423,0.013830623966776952,5,0.03249905999982724,0.0036028908422744265,5
PAMPA_NCATS,lowdata_250,chemberta_rf,foundation,chemberta,rf,0.6337619325930255,0.020450034187311193,5,0.8989444587584032,0.009969145066869705,5,0.04589501583041292,0.05293481181275039,5,0.9199552028898262,0.004026763126035316,5,0.5039060977985583,0.004442350177496747,5,0.1212325861367475,0.003822274809089083,5,0.412214927961422,0.015131391405810202,5,0.02974892491400488,0.007887709592445532,5,0.23930614001583303,0.034794351067998074,5
PAMPA_NCATS,lowdata_250,chemberta_xgb,foundation,chemberta,xgb,0.6159068770699396,0.02214343393153157,5,0.8946897353983155,0.013065449274449487,5,0.07484713836929777,0.059726619542145615,5,0.9166277039088586,0.005475461564368731,5,0.5151081239041496,0.013557464436762121,5,0.13172025382518765,0.005499682063506748,5,0.5066118879302031,0.018630326307119343,5,0.10258583613197687,0.006828750280018926,5,1.3099405599990859,0.2240107865752375,5
PAMPA_NCATS,lowdata_250,molformer_lr,foundation,molformer,lr,0.5986752386518605,0.023157780606952217,5,0.882702184163341,0.005539810691134255,5,0.10950571737750374,0.03847432617020238,5,0.7507761293401124,0.039504778364441766,5,0.5744691213715176,0.026140250883455392,5,0.2358123608589306,0.016092117495519653,5,0.717365896457354,0.047618609385966265,5,0.28603689393325193,0.02634489903250611,5,0.05232715999009082,0.012622472033732589,5
PAMPA_NCATS,lowdata_250,molformer_rf,foundation,molformer,rf,0.5958503798947984,0.028024217567748116,5,0.8893912010602563,0.012852649342959658,5,0.0719334917820214,0.05875801510733815,5,0.9184964435726659,0.003861855599449021,5,0.5126095850379895,0.014519662966924845,5,0.12891993757294073,0.004700135432378205,5,0.4520464748633679,0.025281950919592653,5,0.06315196644127108,0.01994258387714448,5,0.21796689999755467,0.006975784023989912,5
PAMPA_NCATS,lowdata_250,molformer_xgb,foundation,molformer,xgb,0.6147038768751217,0.024259285906472573,5,0.8993658807059246,0.015244217007749788,5,0.10848518714477814,0.07149440873127104,5,0.9153896486607949,0.006215722080996656,5,0.525506526397818,0.01806744822670086,5,0.13268813490867612,0.008174795173910092,5,0.50873984433093,0.028597201198347435,5,0.10557045471609658,0.01967174748279307,5,1.192872940003872,0.10199441768270122,5
PAMPA_NCATS,lowdata_250,morgan_lr,classical,morgan,lr,0.6325150983830119,0.040960515681165495,5,0.8979352594856399,0.014509333760778129,5,0.1714646963681746,0.064130436274873,5,0.9007759744223847,0.0055530086641728624,5,0.5711474771089031,0.030175733297150963,5,0.15218013155137156,0.008436453074442822,5,0.7301613368314657,0.05377356651331576,5,0.14347416528855636,0.015780445826527607,5,0.019452380004804558,0.00229569393540603,5
PAMPA_NCATS,lowdata_250,morgan_rf,classical,morgan,rf,0.6504383401519579,0.025766660162620667,5,0.9025343978824925,0.009255627200720618,5,0.17324814529368165,0.09788247055008198,5,0.922836106633335,0.003914469518615062,5,0.5372004675628288,0.022639191085498514,5,0.11749897415118246,0.0024193770657605345,5,0.40277413237214094,0.02119949672613893,5,0.042049292776412714,0.010902775662649479,5,0.20668410001089793,0.003914645128323305,5
PAMPA_NCATS,lowdata_250,morgan_xgb,classical,morgan,xgb,0.6379943502824859,0.032994080546206714,5,0.9011876309312334,0.01065848732554279,5,0.17506371593048956,0.06153400181327888,5,0.9199215846838678,0.003701799736762768,5,0.5444671731930645,0.01781941927112102,5,0.12108860760927195,0.003079433757031851,5,0.4375379544710677,0.015747505470340345,5,0.07563294632136083,0.003420393196146808,5,0.10324276001192625,0.0028215693270348514,5
PAMPA_NCATS,lowdata_250,rdkit_lr,classical,rdkit,lr,0.6699736995908825,0.02742584717409458,5,0.9134308063226879,0.010565931860440884,5,0.18250947571178353,0.06215884625908785,5,0.7833506589797649,0.021817509488751555,5,0.622822910578609,0.041759735980954484,5,0.21090344797105381,0.009920490229876872,5,0.6200819172432899,0.0315827334707219,5,0.2576253529646297,0.024373522345261193,5,0.00991751999827098,0.0018179183487684874,5
PAMPA_NCATS,lowdata_250,rdkit_rf,classical,rdkit,rf,0.693687901811806,0.03166561951616913,5,0.9239634361549717,0.007114693419566286,5,0.16818943879791,0.040953976393766314,5,0.9206746131193653,0.0020144547999200696,5,0.5394116501071498,0.013330089420144195,5,0.11757169188939938,0.0029798162657093826,5,0.40021910154243623,0.008903067560250019,5,0.045054936855249236,0.017209845365747645,5,0.2291632200009189,0.03041290936276822,5
PAMPA_NCATS,lowdata_250,rdkit_xgb,classical,rdkit,xgb,0.6928794077537503,0.04609012891793848,5,0.9206625235664443,0.009977128955483843,5,0.1865477243634141,0.0748454984127463,5,0.9135778807019295,0.0054510519201664805,5,0.5629359049288916,0.028676168758305812,5,0.121514119207859,0.008249010635983862,5,0.4257000122478779,0.02995644696597022,5,0.07287729725571161,0.014452958263324031,5,0.04778068000450726,0.008355294483110684,5
PAMPA_NCATS,lowdata_50,chemberta_lr,foundation,chemberta,lr,0.5809468147282291,0.034372843622624515,5,0.8885282654786637,0.013357247933389712,5,0.06091193039419994,0.026513800196483483,5,0.8715190480229991,0.014418317010161158,5,0.5283654782778102,0.01158265923022408,5,0.190464809113967,0.021232197453297432,5,0.9688748677259962,0.18627860507773011,5,0.19063762930450084,0.02399339425802031,5,0.014878079993650258,0.0018676238043594186,5
PAMPA_NCATS,lowdata_50,chemberta_rf,foundation,chemberta,rf,0.5775472433274889,0.011590198523616639,5,0.8839464817688647,0.007096604591464304,5,-0.00408698800152828,0.009138782994643248,5,0.9215683243452141,0.000639471369889393,5,0.4997126436781609,0.0006425482693964998,5,0.12423452606495697,0.0009947117672449738,5,0.42314944778285907,0.014007520799329194,5,0.0403869777395577,0.008268900081555015,5,0.20049969998653974,0.004889185798500176,5
PAMPA_NCATS,lowdata_50,chemberta_xgb,foundation,chemberta,xgb,0.6020553282680694,0.047155510054895475,5,0.896442990525232,0.018250444651790498,5,0.0504215998366254,0.06525393082721026,5,0.9158812333573287,0.00511355599548057,5,0.5100233781414377,0.011882436323999093,5,0.1336079508066177,0.00434392574476002,5,0.48507494228892495,0.019565532517755464,5,0.10322433505802245,0.005927337601770491,5,0.08045397999230768,0.013194576182421208,5
PAMPA_NCATS,lowdata_50,molformer_lr,foundation,molformer,lr,0.5851694915254237,0.03822385577813992,5,0.8864763473182282,0.014669826814612168,5,0.08013197962475886,0.05234048107417271,5,0.8331021992705214,0.027707224311593073,5,0.5477449834404832,0.03155759522267548,5,0.2272121715986251,0.024634881758687867,5,1.1879290016709696,0.37061783932828,5,0.22495147794941808,0.028893788275670206,5,0.022913160000462042,0.002868043517908958,5
PAMPA_NCATS,lowdata_50,molformer_rf,foundation,molformer,rf,0.6181959867523865,0.017857356414850666,5,0.8961889205371577,0.008346275031355037,5,0.045999204376807976,0.07384796810120246,5,0.9176667531406866,0.004202285170670146,5,0.5103399571400741,0.01586134832710182,5,0.12617871294379646,0.0017409090573655061,5,0.45596259970570274,0.05089220976160676,5,0.056848890122850104,0.016586137980243335,5,0.205442880000919,0.01951482758539332,5
PAMPA_NCATS,lowdata_50,molformer_xgb,foundation,molformer,xgb,0.6252727449834404,0.02644721987198454,5,0.9021327226500855,0.011707197468059285,5,0.080799095835921,0.05488511878862359,5,0.9098633034024294,0.005850669940961224,5,0.5259643483343075,0.021593779444354415,5,0.13556877374649043,0.0030165143083855793,5,0.4868195225501597,0.020900821648112338,5,0.10143277455459936,0.00844618505582557,5,0.07575333999702702,0.00462573469847318,5
PAMPA_NCATS,lowdata_50,morgan_lr,classical,morgan,lr,0.5816091954022988,0.034470642289128724,5,0.8813728420432231,0.015174516386488611,5,0.09795535652477237,0.09592244108598297,5,0.9213949087005405,0.003429714671165012,5,0.5154831482563803,0.014416010463751473,5,0.134831942440083,0.005527491670897849,5,0.6097176136686075,0.044918460612510196,5,0.11988454839770597,0.009425686306959249,5,0.01429164001019666,0.0038446798399357214,5
PAMPA_NCATS,lowdata_50,morgan_rf,classical,morgan,rf,0.5848188194038574,0.01945046674272752,5,0.88844996805694,0.010027069801831658,5,0.038279560384840323,0.055279409757763916,5,0.9220573166664299,0.0005770196860876801,5,0.5031024741866356,0.0042785005050486906,5,0.12343228126919534,0.001849326233000449,5,0.41916620517822506,0.011245777449489517,5,0.04322020845208844,0.007939765515463664,5,0.2139577399822883,0.024796865229485644,5
PAMPA_NCATS,lowdata_50,morgan_xgb,classical,morgan,xgb,0.5642168322618352,0.030671980130035584,5,0.8874276317244819,0.008795770611555143,5,0.02902940280543332,0.08043323785235944,5,0.905481608012549,0.006208339586588338,5,0.5115137346580946,0.02797978258883933,5,0.13881013989448543,0.005416859084861024,5,0.49502383586151116,0.030760304925228046,5,0.09855092566194927,0.012879127442830235,5,0.0534451000159606,0.006651451970440093,5
PAMPA_NCATS,lowdata_50,rdkit_lr,classical,rdkit,lr,0.6335135398402494,0.05327484911731909,5,0.8931407310817289,0.020292842624624524,5,0.17074294589898345,0.0582449283827127,5,0.8246858467751794,0.022006643808396703,5,0.6062293006039353,0.03491585262959723,5,0.19592704592797397,0.017713573491356754,5,0.6332501452874267,0.06701367990250168,5,0.20639369803105762,0.03332998223822832,5,0.00665088000241662,0.0006734991619269185,5
PAMPA_NCATS,lowdata_50,rdkit_rf,classical,rdkit,rf,0.643721994934736,0.05738872843045324,5,0.9039377275041224,0.02014820005356478,5,0.10775960920973397,0.07509901500509955,5,0.9219695326011689,0.001206896538869276,5,0.5160578609000585,0.01573500497762858,5,0.1203337345408481,0.00668806569874703,5,0.4338462022358641,0.05111699573534255,5,0.051689184373464335,0.01874244137607924,5,0.20896471999585625,0.01663316408330464,5
PAMPA_NCATS,lowdata_50,rdkit_xgb,classical,rdkit,xgb,0.6290814338593416,0.07122247031231276,5,0.8975048676991509,0.021584727730152797,5,0.15827551807417561,0.11787368166720594,5,0.9164459631935694,0.004777839313145565,5,0.5497516072472239,0.0424948483513927,5,0.12470647692680355,0.010904886869141421,5,0.4525886521238439,0.04074082476398847,5,0.0783167927725016,0.021881517236219703,5,0.029535120003856663,0.0063712067729809726,5
PAMPA_NCATS,lowdata_500,chemberta_lr,foundation,chemberta,lr,0.6285408143385934,0.04878946653599145,5,0.895671554679763,0.020096481046857562,5,0.15106394267879966,0.05823247759551971,5,0.8646595248687238,0.011753009166258788,5,0.5812195597116696,0.03327943446442853,5,0.18514855221819704,0.017624729982634743,5,0.847544240955185,0.09398852057628883,5,0.17176056798189043,0.023520700148496446,5,0.0650848600082099,0.00560779326825668,5
PAMPA_NCATS,lowdata_500,chemberta_rf,foundation,chemberta,rf,0.6491135788038184,0.0277449047570943,5,0.9056237973682775,0.010220633316730248,5,0.06397170462105553,0.08838594252714899,5,0.9216473965304761,0.002067929219684477,5,0.5070377946619911,0.009220993927152428,5,0.11879456916078009,0.0036721572584670487,5,0.396842720642365,0.01091449091977151,5,0.029077088353808338,0.01451309516100643,5,0.2571961399982683,0.023805897456020235,5
PAMPA_NCATS,lowdata_500,chemberta_xgb,foundation,chemberta,xgb,0.6657023183323593,0.035687234808681655,5,0.9123071795689611,0.01434847689807948,5,0.13917634695239484,0.10701593490169826,5,0.9213894359815764,0.005725004023599305,5,0.5256234171050068,0.021314222243761314,5,0.12328475117683406,0.006757755706561039,5,0.458303348912655,0.02642339322195017,5,0.08964554486242497,0.0088640621761436,5,1.9401279799989424,0.22530002317992387,5
PAMPA_NCATS,lowdata_500,molformer_lr,foundation,molformer,lr,0.6230177284239236,0.025412049189502888,5,0.8972648573499192,0.008905928988834447,5,0.15151806457803624,0.04507478588597821,5,0.7384843396040561,0.028381667879859906,5,0.6053185271770894,0.031643422898880696,5,0.22991566152570364,0.009614749602979233,5,0.6646522377263283,0.019435267055153065,5,0.30126049065054356,0.019864180649367427,5,0.08447794000385327,0.011396405115705737,5
PAMPA_NCATS,lowdata_500,molformer_rf,foundation,molformer,rf,0.6257646600428599,0.025312422427820766,5,0.8935675650073959,0.007821580463410282,5,0.039828008567546404,0.06467632286562996,5,0.9165259389493015,0.0028343199342884206,5,0.5091905318527177,0.014526616917878826,5,0.12406998917375708,0.004031626386783795,5,0.42762416742292125,0.015103766830996134,5,0.05080834499509838,0.012002954428740916,5,0.2591484199860133,0.04668809993862882,5
PAMPA_NCATS,lowdata_500,molformer_xgb,foundation,molformer,xgb,0.6262857977790766,0.030397497685624122,5,0.8934646204365828,0.01940565661772408,5,0.12161392664941162,0.0661808128798378,5,0.916675439505975,0.002673546566897539,5,0.5325735437366064,0.02201124161198324,5,0.1260166391730308,0.007342011928686966,5,0.47395996730613976,0.02036107464141816,5,0.08508783625004034,0.014193897609094785,5,2.1693041400169024,0.5249785182871771,5
PAMPA_NCATS,lowdata_500,morgan_lr,classical,morgan,lr,0.6290570816286772,0.018842880545544845,5,0.8951431732926052,0.017290372107964965,5,0.15010355485123852,0.028991557762697972,5,0.8825427681229752,0.0051043873423887295,5,0.5719462302746932,0.014239669893098179,5,0.17107835488361672,0.00753363025153313,5,0.8839914646304079,0.02653338615834676,5,0.1650435423568513,0.006855019516085252,5,0.03292134002549568,0.0027532376214297626,5
PAMPA_NCATS,lowdata_500,morgan_rf,classical,morgan,rf,0.6579193454120398,0.03829918215718822,5,0.9082909908704865,0.01726772570381498,5,0.1688682471741753,0.06106336240397749,5,0.9227045580175055,0.0032506146469653096,5,0.5312828755113969,0.010756171052796661,5,0.11813448959382682,0.0024744840269358003,5,0.4029939124079317,0.022403720444944274,5,0.03336148574938566,0.014783894923204068,5,0.22863317999290303,0.025692349047650796,5
PAMPA_NCATS,lowdata_500,morgan_xgb,classical,morgan,xgb,0.6520407169296707,0.024866224784884625,5,0.9081715758802622,0.011616374621804358,5,0.18430017432659906,0.025668277386963066,5,0.9218291048447412,0.002859946389770404,5,0.5405610753945062,0.005926919721764528,5,0.11958215385675428,0.0019087641710310195,5,0.4101328969866822,0.0069526320597944925,5,0.058201823949227995,0.006507148583181092,5,0.1534188200021162,0.015902842457270146,5
PAMPA_NCATS,lowdata_500,rdkit_lr,classical,rdkit,lr,0.6957675823105396,0.03142547568313687,5,0.9200558598517213,0.012548512571313414,5,0.21001198626215106,0.048149288406532695,5,0.7860297077667363,0.02608207301192322,5,0.6414669783752192,0.030792581515960357,5,0.21158728387192177,0.012118360633540132,5,0.6182707951260537,0.03023685620562995,5,0.2857811903612063,0.018309358629511194,5,0.01033663998823606,0.0014938389234171816,5
PAMPA_NCATS,lowdata_500,rdkit_rf,classical,rdkit,rf,0.7283849600623417,0.04295176278429016,5,0.9323279419100865,0.014221116547366125,5,0.21209420069443857,0.05281499734603032,5,0.9216855330008785,0.003903136489979771,5,0.5549240210403272,0.025916412277209852,5,0.11218969498566393,0.006508940479232053,5,0.3815254527760895,0.0324813374177396,5,0.04833206121431012,0.014126857804410514,5,0.23502729999599975,0.027921963773375396,5
PAMPA_NCATS,lowdata_500,rdkit_xgb,classical,rdkit,xgb,0.7231005260081823,0.04045527686247015,5,0.9304904415391043,0.015283488972642867,5,0.26264691783071126,0.07514061653386409,5,0.9211013012560676,0.008340320459391187,5,0.5833625560101305,0.029808196718935066,5,0.11434592753648753,0.007672657603777056,5,0.3917598306189961,0.02681427741756575,5,0.06382998617535286,0.01740940604795932,5,0.053652839991264,0.009264286496502062,5
PAMPA_NCATS,random,chemberta_lr,foundation,chemberta,lr,0.6591515682836547,0.037145452949900425,5,0.9056953534310338,0.012485740738265928,5,0.211986218401766,0.04921386066781077,5,0.8509454673346436,0.012098387994131972,5,0.62579875316579,0.030148009435244396,5,0.18778961465404587,0.013157380718789965,5,0.7681920979474286,0.08496173770029858,5,0.18947864122846608,0.019571603834670354,5,0.23383392001269385,0.033997453987061756,5
PAMPA_NCATS,random,chemberta_rf,foundation,chemberta,rf,0.7052454704850964,0.04119635415216903,5,0.9216817499010246,0.01591454295867762,5,0.11331433122032783,0.0641483627765055,5,0.9217215966989736,0.002686289487934402,5,0.5143629456458212,0.00850507364848449,5,0.11284506607992939,0.003948495485619734,5,0.3772921225121832,0.013852648857999384,5,0.02849738933660928,0.007716781482168705,5,0.4422207399853505,0.12812640221002367,5
PAMPA_NCATS,random,chemberta_xgb,foundation,chemberta,xgb,0.7043103448275863,0.032567794165630555,5,0.919654089495961,0.012875118623183092,5,0.220355433503134,0.06104932234610251,5,0.924642322638463,0.0035259738689947307,5,0.5462497564776934,0.013902238246369002,5,0.11418849080801005,0.004926302577433823,5,0.396783908528631,0.016896837111424527,5,0.0541474128238106,0.009229843263272832,5,3.729376080003567,2.4904968065989097,5
PAMPA_NCATS,random,molformer_lr,foundation,molformer,lr,0.6403272939801286,0.025126768016891135,5,0.9049679973644791,0.011602199642672773,5,0.16542199205352265,0.02570843270687756,5,0.7457611917790394,0.023811321771623713,5,0.6147136177673874,0.01805995478150122,5,0.22885412983938475,0.010241469429715006,5,0.653670253822052,0.025927740891005597,5,0.3127792371134456,0.010484571752675271,5,0.3709432599833235,0.2944654910140887,5
PAMPA_NCATS,random,molformer_rf,foundation,molformer,rf,0.6552503409312294,0.02585215189976924,5,0.9033966671207514,0.00814943415058522,5,0.09955540750614654,0.051107365063570526,5,0.9148514398976955,0.005704919335433832,5,0.5235242548217417,0.011324716795157815,5,0.12310942935845806,0.0031953400102039506,5,0.4325935716700974,0.013270308013671895,5,0.046884197577471844,0.012360395557315666,5,0.4696116399951279,0.20920629257418316,5
PAMPA_NCATS,random,molformer_xgb,foundation,molformer,xgb,0.6605737385544516,0.04062244933405739,5,0.902706885533308,0.011780130431484117,5,0.16869431278406294,0.04435825667767575,5,0.9187491941917898,0.004094510877560696,5,0.5433177479057082,0.011549215805566386,5,0.12004106789827344,0.004444767376175823,5,0.4146445871204694,0.014640530672645336,5,0.059177964493742116,0.012191890979564678,5,3.15371394000249,0.8260115650286045,5
PAMPA_NCATS,random,morgan_lr,classical,morgan,lr,0.6828316773816482,0.03796287195041327,5,0.9125609843741559,0.019446243606945496,5,0.22533427680501789,0.0386219919368052,5,0.8756584481296246,0.00698991764602009,5,0.621697837521917,0.023642777985106413,5,0.182052990076511,0.009036362909793623,5,1.1688765179496623,0.09301283807168448,5,0.1818702838598921,0.011012787749489519,5,0.09318429999984798,0.01973995231979026,5
PAMPA_NCATS,random,morgan_rf,classical,morgan,rf,0.7323446327683616,0.03716795454089466,5,0.9316795071346771,0.014047145721359197,5,0.25920787846373927,0.03920895884055641,5,0.9263422554625924,0.00264641358739266,5,0.5595217221897526,0.009966422257009827,5,0.10894886353808371,0.005014128833463914,5,0.37193073593036796,0.025974504070731475,5,0.03922757828009824,0.008065665459699362,5,0.30123269999166946,0.02952412000680777,5
PAMPA_NCATS,random,morgan_xgb,classical,morgan,xgb,0.7359828560296122,0.012209306019580288,5,0.9361160255641388,0.005945810577002596,5,0.1679697878866312,0.06180765789945486,5,0.9217504337283057,0.0042530612695744294,5,0.533235924410676,0.011406237543049178,5,0.10903448313474651,0.002688417476832833,5,0.36382730284180814,0.00703276414455965,5,0.030202831434090482,0.004972305943356805,5,0.24077975997934115,0.02563196726212696,5
PAMPA_NCATS,random,rdkit_lr,classical,rdkit,lr,0.6963909994155465,0.03691822906383484,5,0.9204649341197222,0.008734249608345592,5,0.2013883150870525,0.04068133269429555,5,0.7932880073729003,0.01642518217199545,5,0.6345168517436197,0.026097329061078228,5,0.20839545379736987,0.01142083876060691,5,0.6078032093486881,0.02892219049935319,5,0.2868944119026539,0.009886804199227321,5,0.0134839999955147,0.0015892082548652315,5
PAMPA_NCATS,random,rdkit_rf,classical,rdkit,rf,0.7556643288525229,0.04141978201229051,5,0.9418099055908014,0.012170585157069931,5,0.26344367560158455,0.015830020732825027,5,0.9234391311151805,0.002153117847811764,5,0.5769286966686148,0.01622208633485553,5,0.1063696887456845,0.005317912845444785,5,0.3565219625441015,0.02268815144817497,5,0.0387075657236867,0.015447541479836532,5,0.26582731999224046,0.016587996235070186,5
PAMPA_NCATS,random,rdkit_xgb,classical,rdkit,xgb,0.7378384960062342,0.0426972654131096,5,0.9364056028494897,0.012238509675543179,5,0.2871894963594769,0.05697729286828257,5,0.9253612522439708,0.005279767576029331,5,0.5831628677186831,0.016523926138724672,5,0.10881676673889154,0.006299398220589521,5,0.36605237516028594,0.02333649708578938,5,0.03966724336586648,0.009187877929264497,5,0.05643380000255997,0.01098292324681107,5
PAMPA_NCATS,scaffold,chemberta_lr,foundation,chemberta,lr,0.6618351841028638,0.03770366150220785,5,0.9049952782611996,0.011271970924132586,5,0.21136509893481065,0.03952242316308907,5,0.8415861205931365,0.024804168034327737,5,0.6273475550360412,0.01908726845247612,5,0.1935004754712863,0.022982918166588644,5,0.772564722735531,0.09438469047449011,5,0.1930606152916856,0.037703642087503084,5,0.22163633998716245,0.03129672385481383,5
PAMPA_NCATS,scaffold,chemberta_rf,foundation,chemberta,rf,0.702284239236314,0.041054750311958675,5,0.9175120452947121,0.015278392963146526,5,0.09368418685363454,0.045908127322229306,5,0.9214777101715541,0.0010801336397473493,5,0.5126680303915838,0.01263051632159903,5,0.1151031569122389,0.004961959970653552,5,0.3832808138938444,0.015972558745278927,5,0.02891968683046676,0.012294550708024467,5,0.3859387999866158,0.03589496494990745,5
PAMPA_NCATS,scaffold,chemberta_xgb,foundation,chemberta,xgb,0.7276933567114747,0.04554712221468127,5,0.9227869815636522,0.01839601340460996,5,0.20521320913718716,0.10580126205923132,5,0.9237071381706043,0.005470160586854422,5,0.5482028053769725,0.029696517371599923,5,0.1122304573655128,0.006014169684437315,5,0.3823731865389884,0.02592901639324391,5,0.047179091233000396,0.00798464138367459,5,3.031962559989188,0.92754854945737,5
PAMPA_NCATS,scaffold,molformer_lr,foundation,molformer,lr,0.619267484901617,0.04972635342727058,5,0.8946353108080292,0.015095291060324485,5,0.11891213277430043,0.06341271178718505,5,0.7034311490948661,0.04981155713566222,5,0.5831920903954803,0.044370109771346665,5,0.23964251555697264,0.014618858421576945,5,0.6757688673045912,0.03088616128641284,5,0.3283026989386121,0.02334076374104766,5,0.21216632000869134,0.03668723402339598,5
PAMPA_NCATS,scaffold,molformer_rf,foundation,molformer,rf,0.6053964543152153,0.03804758026079516,5,0.8905425429018914,0.015416056692860244,5,0.029413918309949483,0.058589870543067524,5,0.9130438998347101,0.008656859802577157,5,0.5043346970582505,0.013040329610017635,5,0.12961450466957708,0.007527487813231688,5,0.45534816314636756,0.03142456690283015,5,0.06380060477672558,0.0263715464672783,5,0.39583469997160137,0.052012985884870334,5
PAMPA_NCATS,scaffold,molformer_xgb,foundation,molformer,xgb,0.645212351451393,0.041798016475065224,5,0.9020848372463425,0.019369944093327665,5,0.13462828577653294,0.03442244006469824,5,0.9162973484318393,0.006583032817925708,5,0.5336937463471654,0.011502512638333537,5,0.12395739704370494,0.006163260831847445,5,0.42390179057450456,0.026253545405073943,5,0.0695216792294668,0.024803011207311078,5,2.7570900000282563,0.2179640124503075,5
PAMPA_NCATS,scaffold,morgan_lr,classical,morgan,lr,0.6256672511202026,0.03113162728015401,5,0.8950294150641629,0.00837679591514918,5,0.1393522599289591,0.06169392867035707,5,0.8623868450294472,0.02156348933377335,5,0.5735778297292031,0.03096821862469512,5,0.20073890476706854,0.02212307751071924,5,1.366253919606232,0.11384394718421963,5,0.19707893011519761,0.020171631093056305,5,0.07895444001769643,0.00530869893182588,5
PAMPA_NCATS,scaffold,morgan_rf,classical,morgan,rf,0.6841759205143192,0.044679325692427364,5,0.9213748776386421,0.010699560554227463,5,0.19921050458558795,0.07579435089966875,5,0.9145309705807868,0.020782404769965894,5,0.5497223845704267,0.015090784775128154,5,0.11998428982071566,0.012131538316693417,5,0.393651553470293,0.02885825951824817,5,0.045059121523341475,0.01790023395999667,5,0.30673403999535365,0.03165707587797166,5
PAMPA_NCATS,scaffold,morgan_xgb,classical,morgan,xgb,0.6744496395869861,0.046888895644879,5,0.9143685427810613,0.015964508095085705,5,0.18420547471632528,0.09386975468055467,5,0.9208966954287338,0.007772694457641222,5,0.5411065653613871,0.018525478309014288,5,0.11518204063177104,0.006825882869768242,5,0.38696186818590617,0.02300207476740245,5,0.0440199709202206,0.012956015172951862,5,0.23408973998157304,0.032015653798568626,5
PAMPA_NCATS,scaffold,rdkit_lr,classical,rdkit,lr,0.699240210403273,0.030603839804208683,5,0.9131437709412342,0.013379608181283253,5,0.22187358382845507,0.056793396044692114,5,0.7770147991072612,0.04097034919365185,5,0.6506575102279368,0.03771651362558149,5,0.21620959101588122,0.01810090357023421,5,0.6268527582870802,0.039620327208218654,5,0.30284035171391144,0.02708041295327545,5,0.013609059993177599,0.001353061647810535,5
PAMPA_NCATS,scaffold,rdkit_rf,classical,rdkit,rf,0.6937804402883304,0.02848779379392275,5,0.9186080254112792,0.0051234846319769545,5,0.1925690554214707,0.10148384755023351,5,0.9155098303481501,0.011387874369141767,5,0.5576222481979349,0.02697794914848855,5,0.11787651555360483,0.008292673397224695,5,0.40168357990725684,0.02184480611555526,5,0.05032483777294826,0.016640765692023607,5,0.270978220005054,0.03162239774151838,5
PAMPA_NCATS,scaffold,rdkit_xgb,classical,rdkit,xgb,0.7237726475745179,0.031681793497851114,5,0.9338449988806816,0.007212204030769376,5,0.20232921310596072,0.09099286952846312,5,0.9170062102817237,0.009624890846026838,5,0.5590590298071303,0.024550728851149017,5,0.11514240950345989,0.011301589821322972,5,0.3809590509280613,0.031135749427865057,5,0.04497196529728768,0.015953112174853287,5,0.0636803600005805,0.016452259025404172,5
