comparison,classifier,dataset,split,seed,best_classical_model,best_foundation_model,best_classical_auroc,best_foundation_auroc,delta_foundation_minus_classical
best_family,any,B3DB_Classification,lowdata_100,0,rdkit_rf,chemberta_rf,0.8247108597181025,0.8154388264238579,-0.009272033294244642
best_family,any,B3DB_Classification,lowdata_100,1,rdkit_rf,chemberta_xgb,0.789387459474374,0.7721999954013474,-0.017187464073026626
best_family,any,B3DB_Classification,lowdata_100,2,rdkit_rf,chemberta_lr,0.8258691453404152,0.7828329424478627,-0.0430362028925525
best_family,any,B3DB_Classification,lowdata_100,3,rdkit_rf,chemberta_rf,0.8157377388425191,0.8042094916189556,-0.011528247223563493
best_family,any,B3DB_Classification,lowdata_100,4,rdkit_rf,chemberta_rf,0.7969033823089834,0.7690024947690326,-0.02790088753995079
best_family,any,B3DB_Classification,lowdata_250,0,rdkit_rf,chemberta_rf,0.83769630498264,0.8316188981628383,-0.006077406819801734
best_family,any,B3DB_Classification,lowdata_250,1,rdkit_rf,chemberta_rf,0.8309520935365938,0.7950711066657471,-0.03588098687084673
best_family,any,B3DB_Classification,lowdata_250,2,rdkit_rf,chemberta_xgb,0.8529523349658551,0.8118331953737555,-0.04111913959209956
best_family,any,B3DB_Classification,lowdata_250,3,rdkit_rf,chemberta_rf,0.8250068979788923,0.822936067232301,-0.0020708307465913123
best_family,any,B3DB_Classification,lowdata_250,4,morgan_rf,chemberta_xgb,0.8403563380929389,0.8144012554321585,-0.025955082660780393
best_family,any,B3DB_Classification,lowdata_50,0,rdkit_rf,chemberta_rf,0.8136338552804029,0.8152577544779379,0.001623899197535028
best_family,any,B3DB_Classification,lowdata_50,1,morgan_rf,chemberta_rf,0.7721540088753994,0.7530854084753168,-0.019068600400082625
best_family,any,B3DB_Classification,lowdata_50,2,rdkit_rf,chemberta_rf,0.7982269320089213,0.7334922742636407,-0.06473465774528053
best_family,any,B3DB_Classification,lowdata_50,3,rdkit_rf,chemberta_rf,0.8085192913476351,0.7638146398105355,-0.04470465153709957
best_family,any,B3DB_Classification,lowdata_50,4,rdkit_lr,chemberta_rf,0.7929499781564002,0.7739259272033294,-0.019024050953070804
best_family,any,B3DB_Classification,lowdata_500,0,morgan_rf,chemberta_xgb,0.8755978248373227,0.8505811547216665,-0.025016670115656225
best_family,any,B3DB_Classification,lowdata_500,1,morgan_rf,chemberta_xgb,0.8728573153066153,0.8553436343151457,-0.01751368099146955
best_family,any,B3DB_Classification,lowdata_500,2,morgan_rf,chemberta_xgb,0.8916859235244073,0.8556770366282679,-0.03600888689613946
best_family,any,B3DB_Classification,lowdata_500,3,morgan_rf,chemberta_xgb,0.8693134786507553,0.8485721183693177,-0.020741360281437582
best_family,any,B3DB_Classification,lowdata_500,4,morgan_rf,chemberta_xgb,0.8477314271918327,0.819248522682854,-0.028482904508978724
best_family,any,B3DB_Classification,random,0,morgan_rf,chemberta_rf,0.9476084132349224,0.9185090018624544,-0.029099411372467965
best_family,any,B3DB_Classification,random,1,morgan_rf,molformer_rf,0.9366276930859256,0.9111324756846244,-0.02549521740130123
best_family,any,B3DB_Classification,random,2,morgan_rf,molformer_rf,0.9405063691338438,0.9112115150260972,-0.02929485410774657
best_family,any,B3DB_Classification,random,3,morgan_rf,molformer_rf,0.9464185118760204,0.9200739808236188,-0.026344531052401643
best_family,any,B3DB_Classification,random,4,morgan_rf,chemberta_rf,0.9374683842634108,0.8982174472879446,-0.03925093697546622
best_family,any,B3DB_Classification,scaffold,0,morgan_rf,chemberta_rf,0.9001166709878142,0.8684585025782847,-0.03165816840952951
best_family,any,B3DB_Classification,scaffold,1,morgan_rf,chemberta_rf,0.8756877826750785,0.8571198110218073,-0.018567971653271176
best_family,any,B3DB_Classification,scaffold,2,morgan_rf,chemberta_xgb,0.8499049347506697,0.8271051191196382,-0.022799815631031506
best_family,any,B3DB_Classification,scaffold,3,morgan_rf,chemberta_rf,0.930830516658619,0.9012266905796602,-0.02960382607895884
best_family,any,B3DB_Classification,scaffold,4,morgan_rf,chemberta_xgb,0.9021263019935158,0.8782564208686856,-0.02386988112483024
best_family,any,BBB_Martins,lowdata_100,0,rdkit_rf,chemberta_lr,0.8661648745519712,0.8201254480286738,-0.0460394265232974
best_family,any,BBB_Martins,lowdata_100,1,rdkit_rf,chemberta_xgb,0.865,0.8255913978494623,-0.03940860215053765
best_family,any,BBB_Martins,lowdata_100,2,rdkit_xgb,chemberta_lr,0.8516666666666667,0.8287813620071685,-0.02288530465949823
best_family,any,BBB_Martins,lowdata_100,3,rdkit_rf,chemberta_lr,0.8587813620071683,0.8359139784946237,-0.02286738351254458
best_family,any,BBB_Martins,lowdata_100,4,rdkit_rf,chemberta_rf,0.8431362007168459,0.8258602150537634,-0.017275985663082527
best_family,any,BBB_Martins,lowdata_250,0,rdkit_rf,chemberta_xgb,0.882383512544803,0.8816487455197132,-0.0007347670250897886
best_family,any,BBB_Martins,lowdata_250,1,morgan_rf,chemberta_xgb,0.8720250896057348,0.8506810035842294,-0.021344086021505393
best_family,any,BBB_Martins,lowdata_250,2,morgan_rf,chemberta_rf,0.8865770609318997,0.8593010752688173,-0.027275985663082425
best_family,any,BBB_Martins,lowdata_250,3,morgan_rf,chemberta_lr,0.8466308243727598,0.8221505376344086,-0.02448028673835123
best_family,any,BBB_Martins,lowdata_250,4,rdkit_rf,chemberta_rf,0.8565591397849462,0.8247849462365592,-0.031774193548387064
best_family,any,BBB_Martins,lowdata_50,0,rdkit_rf,chemberta_xgb,0.8355555555555555,0.807741935483871,-0.02781362007168453
best_family,any,BBB_Martins,lowdata_50,1,morgan_lr,chemberta_lr,0.7680286738351254,0.7695161290322581,0.00148745519713267
best_family,any,BBB_Martins,lowdata_50,2,rdkit_rf,chemberta_rf,0.8711827956989248,0.8177598566308244,-0.05342293906810036
best_family,any,BBB_Martins,lowdata_50,3,rdkit_rf,chemberta_lr,0.807652329749104,0.8299641577060931,0.02231182795698916
best_family,any,BBB_Martins,lowdata_50,4,rdkit_lr,chemberta_lr,0.8236917562724015,0.7925089605734768,-0.031182795698924792
best_family,any,BBB_Martins,lowdata_500,0,morgan_rf,chemberta_rf,0.9004301075268817,0.8839964157706094,-0.016433691756272295
best_family,any,BBB_Martins,lowdata_500,1,morgan_rf,chemberta_lr,0.8981720430107527,0.8899641577060932,-0.008207885304659546
best_family,any,BBB_Martins,lowdata_500,2,morgan_rf,chemberta_lr,0.9098745519713264,0.8897491039426524,-0.020125448028673998
best_family,any,BBB_Martins,lowdata_500,3,morgan_rf,chemberta_xgb,0.925125448028674,0.8640501792114695,-0.06107526881720449
best_family,any,BBB_Martins,lowdata_500,4,morgan_rf,chemberta_rf,0.8670788530465949,0.8482258064516128,-0.018853046594982104
best_family,any,BBB_Martins,random,0,rdkit_rf,chemberta_rf,0.9143548387096776,0.9170071684587812,0.0026523297491035658
best_family,any,BBB_Martins,random,1,morgan_rf,chemberta_rf,0.914390681003584,0.8863799283154122,-0.02801075268817177
best_family,any,BBB_Martins,random,2,morgan_rf,chemberta_rf,0.9558064516129032,0.906505376344086,-0.04930107526881722
best_family,any,BBB_Martins,random,3,morgan_rf,chemberta_xgb,0.942043010752688,0.9079569892473118,-0.03408602150537621
best_family,any,BBB_Martins,random,4,morgan_xgb,chemberta_xgb,0.9003405017921148,0.889820788530466,-0.0105197132616488
best_family,any,BBB_Martins,scaffold,0,morgan_rf,chemberta_xgb,0.92747311827957,0.886810035842294,-0.04066308243727601
best_family,any,BBB_Martins,scaffold,1,rdkit_rf,chemberta_rf,0.9006989247311827,0.8871863799283153,-0.013512544802867454
best_family,any,BBB_Martins,scaffold,2,rdkit_rf,chemberta_xgb,0.92252688172043,0.9244444444444444,0.0019175627240144433
best_family,any,BBB_Martins,scaffold,3,morgan_rf,chemberta_xgb,0.839247311827957,0.8165591397849463,-0.022688172043010657
best_family,any,BBB_Martins,scaffold,4,morgan_rf,chemberta_rf,0.9292293906810036,0.8865232974910395,-0.0427060931899641
best_family,any,Bioavailability_Ma,lowdata_100,0,rdkit_xgb,chemberta_rf,0.6438775510204081,0.6391156462585035,-0.004761904761904634
best_family,any,Bioavailability_Ma,lowdata_100,1,morgan_xgb,chemberta_xgb,0.6486394557823129,0.6629251700680272,0.014285714285714346
best_family,any,Bioavailability_Ma,lowdata_100,2,morgan_rf,molformer_lr,0.6906462585034014,0.6860544217687075,-0.004591836734693988
best_family,any,Bioavailability_Ma,lowdata_100,3,rdkit_rf,chemberta_xgb,0.5884353741496597,0.6683673469387755,0.07993197278911579
best_family,any,Bioavailability_Ma,lowdata_100,4,rdkit_rf,molformer_lr,0.7000000000000001,0.639795918367347,-0.06020408163265312
best_family,any,Bioavailability_Ma,lowdata_250,0,morgan_rf,molformer_lr,0.6814625850340136,0.6962585034013605,0.01479591836734695
best_family,any,Bioavailability_Ma,lowdata_250,1,morgan_lr,chemberta_xgb,0.7231292517006803,0.6717687074829931,-0.05136054421768721
best_family,any,Bioavailability_Ma,lowdata_250,2,rdkit_rf,molformer_lr,0.697108843537415,0.7340136054421769,0.036904761904761885
best_family,any,Bioavailability_Ma,lowdata_250,3,morgan_lr,molformer_lr,0.657142857142857,0.6969387755102041,0.03979591836734708
best_family,any,Bioavailability_Ma,lowdata_250,4,morgan_rf,chemberta_xgb,0.752891156462585,0.7095238095238096,-0.04336734693877542
best_family,any,Bioavailability_Ma,lowdata_50,0,rdkit_rf,molformer_rf,0.6860544217687075,0.7423469387755103,0.05629251700680282
best_family,any,Bioavailability_Ma,lowdata_50,1,rdkit_rf,chemberta_lr,0.7049319727891157,0.5200680272108844,-0.18486394557823127
best_family,any,Bioavailability_Ma,lowdata_50,2,rdkit_xgb,molformer_xgb,0.5666666666666667,0.6965986394557823,0.1299319727891156
best_family,any,Bioavailability_Ma,lowdata_50,3,morgan_rf,molformer_lr,0.6003401360544218,0.6241496598639455,0.023809523809523725
best_family,any,Bioavailability_Ma,lowdata_50,4,rdkit_rf,chemberta_lr,0.6365646258503401,0.6522108843537414,0.01564625850340129
best_family,any,Bioavailability_Ma,lowdata_500,0,morgan_rf,molformer_rf,0.7358843537414965,0.6986394557823129,-0.03724489795918362
best_family,any,Bioavailability_Ma,lowdata_500,1,morgan_lr,chemberta_xgb,0.7302721088435374,0.6993197278911565,-0.030952380952380953
best_family,any,Bioavailability_Ma,lowdata_500,2,morgan_rf,chemberta_xgb,0.738265306122449,0.704421768707483,-0.03384353741496604
best_family,any,Bioavailability_Ma,lowdata_500,3,morgan_lr,chemberta_xgb,0.7146258503401361,0.70578231292517,-0.00884353741496613
best_family,any,Bioavailability_Ma,lowdata_500,4,morgan_rf,chemberta_xgb,0.7564625850340135,0.7176870748299319,-0.038775510204081653
best_family,any,Bioavailability_Ma,random,0,morgan_rf,molformer_rf,0.7365646258503402,0.7078231292517008,-0.02874149659863945
best_family,any,Bioavailability_Ma,random,1,morgan_lr,chemberta_rf,0.7312925170068028,0.7375850340136053,0.006292517006802556
best_family,any,Bioavailability_Ma,random,2,morgan_rf,chemberta_xgb,0.6955782312925171,0.7030612244897959,0.007482993197278853
best_family,any,Bioavailability_Ma,random,3,morgan_rf,chemberta_xgb,0.7731292517006803,0.7187074829931973,-0.05442176870748294
best_family,any,Bioavailability_Ma,random,4,morgan_rf,chemberta_xgb,0.7556122448979592,0.7319727891156463,-0.023639455782312857
best_family,any,Bioavailability_Ma,scaffold,0,rdkit_xgb,chemberta_lr,0.6531986531986532,0.6548821548821548,0.0016835016835016203
best_family,any,Bioavailability_Ma,scaffold,1,morgan_rf,chemberta_rf,0.843097643097643,0.817003367003367,-0.02609427609427606
best_family,any,Bioavailability_Ma,scaffold,2,rdkit_rf,chemberta_rf,0.7018518518518518,0.7087542087542087,0.006902356902356854
best_family,any,Bioavailability_Ma,scaffold,3,rdkit_rf,molformer_lr,0.7388888888888889,0.7424242424242424,0.0035353535353535026
best_family,any,Bioavailability_Ma,scaffold,4,morgan_lr,chemberta_rf,0.7198653198653198,0.7505050505050503,0.030639730639730578
best_family,any,ChEMBL_CNS_CHEMBL217_D2_dopamine_receptor,lowdata_100,0,morgan_lr,chemberta_rf,0.7657657657657656,0.7657657657657658,2.220446049250313e-16
best_family,any,ChEMBL_CNS_CHEMBL217_D2_dopamine_receptor,lowdata_100,1,morgan_rf,chemberta_rf,0.6509009009009009,0.6414414414414414,-0.009459459459459474
best_family,any,ChEMBL_CNS_CHEMBL217_D2_dopamine_receptor,lowdata_100,2,morgan_lr,chemberta_rf,0.8054054054054054,0.7887387387387388,-0.016666666666666607
best_family,any,ChEMBL_CNS_CHEMBL217_D2_dopamine_receptor,lowdata_100,3,morgan_rf,molformer_rf,0.740990990990991,0.7454954954954955,0.0045045045045045695
best_family,any,ChEMBL_CNS_CHEMBL217_D2_dopamine_receptor,lowdata_100,4,morgan_rf,chemberta_lr,0.7905405405405405,0.6837837837837838,-0.10675675675675667
best_family,any,ChEMBL_CNS_CHEMBL217_D2_dopamine_receptor,lowdata_250,0,morgan_xgb,chemberta_rf,0.8567567567567568,0.7932432432432434,-0.06351351351351342
best_family,any,ChEMBL_CNS_CHEMBL217_D2_dopamine_receptor,lowdata_250,1,rdkit_xgb,molformer_rf,0.773873873873874,0.7351351351351352,-0.03873873873873879
best_family,any,ChEMBL_CNS_CHEMBL217_D2_dopamine_receptor,lowdata_250,2,rdkit_rf,chemberta_rf,0.8819819819819821,0.8081081081081081,-0.07387387387387401
best_family,any,ChEMBL_CNS_CHEMBL217_D2_dopamine_receptor,lowdata_250,3,morgan_rf,molformer_rf,0.8603603603603605,0.7441441441441442,-0.11621621621621625
best_family,any,ChEMBL_CNS_CHEMBL217_D2_dopamine_receptor,lowdata_250,4,morgan_xgb,chemberta_rf,0.8621621621621622,0.7423423423423423,-0.11981981981981993
best_family,any,ChEMBL_CNS_CHEMBL217_D2_dopamine_receptor,lowdata_50,0,morgan_lr,chemberta_rf,0.8009009009009009,0.8153153153153154,0.01441441441441449
best_family,any,ChEMBL_CNS_CHEMBL217_D2_dopamine_receptor,lowdata_50,1,morgan_lr,chemberta_lr,0.7954954954954955,0.7252252252252253,-0.07027027027027022
best_family,any,ChEMBL_CNS_CHEMBL217_D2_dopamine_receptor,lowdata_50,2,morgan_lr,chemberta_lr,0.7531531531531531,0.6972972972972973,-0.05585585585585584
best_family,any,ChEMBL_CNS_CHEMBL217_D2_dopamine_receptor,lowdata_50,3,morgan_rf,chemberta_rf,0.6644144144144144,0.6067567567567568,-0.057657657657657624
best_family,any,ChEMBL_CNS_CHEMBL217_D2_dopamine_receptor,lowdata_50,4,morgan_rf,chemberta_lr,0.754954954954955,0.7126126126126126,-0.042342342342342465
best_family,any,ChEMBL_CNS_CHEMBL217_D2_dopamine_receptor,random,0,morgan_xgb,chemberta_rf,0.8675675675675676,0.7959459459459459,-0.07162162162162167
best_family,any,ChEMBL_CNS_CHEMBL217_D2_dopamine_receptor,random,1,rdkit_xgb,molformer_rf,0.8072072072072072,0.7157657657657658,-0.0914414414414414
best_family,any,ChEMBL_CNS_CHEMBL217_D2_dopamine_receptor,random,2,morgan_lr,chemberta_rf,0.882882882882883,0.8315315315315316,-0.05135135135135138
best_family,any,ChEMBL_CNS_CHEMBL217_D2_dopamine_receptor,random,3,morgan_rf,molformer_rf,0.8671171171171173,0.7689189189189188,-0.09819819819819842
best_family,any,ChEMBL_CNS_CHEMBL217_D2_dopamine_receptor,random,4,morgan_rf,chemberta_rf,0.8675675675675675,0.7463963963963963,-0.12117117117117115
best_family,any,ChEMBL_CNS_CHEMBL217_D2_dopamine_receptor,scaffold,0,morgan_rf,chemberta_rf,0.7693383038210625,0.739049394221808,-0.030288909599254454
best_family,any,ChEMBL_CNS_CHEMBL217_D2_dopamine_receptor,scaffold,1,morgan_xgb,chemberta_xgb,0.7730661696178938,0.6616961789375583,-0.11136999068033548
best_family,any,ChEMBL_CNS_CHEMBL217_D2_dopamine_receptor,scaffold,2,morgan_lr,chemberta_rf,0.6952469711090401,0.8112767940354148,0.11602982292637465
best_family,any,ChEMBL_CNS_CHEMBL217_D2_dopamine_receptor,scaffold,3,morgan_rf,chemberta_xgb,0.776794035414725,0.6896551724137931,-0.08713886300093188
best_family,any,ChEMBL_CNS_CHEMBL217_D2_dopamine_receptor,scaffold,4,morgan_lr,chemberta_rf,0.7586206896551724,0.7861136999068034,0.027493010251630978
best_family,any,ChEMBL_CNS_CHEMBL228_Sodiumdependent_serotonin_transp,lowdata_100,0,morgan_lr,chemberta_rf,0.9578947368421054,0.8842105263157894,-0.07368421052631591
best_family,any,ChEMBL_CNS_CHEMBL228_Sodiumdependent_serotonin_transp,lowdata_100,1,morgan_xgb,chemberta_lr,0.8789473684210527,0.7508771929824563,-0.12807017543859645
best_family,any,ChEMBL_CNS_CHEMBL228_Sodiumdependent_serotonin_transp,lowdata_100,2,morgan_rf,chemberta_xgb,0.7912280701754386,0.8157894736842105,0.024561403508771895
best_family,any,ChEMBL_CNS_CHEMBL228_Sodiumdependent_serotonin_transp,lowdata_100,3,morgan_lr,molformer_rf,0.8649122807017544,0.7824561403508773,-0.08245614035087712
best_family,any,ChEMBL_CNS_CHEMBL228_Sodiumdependent_serotonin_transp,lowdata_100,4,morgan_xgb,chemberta_xgb,0.8842105263157894,0.8350877192982457,-0.04912280701754379
best_family,any,ChEMBL_CNS_CHEMBL228_Sodiumdependent_serotonin_transp,lowdata_50,0,rdkit_rf,chemberta_rf,0.8815789473684211,0.7657894736842106,-0.11578947368421055
best_family,any,ChEMBL_CNS_CHEMBL228_Sodiumdependent_serotonin_transp,lowdata_50,1,morgan_xgb,chemberta_xgb,0.8333333333333334,0.8315789473684211,-0.0017543859649122862
best_family,any,ChEMBL_CNS_CHEMBL228_Sodiumdependent_serotonin_transp,lowdata_50,2,morgan_xgb,chemberta_xgb,0.7938596491228069,0.8017543859649122,0.007894736842105288
best_family,any,ChEMBL_CNS_CHEMBL228_Sodiumdependent_serotonin_transp,lowdata_50,3,morgan_rf,chemberta_rf,0.8359649122807018,0.7885964912280702,-0.047368421052631615
best_family,any,ChEMBL_CNS_CHEMBL228_Sodiumdependent_serotonin_transp,lowdata_50,4,morgan_lr,chemberta_lr,0.8614035087719298,0.9175438596491228,0.056140350877192935
best_family,any,ChEMBL_CNS_CHEMBL228_Sodiumdependent_serotonin_transp,random,0,morgan_rf,chemberta_rf,0.9333333333333332,0.925438596491228,-0.007894736842105288
best_family,any,ChEMBL_CNS_CHEMBL228_Sodiumdependent_serotonin_transp,random,1,morgan_lr,molformer_rf,0.9385964912280702,0.8464912280701755,-0.09210526315789469
best_family,any,ChEMBL_CNS_CHEMBL228_Sodiumdependent_serotonin_transp,random,2,morgan_xgb,chemberta_xgb,0.8728070175438596,0.8929824561403509,0.02017543859649129
best_family,any,ChEMBL_CNS_CHEMBL228_Sodiumdependent_serotonin_transp,random,3,morgan_lr,molformer_lr,0.9192982456140352,0.9263157894736844,0.007017543859649256
best_family,any,ChEMBL_CNS_CHEMBL228_Sodiumdependent_serotonin_transp,random,4,morgan_xgb,chemberta_lr,0.8842105263157896,0.887719298245614,0.0035087719298244613
best_family,any,ChEMBL_CNS_CHEMBL228_Sodiumdependent_serotonin_transp,scaffold,0,morgan_lr,chemberta_lr,0.8456140350877193,0.8403508771929825,-0.0052631578947367474
best_family,any,ChEMBL_CNS_CHEMBL228_Sodiumdependent_serotonin_transp,scaffold,1,morgan_lr,chemberta_rf,0.9350877192982456,0.9649122807017544,0.029824561403508754
best_family,any,ChEMBL_CNS_CHEMBL228_Sodiumdependent_serotonin_transp,scaffold,2,morgan_rf,chemberta_xgb,0.8254385964912281,0.8192982456140351,-0.0061403508771930015
best_family,any,ChEMBL_CNS_CHEMBL228_Sodiumdependent_serotonin_transp,scaffold,3,rdkit_rf,chemberta_xgb,0.9140350877192984,0.8052631578947369,-0.10877192982456152
best_family,any,ChEMBL_CNS_CHEMBL228_Sodiumdependent_serotonin_transp,scaffold,4,morgan_rf,chemberta_rf,0.8605263157894737,0.774561403508772,-0.08596491228070169
best_family,any,ChEMBL_CNS_CHEMBL233_Mutype_opioid_receptor,lowdata_100,0,morgan_rf,chemberta_xgb,0.8658536585365855,0.8130081300813008,-0.052845528455284674
best_family,any,ChEMBL_CNS_CHEMBL233_Mutype_opioid_receptor,lowdata_100,1,morgan_rf,chemberta_xgb,0.899390243902439,0.8692411924119242,-0.030149051490514833
best_family,any,ChEMBL_CNS_CHEMBL233_Mutype_opioid_receptor,lowdata_100,2,morgan_xgb,chemberta_xgb,0.924119241192412,0.8868563685636857,-0.037262872628726296
best_family,any,ChEMBL_CNS_CHEMBL233_Mutype_opioid_receptor,lowdata_100,3,morgan_rf,chemberta_lr,0.8421409214092141,0.8163956639566397,-0.0257452574525745
best_family,any,ChEMBL_CNS_CHEMBL233_Mutype_opioid_receptor,lowdata_100,4,morgan_rf,chemberta_xgb,0.8902439024390243,0.8970189701897019,0.006775067750677599
best_family,any,ChEMBL_CNS_CHEMBL233_Mutype_opioid_receptor,lowdata_250,0,morgan_xgb,chemberta_xgb,0.90210027100271,0.8736449864498645,-0.028455284552845406
best_family,any,ChEMBL_CNS_CHEMBL233_Mutype_opioid_receptor,lowdata_250,1,morgan_xgb,chemberta_xgb,0.9231029810298104,0.896341463414634,-0.02676151761517631
best_family,any,ChEMBL_CNS_CHEMBL233_Mutype_opioid_receptor,lowdata_250,2,morgan_xgb,chemberta_rf,0.9579945799457996,0.9268292682926828,-0.031165311653116867
best_family,any,ChEMBL_CNS_CHEMBL233_Mutype_opioid_receptor,lowdata_250,3,morgan_rf,chemberta_xgb,0.8760162601626016,0.8401084010840109,-0.03590785907859073
best_family,any,ChEMBL_CNS_CHEMBL233_Mutype_opioid_receptor,lowdata_250,4,morgan_rf,chemberta_xgb,0.9081978319783198,0.9051490514905148,-0.0030487804878049918
best_family,any,ChEMBL_CNS_CHEMBL233_Mutype_opioid_receptor,lowdata_50,0,morgan_xgb,chemberta_xgb,0.8018292682926831,0.7811653116531165,-0.02066395663956655
best_family,any,ChEMBL_CNS_CHEMBL233_Mutype_opioid_receptor,lowdata_50,1,morgan_xgb,chemberta_xgb,0.8838075880758807,0.8455284552845529,-0.038279132791327775
best_family,any,ChEMBL_CNS_CHEMBL233_Mutype_opioid_receptor,lowdata_50,2,morgan_xgb,chemberta_rf,0.8970189701897019,0.8770325203252032,-0.019986449864498712
best_family,any,ChEMBL_CNS_CHEMBL233_Mutype_opioid_receptor,lowdata_50,3,morgan_rf,chemberta_rf,0.8191056910569107,0.8147018970189702,-0.004403794037940445
best_family,any,ChEMBL_CNS_CHEMBL233_Mutype_opioid_receptor,lowdata_50,4,morgan_rf,chemberta_rf,0.8797425474254743,0.8736449864498645,-0.0060975609756097615
best_family,any,ChEMBL_CNS_CHEMBL233_Mutype_opioid_receptor,random,0,morgan_xgb,chemberta_xgb,0.9088753387533876,0.8760162601626017,-0.03285907859078585
best_family,any,ChEMBL_CNS_CHEMBL233_Mutype_opioid_receptor,random,1,morgan_xgb,chemberta_xgb,0.934620596205962,0.8909214092140921,-0.04369918699186992
best_family,any,ChEMBL_CNS_CHEMBL233_Mutype_opioid_receptor,random,2,morgan_xgb,chemberta_rf,0.967479674796748,0.9217479674796748,-0.04573170731707321
best_family,any,ChEMBL_CNS_CHEMBL233_Mutype_opioid_receptor,random,3,morgan_rf,chemberta_xgb,0.8638211382113822,0.8170731707317074,-0.0467479674796748
best_family,any,ChEMBL_CNS_CHEMBL233_Mutype_opioid_receptor,random,4,rdkit_xgb,chemberta_lr,0.9224254742547424,0.9281842818428184,0.005758807588076009
best_family,any,ChEMBL_CNS_CHEMBL233_Mutype_opioid_receptor,scaffold,0,morgan_xgb,chemberta_lr,0.9031165311653117,0.8272357723577236,-0.07588075880758804
best_family,any,ChEMBL_CNS_CHEMBL233_Mutype_opioid_receptor,scaffold,1,morgan_rf,chemberta_xgb,0.8988134475939354,0.8648648648648648,-0.03394858272907064
best_family,any,ChEMBL_CNS_CHEMBL233_Mutype_opioid_receptor,scaffold,2,morgan_rf,chemberta_xgb,0.9546070460704608,0.967479674796748,0.01287262872628725
best_family,any,ChEMBL_CNS_CHEMBL233_Mutype_opioid_receptor,scaffold,3,rdkit_lr,chemberta_rf,0.809620596205962,0.7672764227642276,-0.04234417344173447
best_family,any,ChEMBL_CNS_CHEMBL233_Mutype_opioid_receptor,scaffold,4,morgan_rf,chemberta_xgb,0.9447831978319784,0.907859078590786,-0.03692411924119243
best_family,any,HIA_Hou,lowdata_100,0,rdkit_lr,chemberta_lr,0.956875,0.90375,-0.05312499999999998
best_family,any,HIA_Hou,lowdata_100,1,rdkit_rf,chemberta_rf,0.946875,0.8843749999999999,-0.06250000000000011
best_family,any,HIA_Hou,lowdata_100,2,rdkit_lr,chemberta_xgb,0.894375,0.7693749999999999,-0.1250000000000001
best_family,any,HIA_Hou,lowdata_100,3,rdkit_lr,chemberta_lr,0.8724999999999999,0.874375,0.001875000000000071
best_family,any,HIA_Hou,lowdata_100,4,morgan_lr,chemberta_xgb,0.8574999999999999,0.83125,-0.026249999999999885
best_family,any,HIA_Hou,lowdata_250,0,morgan_rf,chemberta_lr,0.9390625,0.956875,0.01781250000000001
best_family,any,HIA_Hou,lowdata_250,1,rdkit_rf,chemberta_lr,0.890625,0.95875,0.06812499999999999
best_family,any,HIA_Hou,lowdata_250,2,rdkit_rf,chemberta_lr,0.885625,0.8356250000000001,-0.04999999999999993
best_family,any,HIA_Hou,lowdata_250,3,rdkit_rf,chemberta_xgb,0.91,0.921875,0.011874999999999969
best_family,any,HIA_Hou,lowdata_250,4,rdkit_xgb,molformer_lr,0.8474999999999999,0.8968750000000001,0.04937500000000017
best_family,any,HIA_Hou,lowdata_50,0,rdkit_lr,chemberta_rf,0.885625,0.8709375,-0.014687499999999964
best_family,any,HIA_Hou,lowdata_50,1,rdkit_lr,chemberta_rf,0.89,0.9340625,0.044062500000000004
best_family,any,HIA_Hou,lowdata_50,2,rdkit_rf,chemberta_rf,0.7987500000000001,0.7731250000000001,-0.02562500000000001
best_family,any,HIA_Hou,lowdata_50,3,rdkit_xgb,molformer_rf,0.834375,0.8428125,0.008437499999999987
best_family,any,HIA_Hou,lowdata_50,4,rdkit_rf,molformer_xgb,0.8731249999999999,0.795625,-0.0774999999999999
best_family,any,HIA_Hou,random,0,morgan_rf,chemberta_lr,0.9809375,0.975625,-0.005312500000000053
best_family,any,HIA_Hou,random,1,rdkit_rf,chemberta_xgb,0.95,0.96875,0.018750000000000044
best_family,any,HIA_Hou,random,2,morgan_xgb,chemberta_xgb,0.909375,0.885625,-0.02375000000000005
best_family,any,HIA_Hou,random,3,rdkit_lr,chemberta_xgb,0.905625,0.955,0.04937499999999995
best_family,any,HIA_Hou,random,4,morgan_rf,chemberta_xgb,0.9584375,0.945,-0.013437500000000102
best_family,any,HIA_Hou,scaffold,0,morgan_xgb,chemberta_lr,0.924375,0.8775,-0.046875
best_family,any,HIA_Hou,scaffold,1,rdkit_xgb,chemberta_lr,0.9325,0.910625,-0.021874999999999978
best_family,any,HIA_Hou,scaffold,2,rdkit_xgb,chemberta_lr,0.9475,0.976875,0.02937500000000004
best_family,any,HIA_Hou,scaffold,3,morgan_rf,chemberta_lr,0.9740625,0.954375,-0.01968750000000008
best_family,any,HIA_Hou,scaffold,4,morgan_rf,chemberta_lr,0.9240625,0.9475,0.0234375
best_family,any,PAMPA_NCATS,lowdata_100,0,morgan_rf,molformer_xgb,0.663500876680304,0.6484024936684202,-0.01509838301188382
best_family,any,PAMPA_NCATS,lowdata_100,1,rdkit_xgb,molformer_xgb,0.693941165010715,0.6813997662185857,-0.012541398792129343
best_family,any,PAMPA_NCATS,lowdata_100,2,morgan_xgb,molformer_rf,0.5750535749074615,0.5559127216052991,-0.01914085330216231
best_family,any,PAMPA_NCATS,lowdata_100,3,rdkit_xgb,chemberta_rf,0.7019774011299436,0.6475988700564972,-0.05437853107344637
best_family,any,PAMPA_NCATS,lowdata_100,4,rdkit_xgb,chemberta_lr,0.6993717124488603,0.6305766608221314,-0.06879505162672894
best_family,any,PAMPA_NCATS,lowdata_250,0,rdkit_xgb,chemberta_rf,0.7528248587570622,0.663062536528346,-0.08976232222871616
best_family,any,PAMPA_NCATS,lowdata_250,1,rdkit_rf,molformer_xgb,0.6662526787453731,0.6448714202220923,-0.021381258523280766
best_family,any,PAMPA_NCATS,lowdata_250,2,morgan_rf,chemberta_lr,0.6870494837327099,0.6251704656146503,-0.061879018118059625
best_family,any,PAMPA_NCATS,lowdata_250,3,rdkit_xgb,chemberta_rf,0.7120592246249757,0.6115332164426261,-0.10052600818234958
best_family,any,PAMPA_NCATS,lowdata_250,4,rdkit_xgb,chemberta_rf,0.7067747905708164,0.6445061367621274,-0.062268653808688956
best_family,any,PAMPA_NCATS,lowdata_50,0,rdkit_rf,chemberta_xgb,0.6903370348723943,0.6707091369569452,-0.019627897915449055
best_family,any,PAMPA_NCATS,lowdata_50,1,rdkit_rf,molformer_xgb,0.7143483343074226,0.6486703682057275,-0.06567796610169507
best_family,any,PAMPA_NCATS,lowdata_50,2,morgan_lr,molformer_xgb,0.6208357685563998,0.6369569452561855,0.016121176699785744
best_family,any,PAMPA_NCATS,lowdata_50,3,rdkit_rf,molformer_xgb,0.6194720436391974,0.6337911552698227,0.01431911163062527
best_family,any,PAMPA_NCATS,lowdata_50,4,rdkit_xgb,chemberta_xgb,0.6377849210987726,0.6190824079485681,-0.018702513150204547
best_family,any,PAMPA_NCATS,lowdata_500,0,rdkit_xgb,chemberta_rf,0.766949152542373,0.6674946425092538,-0.09945451003311911
best_family,any,PAMPA_NCATS,lowdata_500,1,rdkit_lr,chemberta_xgb,0.708455094486655,0.7000292226767971,-0.008425871809857877
best_family,any,PAMPA_NCATS,lowdata_500,2,rdkit_xgb,molformer_xgb,0.6674946425092538,0.6274352230664328,-0.04005941944282099
best_family,any,PAMPA_NCATS,lowdata_500,3,rdkit_rf,chemberta_rf,0.7425238651860511,0.6606760179232418,-0.08184784726280925
best_family,any,PAMPA_NCATS,lowdata_500,4,rdkit_rf,chemberta_xgb,0.776519579193454,0.7006136762127411,-0.07590590298071298
best_family,any,PAMPA_NCATS,random,0,rdkit_rf,chemberta_rf,0.8042811221507891,0.7664864601597506,-0.037794661991038425
best_family,any,PAMPA_NCATS,random,1,morgan_xgb,chemberta_xgb,0.7442528735632183,0.6853204753555425,-0.05893239820767582
best_family,any,PAMPA_NCATS,random,2,morgan_rf,chemberta_rf,0.751339372686538,0.6762614455484123,-0.07507792713812578
best_family,any,PAMPA_NCATS,random,3,rdkit_rf,chemberta_xgb,0.7958796025715955,0.6920903954802261,-0.1037892070913694
best_family,any,PAMPA_NCATS,random,4,rdkit_xgb,chemberta_rf,0.769627897915449,0.7295928307032924,-0.04003506721215666
best_family,any,PAMPA_NCATS,scaffold,0,rdkit_xgb,chemberta_xgb,0.7193648938242744,0.7049970777323202,-0.014367816091954144
best_family,any,PAMPA_NCATS,scaffold,1,rdkit_xgb,chemberta_xgb,0.7369715565945841,0.7675823105396454,0.030610753945061298
best_family,any,PAMPA_NCATS,scaffold,2,rdkit_xgb,chemberta_xgb,0.7521917007597897,0.7406487434248977,-0.011542957334891968
best_family,any,PAMPA_NCATS,scaffold,3,rdkit_xgb,chemberta_xgb,0.6710987726475746,0.6598480420806545,-0.011250730566920053
best_family,any,PAMPA_NCATS,scaffold,4,rdkit_xgb,chemberta_xgb,0.7392363140463666,0.765390609779856,0.026154295733489374
same_classifier,lr,B3DB_Classification,lowdata_100,0,rdkit_lr,chemberta_lr,0.8167106412821044,0.7817220804304339,-0.03498856085167046
same_classifier,lr,B3DB_Classification,lowdata_100,1,rdkit_lr,chemberta_lr,0.7746516520659448,0.7573463475201766,-0.017305304545768174
same_classifier,lr,B3DB_Classification,lowdata_100,2,rdkit_lr,chemberta_lr,0.7962725046561357,0.7828329424478627,-0.013439562208273026
same_classifier,lr,B3DB_Classification,lowdata_100,3,rdkit_lr,chemberta_lr,0.7723738819525878,0.7663108459221449,-0.006063036030442892
same_classifier,lr,B3DB_Classification,lowdata_100,4,rdkit_lr,molformer_lr,0.778145190959049,0.748913568324481,-0.029231622634568022
same_classifier,lr,B3DB_Classification,lowdata_250,0,rdkit_lr,chemberta_lr,0.8146096318778598,0.8310498149042331,0.01644018302637329
same_classifier,lr,B3DB_Classification,lowdata_250,1,rdkit_lr,chemberta_lr,0.8087075486882344,0.7802964981260492,-0.02841105056218518
same_classifier,lr,B3DB_Classification,lowdata_250,2,morgan_lr,chemberta_lr,0.8156529511853028,0.772944402290129,-0.04270854889517384
same_classifier,lr,B3DB_Classification,lowdata_250,3,rdkit_lr,chemberta_lr,0.8150723712952105,0.7856956036881193,-0.02937676760709118
same_classifier,lr,B3DB_Classification,lowdata_250,4,rdkit_lr,chemberta_lr,0.8031561127589616,0.7806471453864018,-0.022508967372559807
same_classifier,lr,B3DB_Classification,lowdata_50,0,rdkit_lr,chemberta_lr,0.8084675565059438,0.7375764525993884,-0.0708911039065554
same_classifier,lr,B3DB_Classification,lowdata_50,1,morgan_lr,chemberta_lr,0.7474391253362764,0.7246369938607987,-0.022802131475477716
same_classifier,lr,B3DB_Classification,lowdata_50,2,rdkit_lr,chemberta_lr,0.7944416660918351,0.7264922627670093,-0.0679494033248258
same_classifier,lr,B3DB_Classification,lowdata_50,3,rdkit_lr,chemberta_lr,0.7878224805132096,0.7356493297463842,-0.05217315076682538
same_classifier,lr,B3DB_Classification,lowdata_50,4,rdkit_lr,chemberta_lr,0.7929499781564002,0.7340972844956427,-0.058852693660757516
same_classifier,lr,B3DB_Classification,lowdata_500,0,morgan_lr,chemberta_lr,0.8412588236646663,0.8209974477478098,-0.020261375916856506
same_classifier,lr,B3DB_Classification,lowdata_500,1,rdkit_lr,chemberta_lr,0.8171288312524432,0.841564921478007,0.02443609022556381
same_classifier,lr,B3DB_Classification,lowdata_500,2,morgan_lr,chemberta_lr,0.8436903612241614,0.8072359798579015,-0.03645438136625989
same_classifier,lr,B3DB_Classification,lowdata_500,3,rdkit_lr,chemberta_lr,0.8183144213745372,0.8022550642661699,-0.016059357108367367
same_classifier,lr,B3DB_Classification,lowdata_500,4,rdkit_lr,chemberta_lr,0.80552729300315,0.7945322020647951,-0.010995090938354823
same_classifier,lr,B3DB_Classification,random,0,morgan_lr,chemberta_lr,0.8613534984249613,0.8832315881446736,0.02187808971971228
same_classifier,lr,B3DB_Classification,random,1,morgan_lr,chemberta_lr,0.8615259478972662,0.8797624795934791,0.018236531696212865
same_classifier,lr,B3DB_Classification,random,2,morgan_lr,chemberta_lr,0.8581215078981858,0.8767446138281484,0.018623105929962636
same_classifier,lr,B3DB_Classification,random,3,morgan_lr,chemberta_lr,0.8546092869789151,0.8725052309673267,0.017895943988411545
same_classifier,lr,B3DB_Classification,random,4,morgan_lr,chemberta_lr,0.8570350762226666,0.8716573543951622,0.014622278172495617
same_classifier,lr,B3DB_Classification,scaffold,0,rdkit_lr,chemberta_lr,0.7863163656267105,0.8395673090772908,0.053250943450580346
same_classifier,lr,B3DB_Classification,scaffold,1,rdkit_lr,chemberta_lr,0.8152349263964509,0.8254515599343185,0.010216633537867614
same_classifier,lr,B3DB_Classification,scaffold,2,rdkit_lr,chemberta_lr,0.7789430472733558,0.7949874686716792,0.016044421398323405
same_classifier,lr,B3DB_Classification,scaffold,3,rdkit_lr,chemberta_lr,0.8187886574233749,0.8746608493711343,0.055872191947759386
same_classifier,lr,B3DB_Classification,scaffold,4,rdkit_lr,chemberta_lr,0.8189955967901403,0.8469913315398588,0.027995734749718504
same_classifier,lr,BBB_Martins,lowdata_100,0,rdkit_lr,chemberta_lr,0.8151612903225807,0.8201254480286738,0.004964157706093153
same_classifier,lr,BBB_Martins,lowdata_100,1,rdkit_lr,chemberta_lr,0.8350896057347669,0.8127956989247312,-0.022293906810035624
same_classifier,lr,BBB_Martins,lowdata_100,2,rdkit_lr,chemberta_lr,0.8473297491039425,0.8287813620071685,-0.018548387096774088
same_classifier,lr,BBB_Martins,lowdata_100,3,rdkit_lr,chemberta_lr,0.8283333333333334,0.8359139784946237,0.007580645161290311
same_classifier,lr,BBB_Martins,lowdata_100,4,rdkit_lr,chemberta_lr,0.8082078853046594,0.8082974910394265,8.960573476712863e-05
same_classifier,lr,BBB_Martins,lowdata_250,0,morgan_lr,chemberta_lr,0.855663082437276,0.8501792114695341,-0.005483870967741833
same_classifier,lr,BBB_Martins,lowdata_250,1,rdkit_lr,chemberta_lr,0.8317921146953404,0.8230645161290323,-0.008727598566308115
same_classifier,lr,BBB_Martins,lowdata_250,2,rdkit_lr,chemberta_lr,0.851021505376344,0.8392831541218638,-0.011738351254480195
same_classifier,lr,BBB_Martins,lowdata_250,3,rdkit_lr,chemberta_lr,0.8055376344086022,0.8221505376344086,0.01661290322580644
same_classifier,lr,BBB_Martins,lowdata_250,4,rdkit_lr,chemberta_lr,0.8198566308243729,0.8130824372759857,-0.006774193548387153
same_classifier,lr,BBB_Martins,lowdata_50,0,rdkit_lr,chemberta_lr,0.8321146953405018,0.8005197132616488,-0.03159498207885292
same_classifier,lr,BBB_Martins,lowdata_50,1,morgan_lr,chemberta_lr,0.7680286738351254,0.7695161290322581,0.00148745519713267
same_classifier,lr,BBB_Martins,lowdata_50,2,rdkit_lr,chemberta_lr,0.8139247311827956,0.8083154121863798,-0.005609318996415813
same_classifier,lr,BBB_Martins,lowdata_50,3,rdkit_lr,chemberta_lr,0.7990501792114695,0.8299641577060931,0.03091397849462363
same_classifier,lr,BBB_Martins,lowdata_50,4,rdkit_lr,chemberta_lr,0.8236917562724015,0.7925089605734768,-0.031182795698924792
same_classifier,lr,BBB_Martins,lowdata_500,0,morgan_lr,chemberta_lr,0.847921146953405,0.8671326164874553,0.019211469534050285
same_classifier,lr,BBB_Martins,lowdata_500,1,morgan_lr,chemberta_lr,0.8660931899641577,0.8899641577060932,0.023870967741935423
same_classifier,lr,BBB_Martins,lowdata_500,2,morgan_lr,chemberta_lr,0.8911648745519712,0.8897491039426524,-0.001415770609318856
same_classifier,lr,BBB_Martins,lowdata_500,3,morgan_lr,chemberta_lr,0.8801612903225806,0.8237275985663082,-0.05643369175627244
same_classifier,lr,BBB_Martins,lowdata_500,4,rdkit_lr,chemberta_lr,0.8423655913978495,0.7949283154121864,-0.04743727598566305
same_classifier,lr,BBB_Martins,random,0,rdkit_lr,chemberta_lr,0.8442652329749104,0.9048028673835126,0.06053763440860216
same_classifier,lr,BBB_Martins,random,1,morgan_lr,chemberta_lr,0.8473118279569891,0.8667383512544803,0.01942652329749117
same_classifier,lr,BBB_Martins,random,2,morgan_lr,chemberta_lr,0.8812544802867385,0.8943010752688172,0.013046594982078719
same_classifier,lr,BBB_Martins,random,3,morgan_lr,chemberta_lr,0.8823655913978494,0.8836559139784946,0.001290322580645209
same_classifier,lr,BBB_Martins,random,4,morgan_lr,chemberta_lr,0.8489964157706094,0.8468458781362007,-0.0021505376344086446
same_classifier,lr,BBB_Martins,scaffold,0,morgan_lr,chemberta_lr,0.7982795698924731,0.8835125448028673,0.08523297491039428
same_classifier,lr,BBB_Martins,scaffold,1,rdkit_lr,chemberta_lr,0.8044623655913978,0.8630465949820789,0.058584229390681086
same_classifier,lr,BBB_Martins,scaffold,2,rdkit_lr,chemberta_lr,0.8465770609318997,0.8921146953405019,0.04553763440860226
same_classifier,lr,BBB_Martins,scaffold,3,rdkit_lr,chemberta_lr,0.7894265232974911,0.7796057347670251,-0.009820788530465974
same_classifier,lr,BBB_Martins,scaffold,4,rdkit_lr,chemberta_lr,0.8758960573476702,0.8476344086021506,-0.02826164874551962
same_classifier,lr,Bioavailability_Ma,lowdata_100,0,morgan_lr,molformer_lr,0.5683673469387756,0.617687074829932,0.04931972789115646
same_classifier,lr,Bioavailability_Ma,lowdata_100,1,morgan_lr,chemberta_lr,0.5717687074829931,0.6408163265306122,0.06904761904761902
same_classifier,lr,Bioavailability_Ma,lowdata_100,2,rdkit_lr,molformer_lr,0.65578231292517,0.6860544217687075,0.030272108843537482
same_classifier,lr,Bioavailability_Ma,lowdata_100,3,morgan_lr,molformer_lr,0.5636054421768708,0.6224489795918368,0.05884353741496595
same_classifier,lr,Bioavailability_Ma,lowdata_100,4,morgan_lr,molformer_lr,0.6391156462585035,0.639795918367347,0.0006802721088434716
same_classifier,lr,Bioavailability_Ma,lowdata_250,0,morgan_lr,molformer_lr,0.608843537414966,0.6962585034013605,0.08741496598639453
same_classifier,lr,Bioavailability_Ma,lowdata_250,1,morgan_lr,chemberta_lr,0.7231292517006803,0.6574829931972789,-0.06564625850340144
same_classifier,lr,Bioavailability_Ma,lowdata_250,2,rdkit_lr,molformer_lr,0.6945578231292517,0.7340136054421769,0.039455782312925125
same_classifier,lr,Bioavailability_Ma,lowdata_250,3,morgan_lr,molformer_lr,0.657142857142857,0.6969387755102041,0.03979591836734708
same_classifier,lr,Bioavailability_Ma,lowdata_250,4,morgan_lr,chemberta_lr,0.7472789115646258,0.6500000000000001,-0.09727891156462565
same_classifier,lr,Bioavailability_Ma,lowdata_50,0,morgan_lr,molformer_lr,0.6244897959183673,0.7125850340136054,0.08809523809523812
same_classifier,lr,Bioavailability_Ma,lowdata_50,1,morgan_lr,chemberta_lr,0.564625850340136,0.5200680272108844,-0.044557823129251606
same_classifier,lr,Bioavailability_Ma,lowdata_50,2,rdkit_lr,molformer_lr,0.4962585034013605,0.6659863945578233,0.16972789115646275
same_classifier,lr,Bioavailability_Ma,lowdata_50,3,rdkit_lr,molformer_lr,0.5486394557823129,0.6241496598639455,0.07551020408163267
same_classifier,lr,Bioavailability_Ma,lowdata_50,4,morgan_lr,chemberta_lr,0.5731292517006803,0.6522108843537414,0.07908163265306112
same_classifier,lr,Bioavailability_Ma,lowdata_500,0,morgan_lr,molformer_lr,0.7180272108843538,0.6418367346938775,-0.07619047619047636
same_classifier,lr,Bioavailability_Ma,lowdata_500,1,morgan_lr,chemberta_lr,0.7302721088435374,0.6741496598639457,-0.05612244897959173
same_classifier,lr,Bioavailability_Ma,lowdata_500,2,morgan_lr,molformer_lr,0.6843537414965987,0.6911564625850339,0.006802721088435271
same_classifier,lr,Bioavailability_Ma,lowdata_500,3,morgan_lr,molformer_lr,0.7146258503401361,0.6969387755102041,-0.017687074829932037
same_classifier,lr,Bioavailability_Ma,lowdata_500,4,morgan_lr,molformer_lr,0.7370748299319728,0.6880952380952381,-0.048979591836734726
same_classifier,lr,Bioavailability_Ma,random,0,morgan_lr,molformer_lr,0.7078231292517007,0.6578231292517006,-0.050000000000000044
same_classifier,lr,Bioavailability_Ma,random,1,morgan_lr,molformer_lr,0.7312925170068028,0.6670068027210885,-0.06428571428571428
same_classifier,lr,Bioavailability_Ma,random,2,morgan_lr,molformer_lr,0.6625850340136055,0.6887755102040817,0.02619047619047621
same_classifier,lr,Bioavailability_Ma,random,3,morgan_lr,molformer_lr,0.7159863945578232,0.69421768707483,-0.0217687074829932
same_classifier,lr,Bioavailability_Ma,random,4,morgan_lr,molformer_lr,0.7363945578231293,0.6887755102040817,-0.04761904761904767
same_classifier,lr,Bioavailability_Ma,scaffold,0,morgan_lr,chemberta_lr,0.5693602693602694,0.6548821548821548,0.08552188552188544
same_classifier,lr,Bioavailability_Ma,scaffold,1,morgan_lr,molformer_lr,0.8087542087542087,0.7279461279461279,-0.08080808080808077
same_classifier,lr,Bioavailability_Ma,scaffold,2,rdkit_lr,molformer_lr,0.6653198653198653,0.676094276094276,0.010774410774410659
same_classifier,lr,Bioavailability_Ma,scaffold,3,morgan_lr,molformer_lr,0.6131313131313131,0.7424242424242424,0.12929292929292935
same_classifier,lr,Bioavailability_Ma,scaffold,4,morgan_lr,molformer_lr,0.7198653198653198,0.7016835016835017,-0.018181818181818077
same_classifier,lr,ChEMBL_CNS_CHEMBL217_D2_dopamine_receptor,lowdata_100,0,morgan_lr,chemberta_lr,0.7657657657657656,0.6495495495495496,-0.11621621621621603
same_classifier,lr,ChEMBL_CNS_CHEMBL217_D2_dopamine_receptor,lowdata_100,1,morgan_lr,chemberta_lr,0.6342342342342342,0.590990990990991,-0.043243243243243246
same_classifier,lr,ChEMBL_CNS_CHEMBL217_D2_dopamine_receptor,lowdata_100,2,morgan_lr,chemberta_lr,0.8054054054054054,0.7000000000000001,-0.10540540540540533
same_classifier,lr,ChEMBL_CNS_CHEMBL217_D2_dopamine_receptor,lowdata_100,3,morgan_lr,chemberta_lr,0.7126126126126127,0.6801801801801802,-0.032432432432432434
same_classifier,lr,ChEMBL_CNS_CHEMBL217_D2_dopamine_receptor,lowdata_100,4,morgan_lr,chemberta_lr,0.7828828828828829,0.6837837837837838,-0.09909909909909909
same_classifier,lr,ChEMBL_CNS_CHEMBL217_D2_dopamine_receptor,lowdata_250,0,morgan_lr,molformer_lr,0.8378378378378378,0.7135135135135136,-0.12432432432432428
same_classifier,lr,ChEMBL_CNS_CHEMBL217_D2_dopamine_receptor,lowdata_250,1,morgan_lr,molformer_lr,0.7297297297297297,0.6630630630630632,-0.06666666666666654
same_classifier,lr,ChEMBL_CNS_CHEMBL217_D2_dopamine_receptor,lowdata_250,2,morgan_lr,chemberta_lr,0.8612612612612613,0.6936936936936937,-0.16756756756756763
same_classifier,lr,ChEMBL_CNS_CHEMBL217_D2_dopamine_receptor,lowdata_250,3,morgan_lr,molformer_lr,0.7864864864864866,0.6954954954954955,-0.09099099099099106
same_classifier,lr,ChEMBL_CNS_CHEMBL217_D2_dopamine_receptor,lowdata_250,4,morgan_lr,chemberta_lr,0.8225225225225226,0.7126126126126127,-0.1099099099099099
same_classifier,lr,ChEMBL_CNS_CHEMBL217_D2_dopamine_receptor,lowdata_50,0,morgan_lr,chemberta_lr,0.8009009009009009,0.7657657657657657,-0.03513513513513522
same_classifier,lr,ChEMBL_CNS_CHEMBL217_D2_dopamine_receptor,lowdata_50,1,morgan_lr,chemberta_lr,0.7954954954954955,0.7252252252252253,-0.07027027027027022
same_classifier,lr,ChEMBL_CNS_CHEMBL217_D2_dopamine_receptor,lowdata_50,2,morgan_lr,chemberta_lr,0.7531531531531531,0.6972972972972973,-0.05585585585585584
same_classifier,lr,ChEMBL_CNS_CHEMBL217_D2_dopamine_receptor,lowdata_50,3,morgan_lr,chemberta_lr,0.6486486486486487,0.554954954954955,-0.09369369369369374
same_classifier,lr,ChEMBL_CNS_CHEMBL217_D2_dopamine_receptor,lowdata_50,4,morgan_lr,chemberta_lr,0.7018018018018017,0.7126126126126126,0.010810810810810811
same_classifier,lr,ChEMBL_CNS_CHEMBL217_D2_dopamine_receptor,random,0,morgan_lr,molformer_lr,0.8405405405405405,0.7009009009009008,-0.13963963963963966
same_classifier,lr,ChEMBL_CNS_CHEMBL217_D2_dopamine_receptor,random,1,morgan_lr,molformer_lr,0.7207207207207208,0.6477477477477478,-0.072972972972973
same_classifier,lr,ChEMBL_CNS_CHEMBL217_D2_dopamine_receptor,random,2,morgan_lr,chemberta_lr,0.882882882882883,0.7459459459459459,-0.1369369369369371
same_classifier,lr,ChEMBL_CNS_CHEMBL217_D2_dopamine_receptor,random,3,morgan_lr,molformer_lr,0.7846846846846848,0.6792792792792792,-0.10540540540540555
same_classifier,lr,ChEMBL_CNS_CHEMBL217_D2_dopamine_receptor,random,4,morgan_lr,chemberta_lr,0.8324324324324325,0.7225225225225225,-0.10990990990991001
same_classifier,lr,ChEMBL_CNS_CHEMBL217_D2_dopamine_receptor,scaffold,0,morgan_lr,chemberta_lr,0.6276794035414724,0.6402609506057781,0.012581547064305698
same_classifier,lr,ChEMBL_CNS_CHEMBL217_D2_dopamine_receptor,scaffold,1,morgan_lr,molformer_lr,0.6663560111835974,0.570363466915191,-0.09599254426840642
same_classifier,lr,ChEMBL_CNS_CHEMBL217_D2_dopamine_receptor,scaffold,2,morgan_lr,molformer_lr,0.6952469711090401,0.5890027958993476,-0.10624417520969254
same_classifier,lr,ChEMBL_CNS_CHEMBL217_D2_dopamine_receptor,scaffold,3,morgan_lr,chemberta_lr,0.6901211556383969,0.6356011183597391,-0.05452003727865784
same_classifier,lr,ChEMBL_CNS_CHEMBL217_D2_dopamine_receptor,scaffold,4,morgan_lr,chemberta_lr,0.7586206896551724,0.7315936626281454,-0.027027027027026973
same_classifier,lr,ChEMBL_CNS_CHEMBL228_Sodiumdependent_serotonin_transp,lowdata_100,0,morgan_lr,chemberta_lr,0.9578947368421054,0.8771929824561404,-0.08070175438596494
same_classifier,lr,ChEMBL_CNS_CHEMBL228_Sodiumdependent_serotonin_transp,lowdata_100,1,morgan_lr,chemberta_lr,0.8526315789473684,0.7508771929824563,-0.10175438596491215
same_classifier,lr,ChEMBL_CNS_CHEMBL228_Sodiumdependent_serotonin_transp,lowdata_100,2,morgan_lr,chemberta_lr,0.75,0.768421052631579,0.018421052631579005
same_classifier,lr,ChEMBL_CNS_CHEMBL228_Sodiumdependent_serotonin_transp,lowdata_100,3,morgan_lr,chemberta_lr,0.8649122807017544,0.6824561403508772,-0.1824561403508772
same_classifier,lr,ChEMBL_CNS_CHEMBL228_Sodiumdependent_serotonin_transp,lowdata_100,4,morgan_lr,chemberta_lr,0.8473684210526317,0.8280701754385964,-0.01929824561403526
same_classifier,lr,ChEMBL_CNS_CHEMBL228_Sodiumdependent_serotonin_transp,lowdata_50,0,morgan_lr,chemberta_lr,0.8614035087719297,0.7631578947368421,-0.09824561403508758
same_classifier,lr,ChEMBL_CNS_CHEMBL228_Sodiumdependent_serotonin_transp,lowdata_50,1,morgan_lr,chemberta_lr,0.7421052631578947,0.787719298245614,0.04561403508771933
same_classifier,lr,ChEMBL_CNS_CHEMBL228_Sodiumdependent_serotonin_transp,lowdata_50,2,morgan_lr,chemberta_lr,0.7921052631578949,0.7947368421052632,0.002631578947368318
same_classifier,lr,ChEMBL_CNS_CHEMBL228_Sodiumdependent_serotonin_transp,lowdata_50,3,morgan_lr,molformer_lr,0.7526315789473685,0.7842105263157896,0.03157894736842104
same_classifier,lr,ChEMBL_CNS_CHEMBL228_Sodiumdependent_serotonin_transp,lowdata_50,4,morgan_lr,chemberta_lr,0.8614035087719298,0.9175438596491228,0.056140350877192935
same_classifier,lr,ChEMBL_CNS_CHEMBL228_Sodiumdependent_serotonin_transp,random,0,morgan_lr,chemberta_lr,0.9315789473684212,0.9,-0.03157894736842115
same_classifier,lr,ChEMBL_CNS_CHEMBL228_Sodiumdependent_serotonin_transp,random,1,morgan_lr,chemberta_lr,0.9385964912280702,0.7947368421052632,-0.14385964912280702
same_classifier,lr,ChEMBL_CNS_CHEMBL228_Sodiumdependent_serotonin_transp,random,2,morgan_lr,chemberta_lr,0.8657894736842106,0.8456140350877193,-0.02017543859649129
same_classifier,lr,ChEMBL_CNS_CHEMBL228_Sodiumdependent_serotonin_transp,random,3,morgan_lr,molformer_lr,0.9192982456140352,0.9263157894736844,0.007017543859649256
same_classifier,lr,ChEMBL_CNS_CHEMBL228_Sodiumdependent_serotonin_transp,random,4,morgan_lr,chemberta_lr,0.8789473684210526,0.887719298245614,0.00877192982456143
same_classifier,lr,ChEMBL_CNS_CHEMBL228_Sodiumdependent_serotonin_transp,scaffold,0,morgan_lr,chemberta_lr,0.8456140350877193,0.8403508771929825,-0.0052631578947367474
same_classifier,lr,ChEMBL_CNS_CHEMBL228_Sodiumdependent_serotonin_transp,scaffold,1,morgan_lr,chemberta_lr,0.9350877192982456,0.8543859649122808,-0.08070175438596483
same_classifier,lr,ChEMBL_CNS_CHEMBL228_Sodiumdependent_serotonin_transp,scaffold,2,morgan_lr,chemberta_lr,0.6666666666666667,0.8140350877192982,0.14736842105263148
same_classifier,lr,ChEMBL_CNS_CHEMBL228_Sodiumdependent_serotonin_transp,scaffold,3,morgan_lr,chemberta_lr,0.6684210526315789,0.7859649122807018,0.11754385964912284
same_classifier,lr,ChEMBL_CNS_CHEMBL228_Sodiumdependent_serotonin_transp,scaffold,4,morgan_lr,molformer_lr,0.8526315789473685,0.7456140350877194,-0.10701754385964912
same_classifier,lr,ChEMBL_CNS_CHEMBL233_Mutype_opioid_receptor,lowdata_100,0,morgan_lr,chemberta_lr,0.8600948509485095,0.7926829268292682,-0.06741192411924124
same_classifier,lr,ChEMBL_CNS_CHEMBL233_Mutype_opioid_receptor,lowdata_100,1,morgan_lr,molformer_lr,0.8827913279132792,0.8191056910569107,-0.06368563685636852
same_classifier,lr,ChEMBL_CNS_CHEMBL233_Mutype_opioid_receptor,lowdata_100,2,morgan_lr,chemberta_lr,0.8448509485094852,0.8543360433604337,0.009485094850948506
same_classifier,lr,ChEMBL_CNS_CHEMBL233_Mutype_opioid_receptor,lowdata_100,3,morgan_lr,chemberta_lr,0.8140243902439025,0.8163956639566397,0.002371273712737154
same_classifier,lr,ChEMBL_CNS_CHEMBL233_Mutype_opioid_receptor,lowdata_100,4,morgan_lr,chemberta_lr,0.8502710027100271,0.8956639566395663,0.04539295392953924
same_classifier,lr,ChEMBL_CNS_CHEMBL233_Mutype_opioid_receptor,lowdata_250,0,morgan_lr,chemberta_lr,0.8926151761517616,0.8407859078590787,-0.05182926829268286
same_classifier,lr,ChEMBL_CNS_CHEMBL233_Mutype_opioid_receptor,lowdata_250,1,morgan_lr,chemberta_lr,0.9044715447154472,0.8719512195121951,-0.0325203252032521
same_classifier,lr,ChEMBL_CNS_CHEMBL233_Mutype_opioid_receptor,lowdata_250,2,morgan_lr,chemberta_lr,0.8753387533875339,0.8760162601626016,0.0006775067750677266
same_classifier,lr,ChEMBL_CNS_CHEMBL233_Mutype_opioid_receptor,lowdata_250,3,morgan_lr,chemberta_lr,0.8472222222222222,0.8313008130081301,-0.01592140921409213
same_classifier,lr,ChEMBL_CNS_CHEMBL233_Mutype_opioid_receptor,lowdata_250,4,morgan_lr,chemberta_lr,0.8827913279132792,0.901761517615176,0.01897018970189679
same_classifier,lr,ChEMBL_CNS_CHEMBL233_Mutype_opioid_receptor,lowdata_50,0,morgan_lr,chemberta_lr,0.7869241192411924,0.7642276422764228,-0.02269647696476962
same_classifier,lr,ChEMBL_CNS_CHEMBL233_Mutype_opioid_receptor,lowdata_50,1,morgan_lr,chemberta_lr,0.8048780487804877,0.8387533875338753,0.03387533875338755
same_classifier,lr,ChEMBL_CNS_CHEMBL233_Mutype_opioid_receptor,lowdata_50,2,morgan_lr,molformer_lr,0.8617886178861789,0.8448509485094851,-0.01693766937669383
same_classifier,lr,ChEMBL_CNS_CHEMBL233_Mutype_opioid_receptor,lowdata_50,3,morgan_lr,chemberta_lr,0.7848915989159891,0.7574525745257453,-0.027439024390243816
same_classifier,lr,ChEMBL_CNS_CHEMBL233_Mutype_opioid_receptor,lowdata_50,4,morgan_lr,chemberta_lr,0.8387533875338753,0.8624661246612466,0.02371273712737132
same_classifier,lr,ChEMBL_CNS_CHEMBL233_Mutype_opioid_receptor,random,0,morgan_lr,chemberta_lr,0.8960027100271002,0.8468834688346883,-0.049119241192411844
same_classifier,lr,ChEMBL_CNS_CHEMBL233_Mutype_opioid_receptor,random,1,morgan_lr,chemberta_lr,0.913279132791328,0.877371273712737,-0.035907859078590953
same_classifier,lr,ChEMBL_CNS_CHEMBL233_Mutype_opioid_receptor,random,2,morgan_lr,chemberta_lr,0.8976964769647697,0.8760162601626016,-0.02168021680216814
same_classifier,lr,ChEMBL_CNS_CHEMBL233_Mutype_opioid_receptor,random,3,morgan_lr,chemberta_lr,0.8262195121951219,0.8163956639566395,-0.009823848238482369
same_classifier,lr,ChEMBL_CNS_CHEMBL233_Mutype_opioid_receptor,random,4,morgan_lr,chemberta_lr,0.8821138211382114,0.9281842818428184,0.046070460704607075
same_classifier,lr,ChEMBL_CNS_CHEMBL233_Mutype_opioid_receptor,scaffold,0,morgan_lr,chemberta_lr,0.8448509485094851,0.8272357723577236,-0.017615176151761447
same_classifier,lr,ChEMBL_CNS_CHEMBL233_Mutype_opioid_receptor,scaffold,1,morgan_lr,chemberta_lr,0.8394858272907053,0.7963085036255767,-0.04317732366512861
same_classifier,lr,ChEMBL_CNS_CHEMBL233_Mutype_opioid_receptor,scaffold,2,morgan_lr,chemberta_lr,0.9119241192411924,0.9200542005420056,0.008130081300813163
same_classifier,lr,ChEMBL_CNS_CHEMBL233_Mutype_opioid_receptor,scaffold,3,rdkit_lr,chemberta_lr,0.809620596205962,0.7025745257452575,-0.10704607046070458
same_classifier,lr,ChEMBL_CNS_CHEMBL233_Mutype_opioid_receptor,scaffold,4,morgan_lr,molformer_lr,0.8401084010840109,0.7926829268292683,-0.04742547425474253
same_classifier,lr,HIA_Hou,lowdata_100,0,rdkit_lr,chemberta_lr,0.956875,0.90375,-0.05312499999999998
same_classifier,lr,HIA_Hou,lowdata_100,1,rdkit_lr,chemberta_lr,0.875,0.861875,-0.013125000000000053
same_classifier,lr,HIA_Hou,lowdata_100,2,rdkit_lr,chemberta_lr,0.894375,0.680625,-0.21375
same_classifier,lr,HIA_Hou,lowdata_100,3,rdkit_lr,chemberta_lr,0.8724999999999999,0.874375,0.001875000000000071
same_classifier,lr,HIA_Hou,lowdata_100,4,morgan_lr,molformer_lr,0.8574999999999999,0.8175,-0.039999999999999925
same_classifier,lr,HIA_Hou,lowdata_250,0,morgan_lr,chemberta_lr,0.928125,0.956875,0.028750000000000053
same_classifier,lr,HIA_Hou,lowdata_250,1,morgan_lr,chemberta_lr,0.811875,0.95875,0.14687499999999998
same_classifier,lr,HIA_Hou,lowdata_250,2,morgan_lr,chemberta_lr,0.784375,0.8356250000000001,0.05125000000000002
same_classifier,lr,HIA_Hou,lowdata_250,3,rdkit_lr,chemberta_lr,0.849375,0.915,0.06562500000000004
same_classifier,lr,HIA_Hou,lowdata_250,4,rdkit_lr,molformer_lr,0.8325,0.8968750000000001,0.06437500000000007
same_classifier,lr,HIA_Hou,lowdata_50,0,rdkit_lr,chemberta_lr,0.885625,0.8362499999999999,-0.04937500000000006
same_classifier,lr,HIA_Hou,lowdata_50,1,rdkit_lr,chemberta_lr,0.89,0.9075,0.01749999999999996
same_classifier,lr,HIA_Hou,lowdata_50,2,morgan_lr,molformer_lr,0.683125,0.7665625,0.08343750000000005
same_classifier,lr,HIA_Hou,lowdata_50,3,rdkit_lr,molformer_lr,0.8143750000000001,0.8425,0.028124999999999956
same_classifier,lr,HIA_Hou,lowdata_50,4,morgan_lr,molformer_lr,0.846875,0.74875,-0.09812500000000002
same_classifier,lr,HIA_Hou,random,0,morgan_lr,chemberta_lr,0.96625,0.975625,0.009374999999999911
same_classifier,lr,HIA_Hou,random,1,rdkit_lr,chemberta_lr,0.915625,0.96,0.04437499999999994
same_classifier,lr,HIA_Hou,random,2,rdkit_lr,chemberta_lr,0.87,0.8656249999999999,-0.004375000000000129
same_classifier,lr,HIA_Hou,random,3,rdkit_lr,chemberta_lr,0.905625,0.95,0.04437499999999994
same_classifier,lr,HIA_Hou,random,4,morgan_lr,chemberta_lr,0.950625,0.91875,-0.0318750000000001
same_classifier,lr,HIA_Hou,scaffold,0,morgan_lr,chemberta_lr,0.918125,0.8775,-0.04062500000000002
same_classifier,lr,HIA_Hou,scaffold,1,morgan_lr,chemberta_lr,0.909375,0.910625,0.0012499999999999734
same_classifier,lr,HIA_Hou,scaffold,2,morgan_lr,chemberta_lr,0.915,0.976875,0.06187500000000001
same_classifier,lr,HIA_Hou,scaffold,3,morgan_lr,chemberta_lr,0.94125,0.954375,0.013124999999999942
same_classifier,lr,HIA_Hou,scaffold,4,morgan_lr,chemberta_lr,0.90125,0.9475,0.04625000000000001
same_classifier,lr,PAMPA_NCATS,lowdata_100,0,rdkit_lr,chemberta_lr,0.6438242743035262,0.6247808299240211,-0.019043444379505114
same_classifier,lr,PAMPA_NCATS,lowdata_100,1,rdkit_lr,molformer_lr,0.6289207091369571,0.6710013637249173,0.042080654587960176
same_classifier,lr,PAMPA_NCATS,lowdata_100,2,rdkit_lr,molformer_lr,0.5610753945061367,0.5167543346970582,-0.04432105980907852
same_classifier,lr,PAMPA_NCATS,lowdata_100,3,rdkit_lr,chemberta_lr,0.6124098967465421,0.6200564971751413,0.007646600428599215
same_classifier,lr,PAMPA_NCATS,lowdata_100,4,rdkit_lr,chemberta_lr,0.6703438534969803,0.6305766608221314,-0.03976719267484896
same_classifier,lr,PAMPA_NCATS,lowdata_250,0,morgan_lr,chemberta_lr,0.6795246444574323,0.6209818819403857,-0.0585427625170466
same_classifier,lr,PAMPA_NCATS,lowdata_250,1,rdkit_lr,molformer_lr,0.6394408727839469,0.6103643093707384,-0.029076563413208523
same_classifier,lr,PAMPA_NCATS,lowdata_250,2,morgan_lr,chemberta_lr,0.6709039548022601,0.6251704656146503,-0.04573348918760978
same_classifier,lr,PAMPA_NCATS,lowdata_250,3,rdkit_lr,chemberta_lr,0.6897038768751218,0.5900545489966881,-0.09964932787843372
same_classifier,lr,PAMPA_NCATS,lowdata_250,4,rdkit_lr,molformer_lr,0.706385154880187,0.6305766608221313,-0.07580849405805579
same_classifier,lr,PAMPA_NCATS,lowdata_50,0,rdkit_lr,chemberta_lr,0.6792324176894603,0.632768361581921,-0.04646405610753934
same_classifier,lr,PAMPA_NCATS,lowdata_50,1,rdkit_lr,molformer_lr,0.6876095850379895,0.6124342489772063,-0.0751753360607832
same_classifier,lr,PAMPA_NCATS,lowdata_50,2,morgan_lr,molformer_lr,0.6208357685563998,0.6153808688875901,-0.005454899668809632
same_classifier,lr,PAMPA_NCATS,lowdata_50,3,rdkit_lr,chemberta_lr,0.5557666082213131,0.5617572569647379,0.005990648743424809
same_classifier,lr,PAMPA_NCATS,lowdata_50,4,rdkit_lr,chemberta_lr,0.6273865186051042,0.5885447106954997,-0.03884180790960445
same_classifier,lr,PAMPA_NCATS,lowdata_500,0,rdkit_lr,chemberta_lr,0.6967660237677772,0.659214884083382,-0.03755113968439516
same_classifier,lr,PAMPA_NCATS,lowdata_500,1,rdkit_lr,chemberta_lr,0.708455094486655,0.6628190142217028,-0.04563608026495225
same_classifier,lr,PAMPA_NCATS,lowdata_500,2,rdkit_lr,molformer_lr,0.6415351646210793,0.584063900253263,-0.057471264367816244
same_classifier,lr,PAMPA_NCATS,lowdata_500,3,rdkit_lr,chemberta_lr,0.7124975647769336,0.6155269822715762,-0.0969705825053574
same_classifier,lr,PAMPA_NCATS,lowdata_500,4,rdkit_lr,chemberta_lr,0.7195840639002531,0.6568283654782778,-0.06275569842197526
same_classifier,lr,PAMPA_NCATS,random,0,morgan_lr,chemberta_lr,0.715639002532632,0.7125949736995908,-0.0030440288330412235
same_classifier,lr,PAMPA_NCATS,random,1,morgan_lr,chemberta_lr,0.7194623027469316,0.6579972725501656,-0.06146503019676597
same_classifier,lr,PAMPA_NCATS,random,2,morgan_lr,chemberta_lr,0.6936002337814144,0.6396356906292616,-0.05396454315215282
same_classifier,lr,PAMPA_NCATS,random,3,rdkit_lr,molformer_lr,0.7272550165595169,0.6164523670368205,-0.11080264952269636
same_classifier,lr,PAMPA_NCATS,random,4,rdkit_lr,molformer_lr,0.7274741866354959,0.6741671537112799,-0.053307032924216013
same_classifier,lr,PAMPA_NCATS,scaffold,0,rdkit_lr,chemberta_lr,0.7144213909994156,0.6305279563608027,-0.08389343463861287
same_classifier,lr,PAMPA_NCATS,scaffold,1,rdkit_lr,molformer_lr,0.7245762711864407,0.6787453730761737,-0.04583089811026708
same_classifier,lr,PAMPA_NCATS,scaffold,2,rdkit_lr,chemberta_lr,0.6783070329242159,0.667348529125268,-0.010958503798947916
same_classifier,lr,PAMPA_NCATS,scaffold,3,rdkit_lr,chemberta_lr,0.655951685174362,0.6345704266510812,-0.021381258523280766
same_classifier,lr,PAMPA_NCATS,scaffold,4,rdkit_lr,chemberta_lr,0.7229446717319308,0.7238944087278394,0.0009497369959086122
same_classifier,rf,B3DB_Classification,lowdata_100,0,rdkit_rf,chemberta_rf,0.8247108597181025,0.8154388264238579,-0.009272033294244642
same_classifier,rf,B3DB_Classification,lowdata_100,1,rdkit_rf,chemberta_rf,0.789387459474374,0.7581424892506495,-0.031244970223724522
same_classifier,rf,B3DB_Classification,lowdata_100,2,rdkit_rf,chemberta_rf,0.8258691453404152,0.776026936607574,-0.049842208732841176
same_classifier,rf,B3DB_Classification,lowdata_100,3,rdkit_rf,chemberta_rf,0.8157377388425191,0.8042094916189556,-0.011528247223563493
same_classifier,rf,B3DB_Classification,lowdata_100,4,rdkit_rf,chemberta_rf,0.7969033823089834,0.7690024947690326,-0.02790088753995079
same_classifier,rf,B3DB_Classification,lowdata_250,0,rdkit_rf,chemberta_rf,0.83769630498264,0.8316188981628383,-0.006077406819801734
same_classifier,rf,B3DB_Classification,lowdata_250,1,rdkit_rf,chemberta_rf,0.8309520935365938,0.7950711066657471,-0.03588098687084673
same_classifier,rf,B3DB_Classification,lowdata_250,2,rdkit_rf,chemberta_rf,0.8529523349658551,0.8098255961003425,-0.04312673886551255
same_classifier,rf,B3DB_Classification,lowdata_250,3,rdkit_rf,chemberta_rf,0.8250068979788923,0.822936067232301,-0.0020708307465913123
same_classifier,rf,B3DB_Classification,lowdata_250,4,morgan_rf,chemberta_rf,0.8403563380929389,0.8098241590214067,-0.03053217907153216
same_classifier,rf,B3DB_Classification,lowdata_50,0,rdkit_rf,chemberta_rf,0.8136338552804029,0.8152577544779379,0.001623899197535028
same_classifier,rf,B3DB_Classification,lowdata_50,1,morgan_rf,chemberta_rf,0.7721540088753994,0.7530854084753168,-0.019068600400082625
same_classifier,rf,B3DB_Classification,lowdata_50,2,rdkit_rf,chemberta_rf,0.7982269320089213,0.7334922742636407,-0.06473465774528053
same_classifier,rf,B3DB_Classification,lowdata_50,3,rdkit_rf,chemberta_rf,0.8085192913476351,0.7638146398105355,-0.04470465153709957
same_classifier,rf,B3DB_Classification,lowdata_50,4,rdkit_rf,chemberta_rf,0.7734574394702353,0.7739259272033294,0.00046848773309415837
same_classifier,rf,B3DB_Classification,lowdata_500,0,morgan_rf,chemberta_rf,0.8755978248373227,0.8483723643972317,-0.027225460440091
same_classifier,rf,B3DB_Classification,lowdata_500,1,morgan_rf,chemberta_rf,0.8728573153066153,0.8478219631647927,-0.02503535214182251
same_classifier,rf,B3DB_Classification,lowdata_500,2,morgan_rf,chemberta_rf,0.8916859235244073,0.8465156584120852,-0.04517026511232214
same_classifier,rf,B3DB_Classification,lowdata_500,3,morgan_rf,chemberta_rf,0.8693134786507553,0.845968131337518,-0.02334534731323723
same_classifier,rf,B3DB_Classification,lowdata_500,4,morgan_rf,chemberta_rf,0.8477314271918327,0.8138594766733348,-0.033871950518497895
same_classifier,rf,B3DB_Classification,random,0,morgan_rf,chemberta_rf,0.9476084132349224,0.9185090018624544,-0.029099411372467965
same_classifier,rf,B3DB_Classification,random,1,morgan_rf,molformer_rf,0.9366276930859256,0.9111324756846244,-0.02549521740130123
same_classifier,rf,B3DB_Classification,random,2,morgan_rf,molformer_rf,0.9405063691338438,0.9112115150260972,-0.02929485410774657
same_classifier,rf,B3DB_Classification,random,3,morgan_rf,molformer_rf,0.9464185118760204,0.9200739808236188,-0.026344531052401643
same_classifier,rf,B3DB_Classification,random,4,morgan_rf,chemberta_rf,0.9374683842634108,0.8982174472879446,-0.03925093697546622
same_classifier,rf,B3DB_Classification,scaffold,0,morgan_rf,chemberta_rf,0.9001166709878142,0.8684585025782847,-0.03165816840952951
same_classifier,rf,B3DB_Classification,scaffold,1,morgan_rf,chemberta_rf,0.8756877826750785,0.8571198110218073,-0.018567971653271176
same_classifier,rf,B3DB_Classification,scaffold,2,morgan_rf,chemberta_rf,0.8499049347506697,0.8243525480367586,-0.025552386713911135
same_classifier,rf,B3DB_Classification,scaffold,3,morgan_rf,chemberta_rf,0.930830516658619,0.9012266905796602,-0.02960382607895884
same_classifier,rf,B3DB_Classification,scaffold,4,morgan_rf,chemberta_rf,0.9021263019935158,0.8756783012577315,-0.02644800073578435
same_classifier,rf,BBB_Martins,lowdata_100,0,rdkit_rf,chemberta_rf,0.8661648745519712,0.8130286738351253,-0.05313620071684588
same_classifier,rf,BBB_Martins,lowdata_100,1,rdkit_rf,chemberta_rf,0.865,0.8056093189964157,-0.059390681003584245
same_classifier,rf,BBB_Martins,lowdata_100,2,rdkit_rf,chemberta_rf,0.8452867383512545,0.8275448028673834,-0.01774193548387104
same_classifier,rf,BBB_Martins,lowdata_100,3,rdkit_rf,chemberta_rf,0.8587813620071683,0.8281003584229392,-0.030681003584229094
same_classifier,rf,BBB_Martins,lowdata_100,4,rdkit_rf,chemberta_rf,0.8431362007168459,0.8258602150537634,-0.017275985663082527
same_classifier,rf,BBB_Martins,lowdata_250,0,rdkit_rf,chemberta_rf,0.882383512544803,0.8795340501792115,-0.002849462365591471
same_classifier,rf,BBB_Martins,lowdata_250,1,morgan_rf,chemberta_rf,0.8720250896057348,0.8495161290322579,-0.022508960573476844
same_classifier,rf,BBB_Martins,lowdata_250,2,morgan_rf,chemberta_rf,0.8865770609318997,0.8593010752688173,-0.027275985663082425
same_classifier,rf,BBB_Martins,lowdata_250,3,morgan_rf,chemberta_rf,0.8466308243727598,0.8118279569892473,-0.03480286738351257
same_classifier,rf,BBB_Martins,lowdata_250,4,rdkit_rf,chemberta_rf,0.8565591397849462,0.8247849462365592,-0.031774193548387064
same_classifier,rf,BBB_Martins,lowdata_50,0,rdkit_rf,chemberta_rf,0.8355555555555555,0.7955017921146953,-0.0400537634408602
same_classifier,rf,BBB_Martins,lowdata_50,1,morgan_rf,chemberta_rf,0.76584229390681,0.7646594982078854,-0.0011827956989246546
same_classifier,rf,BBB_Martins,lowdata_50,2,rdkit_rf,chemberta_rf,0.8711827956989248,0.8177598566308244,-0.05342293906810036
same_classifier,rf,BBB_Martins,lowdata_50,3,rdkit_rf,chemberta_rf,0.807652329749104,0.8155734767025089,0.007921146953404956
same_classifier,rf,BBB_Martins,lowdata_50,4,rdkit_rf,chemberta_rf,0.7803225806451614,0.7904659498207884,0.010143369175627082
same_classifier,rf,BBB_Martins,lowdata_500,0,morgan_rf,chemberta_rf,0.9004301075268817,0.8839964157706094,-0.016433691756272295
same_classifier,rf,BBB_Martins,lowdata_500,1,morgan_rf,chemberta_rf,0.8981720430107527,0.8788172043010752,-0.01935483870967747
same_classifier,rf,BBB_Martins,lowdata_500,2,morgan_rf,chemberta_rf,0.9098745519713264,0.866111111111111,-0.04376344086021533
same_classifier,rf,BBB_Martins,lowdata_500,3,morgan_rf,chemberta_rf,0.925125448028674,0.8594086021505376,-0.06571684587813642
same_classifier,rf,BBB_Martins,lowdata_500,4,morgan_rf,chemberta_rf,0.8670788530465949,0.8482258064516128,-0.018853046594982104
same_classifier,rf,BBB_Martins,random,0,rdkit_rf,chemberta_rf,0.9143548387096776,0.9170071684587812,0.0026523297491035658
same_classifier,rf,BBB_Martins,random,1,morgan_rf,chemberta_rf,0.914390681003584,0.8863799283154122,-0.02801075268817177
same_classifier,rf,BBB_Martins,random,2,morgan_rf,chemberta_rf,0.9558064516129032,0.906505376344086,-0.04930107526881722
same_classifier,rf,BBB_Martins,random,3,morgan_rf,chemberta_rf,0.942043010752688,0.9061111111111112,-0.03593189964157684
same_classifier,rf,BBB_Martins,random,4,rdkit_rf,chemberta_rf,0.8959856630824373,0.8774193548387097,-0.018566308243727625
same_classifier,rf,BBB_Martins,scaffold,0,morgan_rf,chemberta_rf,0.92747311827957,0.8692114695340502,-0.05826164874551987
same_classifier,rf,BBB_Martins,scaffold,1,rdkit_rf,chemberta_rf,0.9006989247311827,0.8871863799283153,-0.013512544802867454
same_classifier,rf,BBB_Martins,scaffold,2,rdkit_rf,chemberta_rf,0.92252688172043,0.9240860215053764,0.0015591397849464839
same_classifier,rf,BBB_Martins,scaffold,3,morgan_rf,chemberta_rf,0.839247311827957,0.8139068100358423,-0.025340501792114667
same_classifier,rf,BBB_Martins,scaffold,4,morgan_rf,chemberta_rf,0.9292293906810036,0.8865232974910395,-0.0427060931899641
same_classifier,rf,Bioavailability_Ma,lowdata_100,0,rdkit_rf,chemberta_rf,0.6231292517006802,0.6391156462585035,0.015986394557823247
same_classifier,rf,Bioavailability_Ma,lowdata_100,1,rdkit_rf,chemberta_rf,0.641156462585034,0.6212585034013606,-0.01989795918367343
same_classifier,rf,Bioavailability_Ma,lowdata_100,2,morgan_rf,chemberta_rf,0.6906462585034014,0.6377551020408163,-0.05289115646258513
same_classifier,rf,Bioavailability_Ma,lowdata_100,3,rdkit_rf,chemberta_rf,0.5884353741496597,0.5702380952380952,-0.01819727891156453
same_classifier,rf,Bioavailability_Ma,lowdata_100,4,rdkit_rf,chemberta_rf,0.7000000000000001,0.6301020408163266,-0.06989795918367347
same_classifier,rf,Bioavailability_Ma,lowdata_250,0,morgan_rf,chemberta_rf,0.6814625850340136,0.6668367346938775,-0.014625850340136082
same_classifier,rf,Bioavailability_Ma,lowdata_250,1,morgan_rf,chemberta_rf,0.6964285714285715,0.65,-0.046428571428571486
same_classifier,rf,Bioavailability_Ma,lowdata_250,2,rdkit_rf,chemberta_rf,0.697108843537415,0.6717687074829932,-0.025340136054421758
same_classifier,rf,Bioavailability_Ma,lowdata_250,3,rdkit_rf,chemberta_rf,0.6319727891156461,0.6239795918367347,-0.007993197278911457
same_classifier,rf,Bioavailability_Ma,lowdata_250,4,morgan_rf,chemberta_rf,0.752891156462585,0.6972789115646258,-0.05561224489795913
same_classifier,rf,Bioavailability_Ma,lowdata_50,0,rdkit_rf,molformer_rf,0.6860544217687075,0.7423469387755103,0.05629251700680282
same_classifier,rf,Bioavailability_Ma,lowdata_50,1,rdkit_rf,chemberta_rf,0.7049319727891157,0.4909863945578231,-0.21394557823129257
same_classifier,rf,Bioavailability_Ma,lowdata_50,2,rdkit_rf,molformer_rf,0.5540816326530612,0.6799319727891158,0.12585034013605456
same_classifier,rf,Bioavailability_Ma,lowdata_50,3,morgan_rf,molformer_rf,0.6003401360544218,0.5472789115646257,-0.05306122448979611
same_classifier,rf,Bioavailability_Ma,lowdata_50,4,rdkit_rf,chemberta_rf,0.6365646258503401,0.6345238095238095,-0.0020408163265306367
same_classifier,rf,Bioavailability_Ma,lowdata_500,0,morgan_rf,molformer_rf,0.7358843537414965,0.6986394557823129,-0.03724489795918362
same_classifier,rf,Bioavailability_Ma,lowdata_500,1,rdkit_rf,chemberta_rf,0.7078231292517007,0.6789115646258503,-0.028911564625850317
same_classifier,rf,Bioavailability_Ma,lowdata_500,2,morgan_rf,chemberta_rf,0.738265306122449,0.6841836734693877,-0.05408163265306132
same_classifier,rf,Bioavailability_Ma,lowdata_500,3,morgan_rf,chemberta_rf,0.6931972789115647,0.6749999999999999,-0.01819727891156475
same_classifier,rf,Bioavailability_Ma,lowdata_500,4,morgan_rf,chemberta_rf,0.7564625850340135,0.7059523809523809,-0.05051020408163265
same_classifier,rf,Bioavailability_Ma,random,0,morgan_rf,molformer_rf,0.7365646258503402,0.7078231292517008,-0.02874149659863945
same_classifier,rf,Bioavailability_Ma,random,1,rdkit_rf,chemberta_rf,0.7246598639455784,0.7375850340136053,0.012925170068026959
same_classifier,rf,Bioavailability_Ma,random,2,morgan_rf,chemberta_rf,0.6955782312925171,0.654251700680272,-0.041326530612245005
same_classifier,rf,Bioavailability_Ma,random,3,morgan_rf,chemberta_rf,0.7731292517006803,0.7081632653061224,-0.06496598639455786
same_classifier,rf,Bioavailability_Ma,random,4,morgan_rf,chemberta_rf,0.7556122448979592,0.7287414965986395,-0.02687074829931968
same_classifier,rf,Bioavailability_Ma,scaffold,0,rdkit_rf,chemberta_rf,0.6361952861952862,0.5809764309764309,-0.05521885521885528
same_classifier,rf,Bioavailability_Ma,scaffold,1,morgan_rf,chemberta_rf,0.843097643097643,0.817003367003367,-0.02609427609427606
same_classifier,rf,Bioavailability_Ma,scaffold,2,rdkit_rf,chemberta_rf,0.7018518518518518,0.7087542087542087,0.006902356902356854
same_classifier,rf,Bioavailability_Ma,scaffold,3,rdkit_rf,molformer_rf,0.7388888888888889,0.7274410774410773,-0.011447811447811596
same_classifier,rf,Bioavailability_Ma,scaffold,4,morgan_rf,chemberta_rf,0.7154882154882155,0.7505050505050503,0.035016835016834835
same_classifier,rf,ChEMBL_CNS_CHEMBL217_D2_dopamine_receptor,lowdata_100,0,morgan_rf,chemberta_rf,0.7540540540540541,0.7657657657657658,0.011711711711711703
same_classifier,rf,ChEMBL_CNS_CHEMBL217_D2_dopamine_receptor,lowdata_100,1,morgan_rf,chemberta_rf,0.6509009009009009,0.6414414414414414,-0.009459459459459474
same_classifier,rf,ChEMBL_CNS_CHEMBL217_D2_dopamine_receptor,lowdata_100,2,morgan_rf,chemberta_rf,0.8022522522522523,0.7887387387387388,-0.013513513513513487
same_classifier,rf,ChEMBL_CNS_CHEMBL217_D2_dopamine_receptor,lowdata_100,3,morgan_rf,molformer_rf,0.740990990990991,0.7454954954954955,0.0045045045045045695
same_classifier,rf,ChEMBL_CNS_CHEMBL217_D2_dopamine_receptor,lowdata_100,4,morgan_rf,chemberta_rf,0.7905405405405405,0.6756756756756758,-0.11486486486486469
same_classifier,rf,ChEMBL_CNS_CHEMBL217_D2_dopamine_receptor,lowdata_250,0,morgan_rf,chemberta_rf,0.8522522522522523,0.7932432432432434,-0.05900900900900896
same_classifier,rf,ChEMBL_CNS_CHEMBL217_D2_dopamine_receptor,lowdata_250,1,morgan_rf,molformer_rf,0.7702702702702703,0.7351351351351352,-0.03513513513513511
same_classifier,rf,ChEMBL_CNS_CHEMBL217_D2_dopamine_receptor,lowdata_250,2,rdkit_rf,chemberta_rf,0.8819819819819821,0.8081081081081081,-0.07387387387387401
same_classifier,rf,ChEMBL_CNS_CHEMBL217_D2_dopamine_receptor,lowdata_250,3,morgan_rf,molformer_rf,0.8603603603603605,0.7441441441441442,-0.11621621621621625
same_classifier,rf,ChEMBL_CNS_CHEMBL217_D2_dopamine_receptor,lowdata_250,4,morgan_rf,chemberta_rf,0.8504504504504504,0.7423423423423423,-0.10810810810810811
same_classifier,rf,ChEMBL_CNS_CHEMBL217_D2_dopamine_receptor,lowdata_50,0,morgan_rf,chemberta_rf,0.7797297297297298,0.8153153153153154,0.035585585585585666
same_classifier,rf,ChEMBL_CNS_CHEMBL217_D2_dopamine_receptor,lowdata_50,1,rdkit_rf,chemberta_rf,0.7734234234234234,0.7153153153153153,-0.05810810810810807
same_classifier,rf,ChEMBL_CNS_CHEMBL217_D2_dopamine_receptor,lowdata_50,2,morgan_rf,chemberta_rf,0.7405405405405406,0.6581081081081082,-0.08243243243243248
same_classifier,rf,ChEMBL_CNS_CHEMBL217_D2_dopamine_receptor,lowdata_50,3,morgan_rf,chemberta_rf,0.6644144144144144,0.6067567567567568,-0.057657657657657624
same_classifier,rf,ChEMBL_CNS_CHEMBL217_D2_dopamine_receptor,lowdata_50,4,morgan_rf,chemberta_rf,0.754954954954955,0.695045045045045,-0.059909909909909964
same_classifier,rf,ChEMBL_CNS_CHEMBL217_D2_dopamine_receptor,random,0,morgan_rf,chemberta_rf,0.8536036036036037,0.7959459459459459,-0.057657657657657735
same_classifier,rf,ChEMBL_CNS_CHEMBL217_D2_dopamine_receptor,random,1,rdkit_rf,molformer_rf,0.7770270270270271,0.7157657657657658,-0.0612612612612613
same_classifier,rf,ChEMBL_CNS_CHEMBL217_D2_dopamine_receptor,random,2,morgan_rf,chemberta_rf,0.878828828828829,0.8315315315315316,-0.04729729729729737
same_classifier,rf,ChEMBL_CNS_CHEMBL217_D2_dopamine_receptor,random,3,morgan_rf,molformer_rf,0.8671171171171173,0.7689189189189188,-0.09819819819819842
same_classifier,rf,ChEMBL_CNS_CHEMBL217_D2_dopamine_receptor,random,4,morgan_rf,chemberta_rf,0.8675675675675675,0.7463963963963963,-0.12117117117117115
same_classifier,rf,ChEMBL_CNS_CHEMBL217_D2_dopamine_receptor,scaffold,0,morgan_rf,chemberta_rf,0.7693383038210625,0.739049394221808,-0.030288909599254454
same_classifier,rf,ChEMBL_CNS_CHEMBL217_D2_dopamine_receptor,scaffold,1,morgan_rf,chemberta_rf,0.7488350419384903,0.6225535880708295,-0.12628145386766076
same_classifier,rf,ChEMBL_CNS_CHEMBL217_D2_dopamine_receptor,scaffold,2,rdkit_rf,chemberta_rf,0.6295433364398881,0.8112767940354148,0.18173345759552662
same_classifier,rf,ChEMBL_CNS_CHEMBL217_D2_dopamine_receptor,scaffold,3,morgan_rf,chemberta_rf,0.776794035414725,0.6644920782851818,-0.11230195712954327
same_classifier,rf,ChEMBL_CNS_CHEMBL217_D2_dopamine_receptor,scaffold,4,morgan_rf,chemberta_rf,0.7264678471575023,0.7861136999068034,0.05964585274930101
same_classifier,rf,ChEMBL_CNS_CHEMBL228_Sodiumdependent_serotonin_transp,lowdata_100,0,morgan_rf,chemberta_rf,0.949122807017544,0.8842105263157894,-0.06491228070175459
same_classifier,rf,ChEMBL_CNS_CHEMBL228_Sodiumdependent_serotonin_transp,lowdata_100,1,morgan_rf,molformer_rf,0.8605263157894737,0.7140350877192982,-0.14649122807017545
same_classifier,rf,ChEMBL_CNS_CHEMBL228_Sodiumdependent_serotonin_transp,lowdata_100,2,morgan_rf,chemberta_rf,0.7912280701754386,0.7868421052631579,-0.004385964912280715
same_classifier,rf,ChEMBL_CNS_CHEMBL228_Sodiumdependent_serotonin_transp,lowdata_100,3,morgan_rf,molformer_rf,0.8482456140350877,0.7824561403508773,-0.0657894736842104
same_classifier,rf,ChEMBL_CNS_CHEMBL228_Sodiumdependent_serotonin_transp,lowdata_100,4,morgan_rf,chemberta_rf,0.856140350877193,0.8245614035087719,-0.03157894736842104
same_classifier,rf,ChEMBL_CNS_CHEMBL228_Sodiumdependent_serotonin_transp,lowdata_50,0,rdkit_rf,chemberta_rf,0.8815789473684211,0.7657894736842106,-0.11578947368421055
same_classifier,rf,ChEMBL_CNS_CHEMBL228_Sodiumdependent_serotonin_transp,lowdata_50,1,morgan_rf,chemberta_rf,0.8070175438596492,0.8043859649122808,-0.0026315789473684292
same_classifier,rf,ChEMBL_CNS_CHEMBL228_Sodiumdependent_serotonin_transp,lowdata_50,2,morgan_rf,chemberta_rf,0.7745614035087719,0.793859649122807,0.019298245614035148
same_classifier,rf,ChEMBL_CNS_CHEMBL228_Sodiumdependent_serotonin_transp,lowdata_50,3,morgan_rf,chemberta_rf,0.8359649122807018,0.7885964912280702,-0.047368421052631615
same_classifier,rf,ChEMBL_CNS_CHEMBL228_Sodiumdependent_serotonin_transp,lowdata_50,4,morgan_rf,chemberta_rf,0.8596491228070176,0.8701754385964912,0.010526315789473606
same_classifier,rf,ChEMBL_CNS_CHEMBL228_Sodiumdependent_serotonin_transp,random,0,morgan_rf,chemberta_rf,0.9333333333333332,0.925438596491228,-0.007894736842105288
same_classifier,rf,ChEMBL_CNS_CHEMBL228_Sodiumdependent_serotonin_transp,random,1,morgan_rf,molformer_rf,0.900877192982456,0.8464912280701755,-0.05438596491228054
same_classifier,rf,ChEMBL_CNS_CHEMBL228_Sodiumdependent_serotonin_transp,random,2,rdkit_rf,chemberta_rf,0.8666666666666667,0.8692982456140351,0.0026315789473684292
same_classifier,rf,ChEMBL_CNS_CHEMBL228_Sodiumdependent_serotonin_transp,random,3,morgan_rf,molformer_rf,0.8842105263157896,0.887719298245614,0.0035087719298244613
same_classifier,rf,ChEMBL_CNS_CHEMBL228_Sodiumdependent_serotonin_transp,random,4,rdkit_rf,molformer_rf,0.8842105263157894,0.8719298245614034,-0.012280701754386003
same_classifier,rf,ChEMBL_CNS_CHEMBL228_Sodiumdependent_serotonin_transp,scaffold,0,morgan_rf,chemberta_rf,0.8219298245614035,0.725438596491228,-0.09649122807017552
same_classifier,rf,ChEMBL_CNS_CHEMBL228_Sodiumdependent_serotonin_transp,scaffold,1,morgan_rf,chemberta_rf,0.8736842105263158,0.9649122807017544,0.09122807017543855
same_classifier,rf,ChEMBL_CNS_CHEMBL228_Sodiumdependent_serotonin_transp,scaffold,2,morgan_rf,chemberta_rf,0.8254385964912281,0.7850877192982456,-0.04035087719298247
same_classifier,rf,ChEMBL_CNS_CHEMBL228_Sodiumdependent_serotonin_transp,scaffold,3,rdkit_rf,chemberta_rf,0.9140350877192984,0.7324561403508771,-0.18157894736842128
same_classifier,rf,ChEMBL_CNS_CHEMBL228_Sodiumdependent_serotonin_transp,scaffold,4,morgan_rf,chemberta_rf,0.8605263157894737,0.774561403508772,-0.08596491228070169
same_classifier,rf,ChEMBL_CNS_CHEMBL233_Mutype_opioid_receptor,lowdata_100,0,morgan_rf,chemberta_rf,0.8658536585365855,0.8113143631436315,-0.05453929539295399
same_classifier,rf,ChEMBL_CNS_CHEMBL233_Mutype_opioid_receptor,lowdata_100,1,morgan_rf,chemberta_rf,0.899390243902439,0.8678861788617886,-0.0315040650406504
same_classifier,rf,ChEMBL_CNS_CHEMBL233_Mutype_opioid_receptor,lowdata_100,2,morgan_rf,chemberta_rf,0.896680216802168,0.8604336043360434,-0.036246612466124595
same_classifier,rf,ChEMBL_CNS_CHEMBL233_Mutype_opioid_receptor,lowdata_100,3,morgan_rf,chemberta_rf,0.8421409214092141,0.8028455284552845,-0.0392953929539297
same_classifier,rf,ChEMBL_CNS_CHEMBL233_Mutype_opioid_receptor,lowdata_100,4,morgan_rf,chemberta_rf,0.8902439024390243,0.8963414634146342,0.0060975609756098725
same_classifier,rf,ChEMBL_CNS_CHEMBL233_Mutype_opioid_receptor,lowdata_250,0,morgan_rf,chemberta_rf,0.8770325203252033,0.8638211382113821,-0.013211382113821224
same_classifier,rf,ChEMBL_CNS_CHEMBL233_Mutype_opioid_receptor,lowdata_250,1,morgan_rf,chemberta_rf,0.9193766937669378,0.8844850948509485,-0.03489159891598925
same_classifier,rf,ChEMBL_CNS_CHEMBL233_Mutype_opioid_receptor,lowdata_250,2,morgan_rf,chemberta_rf,0.92920054200542,0.9268292682926828,-0.002371273712737265
same_classifier,rf,ChEMBL_CNS_CHEMBL233_Mutype_opioid_receptor,lowdata_250,3,morgan_rf,chemberta_rf,0.8760162601626016,0.8296070460704608,-0.04640921409214083
same_classifier,rf,ChEMBL_CNS_CHEMBL233_Mutype_opioid_receptor,lowdata_250,4,morgan_rf,chemberta_rf,0.9081978319783198,0.8983739837398375,-0.009823848238482369
same_classifier,rf,ChEMBL_CNS_CHEMBL233_Mutype_opioid_receptor,lowdata_50,0,morgan_rf,chemberta_rf,0.7777777777777778,0.7571138211382115,-0.020663956639566328
same_classifier,rf,ChEMBL_CNS_CHEMBL233_Mutype_opioid_receptor,lowdata_50,1,morgan_rf,chemberta_rf,0.8621273712737129,0.8441734417344173,-0.017953929539295532
same_classifier,rf,ChEMBL_CNS_CHEMBL233_Mutype_opioid_receptor,lowdata_50,2,morgan_rf,chemberta_rf,0.8821138211382115,0.8770325203252032,-0.005081300813008283
same_classifier,rf,ChEMBL_CNS_CHEMBL233_Mutype_opioid_receptor,lowdata_50,3,morgan_rf,chemberta_rf,0.8191056910569107,0.8147018970189702,-0.004403794037940445
same_classifier,rf,ChEMBL_CNS_CHEMBL233_Mutype_opioid_receptor,lowdata_50,4,morgan_rf,chemberta_rf,0.8797425474254743,0.8736449864498645,-0.0060975609756097615
same_classifier,rf,ChEMBL_CNS_CHEMBL233_Mutype_opioid_receptor,random,0,rdkit_rf,chemberta_rf,0.8800813008130082,0.8648373983739838,-0.015243902439024404
same_classifier,rf,ChEMBL_CNS_CHEMBL233_Mutype_opioid_receptor,random,1,morgan_rf,chemberta_rf,0.919037940379404,0.8817750677506775,-0.03726287262872652
same_classifier,rf,ChEMBL_CNS_CHEMBL233_Mutype_opioid_receptor,random,2,morgan_rf,chemberta_rf,0.9315718157181572,0.9217479674796748,-0.009823848238482369
same_classifier,rf,ChEMBL_CNS_CHEMBL233_Mutype_opioid_receptor,random,3,morgan_rf,chemberta_rf,0.8638211382113822,0.8004742547425474,-0.06334688346883477
same_classifier,rf,ChEMBL_CNS_CHEMBL233_Mutype_opioid_receptor,random,4,morgan_rf,chemberta_rf,0.9041327913279134,0.9109078590785908,0.006775067750677488
same_classifier,rf,ChEMBL_CNS_CHEMBL233_Mutype_opioid_receptor,scaffold,0,morgan_rf,chemberta_rf,0.8973577235772359,0.8194444444444444,-0.07791327913279145
same_classifier,rf,ChEMBL_CNS_CHEMBL233_Mutype_opioid_receptor,scaffold,1,morgan_rf,chemberta_rf,0.8988134475939354,0.8365194462755438,-0.06229400131839169
same_classifier,rf,ChEMBL_CNS_CHEMBL233_Mutype_opioid_receptor,scaffold,2,morgan_rf,chemberta_rf,0.9546070460704608,0.9596883468834688,0.005081300813008061
same_classifier,rf,ChEMBL_CNS_CHEMBL233_Mutype_opioid_receptor,scaffold,3,rdkit_rf,chemberta_rf,0.8035230352303524,0.7672764227642276,-0.03624661246612482
same_classifier,rf,ChEMBL_CNS_CHEMBL233_Mutype_opioid_receptor,scaffold,4,morgan_rf,chemberta_rf,0.9447831978319784,0.8987127371273713,-0.046070460704607075
same_classifier,rf,HIA_Hou,lowdata_100,0,morgan_rf,chemberta_rf,0.921875,0.89375,-0.028124999999999956
same_classifier,rf,HIA_Hou,lowdata_100,1,rdkit_rf,chemberta_rf,0.946875,0.8843749999999999,-0.06250000000000011
same_classifier,rf,HIA_Hou,lowdata_100,2,rdkit_rf,chemberta_rf,0.8315625,0.7465625,-0.08499999999999996
same_classifier,rf,HIA_Hou,lowdata_100,3,rdkit_rf,chemberta_rf,0.8240625,0.8740625,0.04999999999999993
same_classifier,rf,HIA_Hou,lowdata_100,4,morgan_rf,chemberta_rf,0.8528125,0.8140625,-0.03874999999999995
same_classifier,rf,HIA_Hou,lowdata_250,0,morgan_rf,chemberta_rf,0.9390625,0.91625,-0.022812500000000013
same_classifier,rf,HIA_Hou,lowdata_250,1,rdkit_rf,chemberta_rf,0.890625,0.9503125,0.059687500000000004
same_classifier,rf,HIA_Hou,lowdata_250,2,rdkit_rf,chemberta_rf,0.885625,0.8150000000000001,-0.07062499999999994
same_classifier,rf,HIA_Hou,lowdata_250,3,rdkit_rf,chemberta_rf,0.91,0.918125,0.008124999999999938
same_classifier,rf,HIA_Hou,lowdata_250,4,rdkit_rf,chemberta_rf,0.8453125,0.860625,0.015312499999999951
same_classifier,rf,HIA_Hou,lowdata_50,0,rdkit_rf,chemberta_rf,0.8756249999999999,0.8709375,-0.004687499999999845
same_classifier,rf,HIA_Hou,lowdata_50,1,rdkit_rf,chemberta_rf,0.8674999999999999,0.9340625,0.06656250000000008
same_classifier,rf,HIA_Hou,lowdata_50,2,rdkit_rf,chemberta_rf,0.7987500000000001,0.7731250000000001,-0.02562500000000001
same_classifier,rf,HIA_Hou,lowdata_50,3,rdkit_rf,molformer_rf,0.793125,0.8428125,0.049687499999999996
same_classifier,rf,HIA_Hou,lowdata_50,4,rdkit_rf,molformer_rf,0.8731249999999999,0.7843749999999999,-0.08875
same_classifier,rf,HIA_Hou,random,0,morgan_rf,chemberta_rf,0.9809375,0.9396875,-0.04125000000000001
same_classifier,rf,HIA_Hou,random,1,rdkit_rf,chemberta_rf,0.95,0.964375,0.014375000000000027
same_classifier,rf,HIA_Hou,random,2,rdkit_rf,chemberta_rf,0.885,0.843125,-0.041874999999999996
same_classifier,rf,HIA_Hou,random,3,rdkit_rf,chemberta_rf,0.8971874999999999,0.9334375,0.036250000000000115
same_classifier,rf,HIA_Hou,random,4,morgan_rf,chemberta_rf,0.9584375,0.903125,-0.0553125000000001
same_classifier,rf,HIA_Hou,scaffold,0,rdkit_rf,chemberta_rf,0.911875,0.8259375,-0.0859375
same_classifier,rf,HIA_Hou,scaffold,1,rdkit_rf,chemberta_rf,0.923125,0.8828125,-0.04031249999999997
same_classifier,rf,HIA_Hou,scaffold,2,morgan_rf,chemberta_rf,0.929375,0.95375,0.024375000000000036
same_classifier,rf,HIA_Hou,scaffold,3,morgan_rf,chemberta_rf,0.9740625,0.9140625,-0.06000000000000005
same_classifier,rf,HIA_Hou,scaffold,4,morgan_rf,chemberta_rf,0.9240625,0.9125,-0.011562500000000031
same_classifier,rf,PAMPA_NCATS,lowdata_100,0,morgan_rf,molformer_rf,0.663500876680304,0.623076173777518,-0.04042470290278599
same_classifier,rf,PAMPA_NCATS,lowdata_100,1,rdkit_rf,molformer_rf,0.6801334502240407,0.6400740307812196,-0.0400594194428211
same_classifier,rf,PAMPA_NCATS,lowdata_100,2,morgan_rf,molformer_rf,0.5673826222481979,0.5559127216052991,-0.011469900642898767
same_classifier,rf,PAMPA_NCATS,lowdata_100,3,rdkit_rf,chemberta_rf,0.6840298071303331,0.6475988700564972,-0.036430937073835934
same_classifier,rf,PAMPA_NCATS,lowdata_100,4,rdkit_rf,molformer_rf,0.6855883498928502,0.6001120202610559,-0.0854763296317943
same_classifier,rf,PAMPA_NCATS,lowdata_250,0,rdkit_rf,chemberta_rf,0.7456653029417495,0.663062536528346,-0.08260276641340347
same_classifier,rf,PAMPA_NCATS,lowdata_250,1,rdkit_rf,chemberta_rf,0.6662526787453731,0.6296512760568869,-0.03660140268848622
same_classifier,rf,PAMPA_NCATS,lowdata_250,2,morgan_rf,chemberta_rf,0.6870494837327099,0.6200564971751412,-0.06699298655756869
same_classifier,rf,PAMPA_NCATS,lowdata_250,3,rdkit_rf,chemberta_rf,0.6779661016949152,0.6115332164426261,-0.06643288525228908
same_classifier,rf,PAMPA_NCATS,lowdata_250,4,rdkit_rf,chemberta_rf,0.7009059029807131,0.6445061367621274,-0.05639976621858567
same_classifier,rf,PAMPA_NCATS,lowdata_50,0,rdkit_rf,molformer_rf,0.6903370348723943,0.6279222676797195,-0.0624147671926748
same_classifier,rf,PAMPA_NCATS,lowdata_50,1,rdkit_rf,molformer_rf,0.7143483343074226,0.6254870446132866,-0.08886128969413598
same_classifier,rf,PAMPA_NCATS,lowdata_50,2,morgan_rf,molformer_rf,0.574128190142217,0.6362020261055913,0.062073835963374235
same_classifier,rf,PAMPA_NCATS,lowdata_50,3,rdkit_rf,molformer_rf,0.6194720436391974,0.6104373660627314,-0.009034677576466033
same_classifier,rf,PAMPA_NCATS,lowdata_50,4,rdkit_rf,molformer_rf,0.6206896551724138,0.5909312293006039,-0.02975842587180988
same_classifier,rf,PAMPA_NCATS,lowdata_500,0,rdkit_rf,chemberta_rf,0.7503896356906292,0.6674946425092538,-0.08289499318137539
same_classifier,rf,PAMPA_NCATS,lowdata_500,1,rdkit_rf,chemberta_rf,0.7065799727255017,0.6654247029027859,-0.04115526982271578
same_classifier,rf,PAMPA_NCATS,lowdata_500,2,rdkit_rf,molformer_rf,0.6659117475160725,0.6212254042470291,-0.044686343269043416
same_classifier,rf,PAMPA_NCATS,lowdata_500,3,rdkit_rf,chemberta_rf,0.7425238651860511,0.6606760179232418,-0.08184784726280925
same_classifier,rf,PAMPA_NCATS,lowdata_500,4,rdkit_rf,molformer_rf,0.776519579193454,0.6601402688486265,-0.11637931034482751
same_classifier,rf,PAMPA_NCATS,random,0,rdkit_rf,chemberta_rf,0.8042811221507891,0.7664864601597506,-0.037794661991038425
same_classifier,rf,PAMPA_NCATS,random,1,rdkit_rf,chemberta_rf,0.7309809078511591,0.6756769920124683,-0.055303915838690765
same_classifier,rf,PAMPA_NCATS,random,2,morgan_rf,chemberta_rf,0.751339372686538,0.6762614455484123,-0.07507792713812578
same_classifier,rf,PAMPA_NCATS,random,3,rdkit_rf,chemberta_rf,0.7958796025715955,0.6782096240015584,-0.11766997857003714
same_classifier,rf,PAMPA_NCATS,random,4,rdkit_rf,chemberta_rf,0.7339518799922072,0.7295928307032924,-0.00435904928891484
same_classifier,rf,PAMPA_NCATS,scaffold,0,rdkit_rf,chemberta_rf,0.6927722579388272,0.6931375413987921,0.00036528345996489353
same_classifier,rf,PAMPA_NCATS,scaffold,1,morgan_rf,chemberta_rf,0.7195353594389247,0.7437414767192675,0.02420611728034283
same_classifier,rf,PAMPA_NCATS,scaffold,2,rdkit_rf,chemberta_rf,0.7079193454120397,0.7085037989479837,0.0005844535359439407
same_classifier,rf,PAMPA_NCATS,scaffold,3,rdkit_rf,chemberta_rf,0.6457968049873368,0.6374196376388077,-0.008377167348529113
same_classifier,rf,PAMPA_NCATS,scaffold,4,morgan_rf,chemberta_rf,0.7351938437560881,0.7286187414767192,-0.006575102279368861
same_classifier,xgb,B3DB_Classification,lowdata_100,0,rdkit_xgb,chemberta_xgb,0.8217030535053229,0.8079645788783886,-0.013738474626934338
same_classifier,xgb,B3DB_Classification,lowdata_100,1,rdkit_xgb,chemberta_xgb,0.7667333471292911,0.7721999954013474,0.00546664827205634
same_classifier,xgb,B3DB_Classification,lowdata_100,2,rdkit_xgb,chemberta_xgb,0.7949618886666207,0.7797302890253155,-0.01523159964130516
same_classifier,xgb,B3DB_Classification,lowdata_100,3,rdkit_xgb,chemberta_xgb,0.8064225931801983,0.7782745280632775,-0.028148065116920806
same_classifier,xgb,B3DB_Classification,lowdata_100,4,rdkit_xgb,chemberta_xgb,0.7726914763974155,0.7675208663861489,-0.005170610011266619
same_classifier,xgb,B3DB_Classification,lowdata_250,0,rdkit_xgb,chemberta_xgb,0.8272588006714031,0.8303873215147962,0.003128520843393101
same_classifier,xgb,B3DB_Classification,lowdata_250,1,rdkit_xgb,chemberta_xgb,0.8110442390379621,0.7857803913453358,-0.02526384769262624
same_classifier,xgb,B3DB_Classification,lowdata_250,2,rdkit_xgb,chemberta_xgb,0.840040180727047,0.8118331953737555,-0.02820698535329147
same_classifier,xgb,B3DB_Classification,lowdata_250,3,rdkit_xgb,chemberta_xgb,0.8170699110160723,0.8226242211032166,0.005554310087144354
same_classifier,xgb,B3DB_Classification,lowdata_250,4,rdkit_xgb,chemberta_xgb,0.824660561955347,0.8144012554321585,-0.010259306523188516
same_classifier,xgb,B3DB_Classification,lowdata_50,0,rdkit_xgb,chemberta_xgb,0.8025640362373825,0.7857703317927847,-0.016793704444597823
same_classifier,xgb,B3DB_Classification,lowdata_50,1,rdkit_xgb,chemberta_xgb,0.7045538157319906,0.7206232323929089,0.016069416660918323
same_classifier,xgb,B3DB_Classification,lowdata_50,2,rdkit_xgb,chemberta_xgb,0.7757783219516681,0.7138114782368766,-0.06196684371479144
same_classifier,xgb,B3DB_Classification,lowdata_50,3,rdkit_xgb,chemberta_xgb,0.7942534087512358,0.7414982410153824,-0.052755167735853425
same_classifier,xgb,B3DB_Classification,lowdata_50,4,rdkit_xgb,chemberta_xgb,0.7595824423443931,0.748913568324481,-0.010668874019912122
same_classifier,xgb,B3DB_Classification,lowdata_500,0,morgan_xgb,chemberta_xgb,0.8686610448138695,0.8505811547216665,-0.01807989009220301
same_classifier,xgb,B3DB_Classification,lowdata_500,1,rdkit_xgb,chemberta_xgb,0.8487474419994941,0.8553436343151457,0.006596192315651561
same_classifier,xgb,B3DB_Classification,lowdata_500,2,morgan_xgb,chemberta_xgb,0.8657035363638454,0.8556770366282679,-0.010026499735577565
same_classifier,xgb,B3DB_Classification,lowdata_500,3,rdkit_xgb,chemberta_xgb,0.8549944241337287,0.8485721183693177,-0.0064223057644110515
same_classifier,xgb,B3DB_Classification,lowdata_500,4,morgan_xgb,chemberta_xgb,0.827151019751213,0.819248522682854,-0.007902497068358993
same_classifier,xgb,B3DB_Classification,random,0,morgan_xgb,chemberta_xgb,0.9166178059828471,0.9066933388517164,-0.00992446713113071
same_classifier,xgb,B3DB_Classification,random,1,morgan_xgb,chemberta_xgb,0.9058052240693476,0.8965791773010507,-0.009226046768296858
same_classifier,xgb,B3DB_Classification,random,2,morgan_xgb,chemberta_xgb,0.9080039548412316,0.8949581522613873,-0.013045802579844334
same_classifier,xgb,B3DB_Classification,random,3,rdkit_xgb,chemberta_xgb,0.9005354556115057,0.900700719689131,0.00016526407762529338
same_classifier,xgb,B3DB_Classification,random,4,morgan_xgb,chemberta_xgb,0.9013315973419788,0.8946592398427261,-0.006672357499252657
same_classifier,xgb,B3DB_Classification,scaffold,0,morgan_xgb,chemberta_xgb,0.8721458819462449,0.8620142309797483,-0.010131650966496597
same_classifier,xgb,B3DB_Classification,scaffold,1,rdkit_xgb,chemberta_xgb,0.837915190274537,0.8551061561950855,0.017190965920548473
same_classifier,xgb,B3DB_Classification,scaffold,2,rdkit_xgb,chemberta_xgb,0.8314075418431135,0.8271051191196382,-0.004302422723475252
same_classifier,xgb,B3DB_Classification,scaffold,3,morgan_xgb,chemberta_xgb,0.9045405946057806,0.8966740245108182,-0.007866570094962388
same_classifier,xgb,B3DB_Classification,scaffold,4,rdkit_xgb,chemberta_xgb,0.867565990664735,0.8782564208686856,0.010690430203950552
same_classifier,xgb,BBB_Martins,lowdata_100,0,rdkit_xgb,chemberta_xgb,0.8522939068100359,0.8025806451612904,-0.049713261648745566
same_classifier,xgb,BBB_Martins,lowdata_100,1,rdkit_xgb,chemberta_xgb,0.8390501792114695,0.8255913978494623,-0.013458781362007177
same_classifier,xgb,BBB_Martins,lowdata_100,2,rdkit_xgb,chemberta_xgb,0.8516666666666667,0.8250179211469534,-0.0266487455197133
same_classifier,xgb,BBB_Martins,lowdata_100,3,rdkit_xgb,chemberta_xgb,0.837258064516129,0.8325448028673835,-0.004713261648745526
same_classifier,xgb,BBB_Martins,lowdata_100,4,rdkit_xgb,chemberta_xgb,0.811505376344086,0.7992473118279569,-0.012258064516129097
same_classifier,xgb,BBB_Martins,lowdata_250,0,morgan_xgb,chemberta_xgb,0.8789964157706094,0.8816487455197132,0.002652329749103788
same_classifier,xgb,BBB_Martins,lowdata_250,1,morgan_xgb,chemberta_xgb,0.8455197132616488,0.8506810035842294,0.005161290322580614
same_classifier,xgb,BBB_Martins,lowdata_250,2,morgan_xgb,chemberta_xgb,0.877437275985663,0.8482078853046595,-0.029229390681003498
same_classifier,xgb,BBB_Martins,lowdata_250,3,morgan_xgb,chemberta_xgb,0.8294086021505377,0.8176344086021505,-0.011774193548387157
same_classifier,xgb,BBB_Martins,lowdata_250,4,rdkit_xgb,chemberta_xgb,0.8503763440860215,0.7970250896057348,-0.05335125448028666
same_classifier,xgb,BBB_Martins,lowdata_50,0,rdkit_xgb,chemberta_xgb,0.8174193548387095,0.807741935483871,-0.009677419354838568
same_classifier,xgb,BBB_Martins,lowdata_50,1,rdkit_xgb,chemberta_xgb,0.7398924731182794,0.753046594982079,0.013154121863799606
same_classifier,xgb,BBB_Martins,lowdata_50,2,rdkit_xgb,chemberta_xgb,0.8608243727598566,0.749068100358423,-0.1117562724014336
same_classifier,xgb,BBB_Martins,lowdata_50,3,rdkit_xgb,chemberta_xgb,0.8067741935483871,0.8083870967741936,0.001612903225806539
same_classifier,xgb,BBB_Martins,lowdata_50,4,rdkit_xgb,chemberta_xgb,0.7744444444444444,0.779426523297491,0.004982078853046579
same_classifier,xgb,BBB_Martins,lowdata_500,0,morgan_xgb,chemberta_xgb,0.8921863799283154,0.8829390681003584,-0.009247311827957017
same_classifier,xgb,BBB_Martins,lowdata_500,1,morgan_xgb,chemberta_xgb,0.8865591397849463,0.8756989247311829,-0.010860215053763334
same_classifier,xgb,BBB_Martins,lowdata_500,2,rdkit_xgb,chemberta_xgb,0.8994444444444444,0.8862365591397849,-0.013207885304659439
same_classifier,xgb,BBB_Martins,lowdata_500,3,morgan_xgb,chemberta_xgb,0.9090501792114696,0.8640501792114695,-0.04500000000000004
same_classifier,xgb,BBB_Martins,lowdata_500,4,morgan_xgb,chemberta_xgb,0.8629211469534049,0.8370609318996416,-0.025860215053763347
same_classifier,xgb,BBB_Martins,random,0,rdkit_xgb,chemberta_xgb,0.906021505376344,0.91247311827957,0.006451612903226045
same_classifier,xgb,BBB_Martins,random,1,morgan_xgb,chemberta_xgb,0.9065232974910394,0.8791397849462365,-0.02738351254480298
same_classifier,xgb,BBB_Martins,random,2,morgan_xgb,chemberta_xgb,0.935179211469534,0.9035842293906812,-0.03159498207885281
same_classifier,xgb,BBB_Martins,random,3,morgan_xgb,chemberta_xgb,0.9353225806451612,0.9079569892473118,-0.02736559139784933
same_classifier,xgb,BBB_Martins,random,4,morgan_xgb,chemberta_xgb,0.9003405017921148,0.889820788530466,-0.0105197132616488
same_classifier,xgb,BBB_Martins,scaffold,0,morgan_xgb,chemberta_xgb,0.9045519713261648,0.886810035842294,-0.01774193548387082
same_classifier,xgb,BBB_Martins,scaffold,1,rdkit_xgb,chemberta_xgb,0.892383512544803,0.879605734767025,-0.012777777777777999
same_classifier,xgb,BBB_Martins,scaffold,2,rdkit_xgb,chemberta_xgb,0.9157168458781364,0.9244444444444444,0.008727598566308004
same_classifier,xgb,BBB_Martins,scaffold,3,morgan_xgb,chemberta_xgb,0.825483870967742,0.8165591397849463,-0.008924731182795687
same_classifier,xgb,BBB_Martins,scaffold,4,morgan_xgb,chemberta_xgb,0.9262903225806453,0.8835842293906809,-0.04270609318996432
same_classifier,xgb,Bioavailability_Ma,lowdata_100,0,rdkit_xgb,chemberta_xgb,0.6438775510204081,0.6346938775510204,-0.009183673469387754
same_classifier,xgb,Bioavailability_Ma,lowdata_100,1,morgan_xgb,chemberta_xgb,0.6486394557823129,0.6629251700680272,0.014285714285714346
same_classifier,xgb,Bioavailability_Ma,lowdata_100,2,morgan_xgb,molformer_xgb,0.6697278911564625,0.6704081632653061,0.0006802721088435826
same_classifier,xgb,Bioavailability_Ma,lowdata_100,3,rdkit_xgb,chemberta_xgb,0.5363945578231293,0.6683673469387755,0.13197278911564625
same_classifier,xgb,Bioavailability_Ma,lowdata_100,4,rdkit_xgb,chemberta_xgb,0.630952380952381,0.6370748299319727,0.006122448979591688
same_classifier,xgb,Bioavailability_Ma,lowdata_250,0,morgan_xgb,chemberta_xgb,0.6564625850340137,0.6714285714285715,0.014965986394557818
same_classifier,xgb,Bioavailability_Ma,lowdata_250,1,rdkit_xgb,chemberta_xgb,0.6707482993197279,0.6717687074829931,0.0010204081632652073
same_classifier,xgb,Bioavailability_Ma,lowdata_250,2,rdkit_xgb,chemberta_xgb,0.6785714285714286,0.7231292517006802,0.044557823129251606
same_classifier,xgb,Bioavailability_Ma,lowdata_250,3,rdkit_xgb,chemberta_xgb,0.580952380952381,0.6421768707482993,0.061224489795918324
same_classifier,xgb,Bioavailability_Ma,lowdata_250,4,morgan_xgb,chemberta_xgb,0.7340136054421769,0.7095238095238096,-0.024489795918367308
same_classifier,xgb,Bioavailability_Ma,lowdata_50,0,rdkit_xgb,molformer_xgb,0.6806122448979591,0.7363945578231292,0.05578231292517011
same_classifier,xgb,Bioavailability_Ma,lowdata_50,1,rdkit_xgb,chemberta_xgb,0.6761904761904761,0.4506802721088435,-0.22551020408163264
same_classifier,xgb,Bioavailability_Ma,lowdata_50,2,rdkit_xgb,molformer_xgb,0.5666666666666667,0.6965986394557823,0.1299319727891156
same_classifier,xgb,Bioavailability_Ma,lowdata_50,3,morgan_xgb,molformer_xgb,0.5659863945578232,0.5156462585034014,-0.05034013605442178
same_classifier,xgb,Bioavailability_Ma,lowdata_50,4,morgan_xgb,chemberta_xgb,0.6153061224489796,0.6357142857142857,0.020408163265306034
same_classifier,xgb,Bioavailability_Ma,lowdata_500,0,morgan_xgb,chemberta_xgb,0.7071428571428572,0.6863945578231293,-0.02074829931972788
same_classifier,xgb,Bioavailability_Ma,lowdata_500,1,rdkit_xgb,chemberta_xgb,0.7098639455782313,0.6993197278911565,-0.010544217687074808
same_classifier,xgb,Bioavailability_Ma,lowdata_500,2,morgan_xgb,chemberta_xgb,0.7020408163265306,0.704421768707483,0.0023809523809523725
same_classifier,xgb,Bioavailability_Ma,lowdata_500,3,morgan_xgb,chemberta_xgb,0.677891156462585,0.70578231292517,0.027891156462585
same_classifier,xgb,Bioavailability_Ma,lowdata_500,4,morgan_xgb,chemberta_xgb,0.7350340136054422,0.7176870748299319,-0.0173469387755103
same_classifier,xgb,Bioavailability_Ma,random,0,morgan_xgb,molformer_xgb,0.7183673469387757,0.689795918367347,-0.028571428571428692
same_classifier,xgb,Bioavailability_Ma,random,1,rdkit_xgb,chemberta_xgb,0.7003401360544218,0.6843537414965987,-0.015986394557823136
same_classifier,xgb,Bioavailability_Ma,random,2,morgan_xgb,chemberta_xgb,0.6945578231292517,0.7030612244897959,0.008503401360544172
same_classifier,xgb,Bioavailability_Ma,random,3,morgan_xgb,chemberta_xgb,0.7027210884353742,0.7187074829931973,0.015986394557823136
same_classifier,xgb,Bioavailability_Ma,random,4,morgan_xgb,chemberta_xgb,0.751360544217687,0.7319727891156463,-0.019387755102040716
same_classifier,xgb,Bioavailability_Ma,scaffold,0,rdkit_xgb,chemberta_xgb,0.6531986531986532,0.5801346801346802,-0.07306397306397305
same_classifier,xgb,Bioavailability_Ma,scaffold,1,morgan_xgb,chemberta_xgb,0.8309764309764309,0.7400673400673401,-0.09090909090909083
same_classifier,xgb,Bioavailability_Ma,scaffold,2,morgan_xgb,chemberta_xgb,0.6397306397306397,0.6646464646464647,0.024915824915825002
same_classifier,xgb,Bioavailability_Ma,scaffold,3,rdkit_xgb,molformer_xgb,0.7124579124579125,0.6925925925925925,-0.01986531986531992
same_classifier,xgb,Bioavailability_Ma,scaffold,4,rdkit_xgb,chemberta_xgb,0.6569023569023569,0.7468013468013469,0.08989898989899003
same_classifier,xgb,ChEMBL_CNS_CHEMBL217_D2_dopamine_receptor,lowdata_100,0,morgan_xgb,chemberta_xgb,0.7135135135135136,0.673873873873874,-0.03963963963963957
same_classifier,xgb,ChEMBL_CNS_CHEMBL217_D2_dopamine_receptor,lowdata_100,1,morgan_xgb,chemberta_xgb,0.6198198198198199,0.6315315315315316,0.011711711711711703
same_classifier,xgb,ChEMBL_CNS_CHEMBL217_D2_dopamine_receptor,lowdata_100,2,morgan_xgb,chemberta_xgb,0.7135135135135136,0.7738738738738739,0.0603603603603603
same_classifier,xgb,ChEMBL_CNS_CHEMBL217_D2_dopamine_receptor,lowdata_100,3,morgan_xgb,molformer_xgb,0.7157657657657658,0.6954954954954955,-0.020270270270270285
same_classifier,xgb,ChEMBL_CNS_CHEMBL217_D2_dopamine_receptor,lowdata_100,4,morgan_xgb,chemberta_xgb,0.7554054054054054,0.6378378378378378,-0.11756756756756759
same_classifier,xgb,ChEMBL_CNS_CHEMBL217_D2_dopamine_receptor,lowdata_250,0,morgan_xgb,chemberta_xgb,0.8567567567567568,0.7432432432432433,-0.11351351351351346
same_classifier,xgb,ChEMBL_CNS_CHEMBL217_D2_dopamine_receptor,lowdata_250,1,rdkit_xgb,chemberta_xgb,0.773873873873874,0.7108108108108109,-0.06306306306306309
same_classifier,xgb,ChEMBL_CNS_CHEMBL217_D2_dopamine_receptor,lowdata_250,2,rdkit_xgb,chemberta_xgb,0.8306306306306307,0.7630630630630632,-0.06756756756756754
same_classifier,xgb,ChEMBL_CNS_CHEMBL217_D2_dopamine_receptor,lowdata_250,3,morgan_xgb,molformer_xgb,0.8423423423423424,0.7414414414414415,-0.10090090090090087
same_classifier,xgb,ChEMBL_CNS_CHEMBL217_D2_dopamine_receptor,lowdata_250,4,morgan_xgb,chemberta_xgb,0.8621621621621622,0.7351351351351352,-0.12702702702702706
same_classifier,xgb,ChEMBL_CNS_CHEMBL217_D2_dopamine_receptor,lowdata_50,0,rdkit_xgb,chemberta_xgb,0.7441441441441441,0.7873873873873874,0.04324324324324336
same_classifier,xgb,ChEMBL_CNS_CHEMBL217_D2_dopamine_receptor,lowdata_50,1,rdkit_xgb,chemberta_xgb,0.7342342342342343,0.7072072072072073,-0.027027027027026973
same_classifier,xgb,ChEMBL_CNS_CHEMBL217_D2_dopamine_receptor,lowdata_50,2,morgan_xgb,chemberta_xgb,0.6441441441441442,0.6693693693693693,0.02522522522522508
same_classifier,xgb,ChEMBL_CNS_CHEMBL217_D2_dopamine_receptor,lowdata_50,3,rdkit_xgb,chemberta_xgb,0.5837837837837838,0.5954954954954955,0.011711711711711703
same_classifier,xgb,ChEMBL_CNS_CHEMBL217_D2_dopamine_receptor,lowdata_50,4,morgan_xgb,molformer_xgb,0.7315315315315316,0.6729729729729731,-0.058558558558558516
same_classifier,xgb,ChEMBL_CNS_CHEMBL217_D2_dopamine_receptor,random,0,morgan_xgb,chemberta_xgb,0.8675675675675676,0.7693693693693694,-0.0981981981981982
same_classifier,xgb,ChEMBL_CNS_CHEMBL217_D2_dopamine_receptor,random,1,rdkit_xgb,chemberta_xgb,0.8072072072072072,0.7063063063063063,-0.10090090090090087
same_classifier,xgb,ChEMBL_CNS_CHEMBL217_D2_dopamine_receptor,random,2,morgan_xgb,chemberta_xgb,0.8315315315315316,0.781981981981982,-0.0495495495495496
same_classifier,xgb,ChEMBL_CNS_CHEMBL217_D2_dopamine_receptor,random,3,morgan_xgb,molformer_xgb,0.8432432432432433,0.7450450450450451,-0.0981981981981982
same_classifier,xgb,ChEMBL_CNS_CHEMBL217_D2_dopamine_receptor,random,4,morgan_xgb,chemberta_xgb,0.8648648648648649,0.7360360360360361,-0.12882882882882885
same_classifier,xgb,ChEMBL_CNS_CHEMBL217_D2_dopamine_receptor,scaffold,0,morgan_xgb,chemberta_xgb,0.7041006523765144,0.712022367194781,0.007921714818266534
same_classifier,xgb,ChEMBL_CNS_CHEMBL217_D2_dopamine_receptor,scaffold,1,morgan_xgb,chemberta_xgb,0.7730661696178938,0.6616961789375583,-0.11136999068033548
same_classifier,xgb,ChEMBL_CNS_CHEMBL217_D2_dopamine_receptor,scaffold,2,morgan_xgb,chemberta_xgb,0.4473438956197577,0.7194780987884435,0.2721342031686858
same_classifier,xgb,ChEMBL_CNS_CHEMBL217_D2_dopamine_receptor,scaffold,3,morgan_xgb,chemberta_xgb,0.6985088536812675,0.6896551724137931,-0.008853681267474323
same_classifier,xgb,ChEMBL_CNS_CHEMBL217_D2_dopamine_receptor,scaffold,4,morgan_xgb,molformer_xgb,0.7078285181733458,0.7241379310344828,0.016309412861136963
same_classifier,xgb,ChEMBL_CNS_CHEMBL228_Sodiumdependent_serotonin_transp,lowdata_100,0,morgan_xgb,chemberta_xgb,0.9192982456140352,0.8754385964912281,-0.04385964912280704
same_classifier,xgb,ChEMBL_CNS_CHEMBL228_Sodiumdependent_serotonin_transp,lowdata_100,1,morgan_xgb,chemberta_xgb,0.8789473684210527,0.7192982456140351,-0.1596491228070176
same_classifier,xgb,ChEMBL_CNS_CHEMBL228_Sodiumdependent_serotonin_transp,lowdata_100,2,morgan_xgb,chemberta_xgb,0.7631578947368421,0.8157894736842105,0.05263157894736836
same_classifier,xgb,ChEMBL_CNS_CHEMBL228_Sodiumdependent_serotonin_transp,lowdata_100,3,morgan_xgb,molformer_xgb,0.8254385964912281,0.7087719298245614,-0.1166666666666667
same_classifier,xgb,ChEMBL_CNS_CHEMBL228_Sodiumdependent_serotonin_transp,lowdata_100,4,morgan_xgb,chemberta_xgb,0.8842105263157894,0.8350877192982457,-0.04912280701754379
same_classifier,xgb,ChEMBL_CNS_CHEMBL228_Sodiumdependent_serotonin_transp,lowdata_50,0,morgan_xgb,chemberta_xgb,0.8789473684210527,0.6894736842105262,-0.18947368421052646
same_classifier,xgb,ChEMBL_CNS_CHEMBL228_Sodiumdependent_serotonin_transp,lowdata_50,1,morgan_xgb,chemberta_xgb,0.8333333333333334,0.8315789473684211,-0.0017543859649122862
same_classifier,xgb,ChEMBL_CNS_CHEMBL228_Sodiumdependent_serotonin_transp,lowdata_50,2,morgan_xgb,chemberta_xgb,0.7938596491228069,0.8017543859649122,0.007894736842105288
same_classifier,xgb,ChEMBL_CNS_CHEMBL228_Sodiumdependent_serotonin_transp,lowdata_50,3,morgan_xgb,chemberta_xgb,0.8140350877192982,0.7649122807017543,-0.0491228070175439
same_classifier,xgb,ChEMBL_CNS_CHEMBL228_Sodiumdependent_serotonin_transp,lowdata_50,4,morgan_xgb,chemberta_xgb,0.8157894736842105,0.8298245614035088,0.01403508771929829
same_classifier,xgb,ChEMBL_CNS_CHEMBL228_Sodiumdependent_serotonin_transp,random,0,morgan_xgb,chemberta_xgb,0.9175438596491228,0.9140350877192982,-0.0035087719298245723
same_classifier,xgb,ChEMBL_CNS_CHEMBL228_Sodiumdependent_serotonin_transp,random,1,morgan_xgb,chemberta_xgb,0.9157894736842104,0.8175438596491229,-0.09824561403508747
same_classifier,xgb,ChEMBL_CNS_CHEMBL228_Sodiumdependent_serotonin_transp,random,2,morgan_xgb,chemberta_xgb,0.8728070175438596,0.8929824561403509,0.02017543859649129
same_classifier,xgb,ChEMBL_CNS_CHEMBL228_Sodiumdependent_serotonin_transp,random,3,rdkit_xgb,molformer_xgb,0.8666666666666667,0.9052631578947368,0.03859649122807007
same_classifier,xgb,ChEMBL_CNS_CHEMBL228_Sodiumdependent_serotonin_transp,random,4,morgan_xgb,chemberta_xgb,0.8842105263157896,0.8649122807017544,-0.019298245614035148
same_classifier,xgb,ChEMBL_CNS_CHEMBL228_Sodiumdependent_serotonin_transp,scaffold,0,morgan_xgb,chemberta_xgb,0.8385964912280702,0.7947368421052632,-0.04385964912280704
same_classifier,xgb,ChEMBL_CNS_CHEMBL228_Sodiumdependent_serotonin_transp,scaffold,1,morgan_xgb,chemberta_xgb,0.9315789473684212,0.9456140350877194,0.014035087719298178
same_classifier,xgb,ChEMBL_CNS_CHEMBL228_Sodiumdependent_serotonin_transp,scaffold,2,morgan_xgb,chemberta_xgb,0.7789473684210526,0.8192982456140351,0.04035087719298247
same_classifier,xgb,ChEMBL_CNS_CHEMBL228_Sodiumdependent_serotonin_transp,scaffold,3,rdkit_xgb,chemberta_xgb,0.8614035087719298,0.8052631578947369,-0.056140350877192935
same_classifier,xgb,ChEMBL_CNS_CHEMBL228_Sodiumdependent_serotonin_transp,scaffold,4,morgan_xgb,chemberta_xgb,0.8543859649122807,0.7701754385964913,-0.0842105263157894
same_classifier,xgb,ChEMBL_CNS_CHEMBL233_Mutype_opioid_receptor,lowdata_100,0,morgan_xgb,chemberta_xgb,0.8631436314363143,0.8130081300813008,-0.050135501355013545
same_classifier,xgb,ChEMBL_CNS_CHEMBL233_Mutype_opioid_receptor,lowdata_100,1,morgan_xgb,chemberta_xgb,0.8844850948509485,0.8692411924119242,-0.015243902439024293
same_classifier,xgb,ChEMBL_CNS_CHEMBL233_Mutype_opioid_receptor,lowdata_100,2,morgan_xgb,chemberta_xgb,0.924119241192412,0.8868563685636857,-0.037262872628726296
same_classifier,xgb,ChEMBL_CNS_CHEMBL233_Mutype_opioid_receptor,lowdata_100,3,morgan_xgb,chemberta_xgb,0.8174119241192412,0.8123306233062331,-0.005081300813008172
same_classifier,xgb,ChEMBL_CNS_CHEMBL233_Mutype_opioid_receptor,lowdata_100,4,morgan_xgb,chemberta_xgb,0.8895663956639566,0.8970189701897019,0.007452574525745326
same_classifier,xgb,ChEMBL_CNS_CHEMBL233_Mutype_opioid_receptor,lowdata_250,0,morgan_xgb,chemberta_xgb,0.90210027100271,0.8736449864498645,-0.028455284552845406
same_classifier,xgb,ChEMBL_CNS_CHEMBL233_Mutype_opioid_receptor,lowdata_250,1,morgan_xgb,chemberta_xgb,0.9231029810298104,0.896341463414634,-0.02676151761517631
same_classifier,xgb,ChEMBL_CNS_CHEMBL233_Mutype_opioid_receptor,lowdata_250,2,morgan_xgb,chemberta_xgb,0.9579945799457996,0.9139566395663956,-0.044037940379404006
same_classifier,xgb,ChEMBL_CNS_CHEMBL233_Mutype_opioid_receptor,lowdata_250,3,morgan_xgb,chemberta_xgb,0.8567073170731706,0.8401084010840109,-0.016598915989159746
same_classifier,xgb,ChEMBL_CNS_CHEMBL233_Mutype_opioid_receptor,lowdata_250,4,morgan_xgb,chemberta_xgb,0.9065040650406504,0.9051490514905148,-0.0013550135501355642
same_classifier,xgb,ChEMBL_CNS_CHEMBL233_Mutype_opioid_receptor,lowdata_50,0,morgan_xgb,chemberta_xgb,0.8018292682926831,0.7811653116531165,-0.02066395663956655
same_classifier,xgb,ChEMBL_CNS_CHEMBL233_Mutype_opioid_receptor,lowdata_50,1,morgan_xgb,chemberta_xgb,0.8838075880758807,0.8455284552845529,-0.038279132791327775
same_classifier,xgb,ChEMBL_CNS_CHEMBL233_Mutype_opioid_receptor,lowdata_50,2,morgan_xgb,chemberta_xgb,0.8970189701897019,0.8685636856368564,-0.028455284552845517
same_classifier,xgb,ChEMBL_CNS_CHEMBL233_Mutype_opioid_receptor,lowdata_50,3,morgan_xgb,chemberta_xgb,0.7964092140921409,0.7994579945799457,0.0030487804878047697
same_classifier,xgb,ChEMBL_CNS_CHEMBL233_Mutype_opioid_receptor,lowdata_50,4,morgan_xgb,chemberta_xgb,0.8617886178861788,0.8224932249322494,-0.039295392953929364
same_classifier,xgb,ChEMBL_CNS_CHEMBL233_Mutype_opioid_receptor,random,0,morgan_xgb,chemberta_xgb,0.9088753387533876,0.8760162601626017,-0.03285907859078585
same_classifier,xgb,ChEMBL_CNS_CHEMBL233_Mutype_opioid_receptor,random,1,morgan_xgb,chemberta_xgb,0.934620596205962,0.8909214092140921,-0.04369918699186992
same_classifier,xgb,ChEMBL_CNS_CHEMBL233_Mutype_opioid_receptor,random,2,morgan_xgb,chemberta_xgb,0.967479674796748,0.9146341463414634,-0.05284552845528456
same_classifier,xgb,ChEMBL_CNS_CHEMBL233_Mutype_opioid_receptor,random,3,rdkit_xgb,chemberta_xgb,0.8472222222222222,0.8170731707317074,-0.030149051490514833
same_classifier,xgb,ChEMBL_CNS_CHEMBL233_Mutype_opioid_receptor,random,4,rdkit_xgb,chemberta_xgb,0.9224254742547424,0.9085365853658536,-0.01388888888888884
same_classifier,xgb,ChEMBL_CNS_CHEMBL233_Mutype_opioid_receptor,scaffold,0,morgan_xgb,chemberta_xgb,0.9031165311653117,0.8252032520325204,-0.07791327913279122
same_classifier,xgb,ChEMBL_CNS_CHEMBL233_Mutype_opioid_receptor,scaffold,1,morgan_xgb,chemberta_xgb,0.8770599868160844,0.8648648648648648,-0.012195121951219634
same_classifier,xgb,ChEMBL_CNS_CHEMBL233_Mutype_opioid_receptor,scaffold,2,morgan_xgb,chemberta_xgb,0.9356368563685636,0.967479674796748,0.03184281842818437
same_classifier,xgb,ChEMBL_CNS_CHEMBL233_Mutype_opioid_receptor,scaffold,3,rdkit_xgb,chemberta_xgb,0.7865853658536586,0.7564363143631437,-0.030149051490514833
same_classifier,xgb,ChEMBL_CNS_CHEMBL233_Mutype_opioid_receptor,scaffold,4,morgan_xgb,chemberta_xgb,0.940040650406504,0.907859078590786,-0.03218157181571801
same_classifier,xgb,HIA_Hou,lowdata_100,0,morgan_xgb,molformer_xgb,0.8787499999999999,0.839375,-0.03937499999999994
same_classifier,xgb,HIA_Hou,lowdata_100,1,rdkit_xgb,chemberta_xgb,0.899375,0.869375,-0.030000000000000027
same_classifier,xgb,HIA_Hou,lowdata_100,2,rdkit_xgb,chemberta_xgb,0.8818750000000001,0.7693749999999999,-0.11250000000000016
same_classifier,xgb,HIA_Hou,lowdata_100,3,rdkit_xgb,chemberta_xgb,0.803125,0.844375,0.04125000000000001
same_classifier,xgb,HIA_Hou,lowdata_100,4,rdkit_xgb,chemberta_xgb,0.8265625,0.83125,0.004687500000000067
same_classifier,xgb,HIA_Hou,lowdata_250,0,rdkit_xgb,chemberta_xgb,0.888125,0.956875,0.06874999999999998
same_classifier,xgb,HIA_Hou,lowdata_250,1,rdkit_xgb,chemberta_xgb,0.88375,0.920625,0.03687499999999999
same_classifier,xgb,HIA_Hou,lowdata_250,2,rdkit_xgb,chemberta_xgb,0.875625,0.835,-0.04062500000000002
same_classifier,xgb,HIA_Hou,lowdata_250,3,rdkit_xgb,chemberta_xgb,0.87875,0.921875,0.04312499999999997
same_classifier,xgb,HIA_Hou,lowdata_250,4,rdkit_xgb,molformer_xgb,0.8474999999999999,0.85375,0.006250000000000089
same_classifier,xgb,HIA_Hou,lowdata_50,0,rdkit_xgb,chemberta_xgb,0.836875,0.8675,0.030625000000000013
same_classifier,xgb,HIA_Hou,lowdata_50,1,rdkit_xgb,chemberta_xgb,0.8409375,0.87875,0.03781250000000003
same_classifier,xgb,HIA_Hou,lowdata_50,2,rdkit_xgb,molformer_xgb,0.7868750000000001,0.74875,-0.038125000000000075
same_classifier,xgb,HIA_Hou,lowdata_50,3,rdkit_xgb,molformer_xgb,0.834375,0.815,-0.01937500000000003
same_classifier,xgb,HIA_Hou,lowdata_50,4,rdkit_xgb,molformer_xgb,0.8274999999999999,0.795625,-0.031874999999999876
same_classifier,xgb,HIA_Hou,random,0,morgan_xgb,chemberta_xgb,0.93,0.956875,0.026874999999999982
same_classifier,xgb,HIA_Hou,random,1,morgan_xgb,chemberta_xgb,0.943125,0.96875,0.02562500000000001
same_classifier,xgb,HIA_Hou,random,2,morgan_xgb,chemberta_xgb,0.909375,0.885625,-0.02375000000000005
same_classifier,xgb,HIA_Hou,random,3,morgan_xgb,chemberta_xgb,0.893125,0.955,0.06187500000000001
same_classifier,xgb,HIA_Hou,random,4,morgan_xgb,chemberta_xgb,0.938125,0.945,0.0068749999999999645
same_classifier,xgb,HIA_Hou,scaffold,0,morgan_xgb,chemberta_xgb,0.924375,0.838125,-0.08624999999999994
same_classifier,xgb,HIA_Hou,scaffold,1,rdkit_xgb,molformer_xgb,0.9325,0.908125,-0.024375000000000036
same_classifier,xgb,HIA_Hou,scaffold,2,rdkit_xgb,chemberta_xgb,0.9475,0.970625,0.02312499999999995
same_classifier,xgb,HIA_Hou,scaffold,3,morgan_xgb,chemberta_xgb,0.9575,0.95,-0.007500000000000062
same_classifier,xgb,HIA_Hou,scaffold,4,rdkit_xgb,chemberta_xgb,0.873125,0.913125,0.039999999999999925
same_classifier,xgb,PAMPA_NCATS,lowdata_100,0,rdkit_xgb,molformer_xgb,0.6338398597311514,0.6484024936684202,0.014562633937268754
same_classifier,xgb,PAMPA_NCATS,lowdata_100,1,rdkit_xgb,molformer_xgb,0.693941165010715,0.6813997662185857,-0.012541398792129343
same_classifier,xgb,PAMPA_NCATS,lowdata_100,2,morgan_xgb,molformer_xgb,0.5750535749074615,0.5495324371712449,-0.02552113773621656
same_classifier,xgb,PAMPA_NCATS,lowdata_100,3,rdkit_xgb,molformer_xgb,0.7019774011299436,0.6340833820377946,-0.06789401909214898
same_classifier,xgb,PAMPA_NCATS,lowdata_100,4,rdkit_xgb,molformer_xgb,0.6993717124488603,0.6133352815117865,-0.0860364309370738
same_classifier,xgb,PAMPA_NCATS,lowdata_250,0,rdkit_xgb,chemberta_xgb,0.7528248587570622,0.6525910773426845,-0.10023378141437767
same_classifier,xgb,PAMPA_NCATS,lowdata_250,1,morgan_xgb,molformer_xgb,0.6465030196766024,0.6448714202220923,-0.0016315994545100798
same_classifier,xgb,PAMPA_NCATS,lowdata_250,2,morgan_xgb,chemberta_xgb,0.6518118059614261,0.5969705825053575,-0.054841223456068566
same_classifier,xgb,PAMPA_NCATS,lowdata_250,3,rdkit_xgb,chemberta_xgb,0.7120592246249757,0.6048120007792714,-0.10724722384570429
same_classifier,xgb,PAMPA_NCATS,lowdata_250,4,rdkit_xgb,molformer_xgb,0.7067747905708164,0.6131891681278006,-0.09358562244301583
same_classifier,xgb,PAMPA_NCATS,lowdata_50,0,rdkit_xgb,chemberta_xgb,0.6808153126826418,0.6707091369569452,-0.010106175725696609
same_classifier,xgb,PAMPA_NCATS,lowdata_50,1,rdkit_xgb,molformer_xgb,0.7128628482368985,0.6486703682057275,-0.06419248003117095
same_classifier,xgb,PAMPA_NCATS,lowdata_50,2,morgan_xgb,molformer_xgb,0.5691359828560296,0.6369569452561855,0.06782096240015589
same_classifier,xgb,PAMPA_NCATS,lowdata_50,3,morgan_xgb,molformer_xgb,0.5817017338788233,0.6337911552698227,0.05208942139099937
same_classifier,xgb,PAMPA_NCATS,lowdata_50,4,rdkit_xgb,chemberta_xgb,0.6377849210987726,0.6190824079485681,-0.018702513150204547
same_classifier,xgb,PAMPA_NCATS,lowdata_500,0,rdkit_xgb,chemberta_xgb,0.766949152542373,0.6513734658094681,-0.11557568673290486
same_classifier,xgb,PAMPA_NCATS,lowdata_500,1,rdkit_xgb,chemberta_xgb,0.7066773816481589,0.7000292226767971,-0.006648158971361728
same_classifier,xgb,PAMPA_NCATS,lowdata_500,2,rdkit_xgb,molformer_xgb,0.6674946425092538,0.6274352230664328,-0.04005941944282099
same_classifier,xgb,PAMPA_NCATS,lowdata_500,3,rdkit_xgb,chemberta_xgb,0.7163939216832261,0.6604324956165986,-0.05596142606662757
same_classifier,xgb,PAMPA_NCATS,lowdata_500,4,rdkit_xgb,chemberta_xgb,0.7579875316578999,0.7006136762127411,-0.05737385544515883
same_classifier,xgb,PAMPA_NCATS,random,0,rdkit_xgb,chemberta_xgb,0.7536528345996494,0.7533849600623418,-0.0002678745373075886
same_classifier,xgb,PAMPA_NCATS,random,1,morgan_xgb,chemberta_xgb,0.7442528735632183,0.6853204753555425,-0.05893239820767582
same_classifier,xgb,PAMPA_NCATS,random,2,morgan_xgb,chemberta_xgb,0.7290570816286772,0.6712448860315605,-0.0578121955971167
same_classifier,xgb,PAMPA_NCATS,random,3,rdkit_xgb,chemberta_xgb,0.7770796804987337,0.6920903954802261,-0.08498928501850755
same_classifier,xgb,PAMPA_NCATS,random,4,rdkit_xgb,chemberta_xgb,0.769627897915449,0.7195110072082602,-0.05011689070718883
same_classifier,xgb,PAMPA_NCATS,scaffold,0,rdkit_xgb,chemberta_xgb,0.7193648938242744,0.7049970777323202,-0.014367816091954144
same_classifier,xgb,PAMPA_NCATS,scaffold,1,rdkit_xgb,chemberta_xgb,0.7369715565945841,0.7675823105396454,0.030610753945061298
same_classifier,xgb,PAMPA_NCATS,scaffold,2,rdkit_xgb,chemberta_xgb,0.7521917007597897,0.7406487434248977,-0.011542957334891968
same_classifier,xgb,PAMPA_NCATS,scaffold,3,rdkit_xgb,chemberta_xgb,0.6710987726475746,0.6598480420806545,-0.011250730566920053
same_classifier,xgb,PAMPA_NCATS,scaffold,4,rdkit_xgb,chemberta_xgb,0.7392363140463666,0.765390609779856,0.026154295733489374
